SLUS_013.95	0x800133A0	func_800133A0	21	e673b567276b58771fbae0c9b3d0c742b47fd5ae	src/main/2824.c	func_800127FC	1	include_asm
SLUS_013.95	0x8001344C	func_8001344C	13	0fdab583946845e9a91435b6d934bb9e8c259a24	src/main/2824.c	func_800128B8	1	include_asm
SLUS_013.95	0x80013480	func_80013480	9	ea1f214c77bc4fad2052fd471d6885c8b8e35753	src/main/2824.c	func_800128EC	1	include_asm
SLUS_013.95	0x800134A4	func_800134A4	9	56ff4cada450e44042327418b428d152cc8fb956	src/main/2824.c	func_80012910	1	include_asm
SLUS_013.95	0x800134C8	func_800134C8	2	7678540574197b420f17571673856a74783eb9d5	src/main/10CA4.c	func_800204A4	93	c-empty
SLUS_013.95	0x800134D0	func_800134D0	2	7678540574197b420f17571673856a74783eb9d5	src/main/10CA4.c	func_800204A4	93	c-empty
SLUS_013.95	0x800144AC	func_800144AC	12	c2513bd7e1852802651ddc68459646835dcdaa89	src/main/323C.c	func_80012E80	1	c
SLUS_013.95	0x80014D50	func_80014D50	68	630fc0e04ff1806dba13a6e76bd73e843a8eb558	src/main/3D88.c	func_800136B0	1	include_asm
SLUS_013.95	0x80015DA0	func_80015DA0	72	587b9efb8c1930488b22e28a419a8cecd0501cd6	src/main/3D88.c	func_80014968	1	include_asm
SLUS_013.95	0x8001651C	func_8001651C	11	335b896b31029c032bfc448561435c989856abc5	src/main/3D88.c	func_80014780	1	c
SLUS_013.95	0x80016570	func_80016570	13	8a71d5c6c9060474afafceb9803fa8e0d10b73a1	src/main/3D88.c	func_8001385C	1	c
SLUS_013.95	0x8001668C	func_8001668C	28	6ba38c1ddd23ca9f9444fb6eb70762d5581a427e	src/main/3D88.c	func_80014140	1	include_asm
SLUS_013.95	0x800166FC	func_800166FC	2	7678540574197b420f17571673856a74783eb9d5	src/main/10CA4.c	func_800204A4	93	c-empty
SLUS_013.95	0x800174D4	func_800174D4	14	3313a3f0820f977553da6af33ed382146e40b9ab	src/main/55C4.c	func_800153D4	1	include_asm
SLUS_013.95	0x80017A04	func_80017A04	17	310d4b63263cf8c344fb2a314856c80da24dd788	src/main/55C4.c	animate_object	1	include_asm
SLUS_013.95	0x80017A48	func_80017A48	16	fd1585f502928bb2138c6bfdef113c105a2d4bc1	src/main/55C4.c	clear_vram_rect_ptrs	1	include_asm
SLUS_013.95	0x80017A88	func_80017A88	31	d1adcd118b38b2be7e2b1deaa4e279b8f60def4f	src/main/55C4.c	load_vram_rect_ptrs	1	include_asm
SLUS_013.95	0x80017E24	func_80017E24	18	8cc804b315e59d87c380e492d1ffb9e6adbde20d	src/main/55C4.c	func_800160AC	1	include_asm
SLUS_013.95	0x80017E6C	func_80017E6C	11	5ddca01a774deaea811dc4b5a44fdb68c133a84b	src/main/55C4.c	func_800160F4	1	c
SLUS_013.95	0x800184C8	func_800184C8	11	12e9fa06cccbeec334832043fb186ad6735af703	src/main/55C4.c	func_800163BC	1	c
SLUS_013.95	0x800184F4	func_800184F4	12	65b2d7edf4189f9ae66389b00776f8d1cddb7c37	src/main/55C4.c	func_800163EC	1	include_asm
SLUS_013.95	0x800187A0	func_800187A0	31	e843572eeb2c0816700eae703815bc85e3944ae1	src/main/55C4.c	func_80016448	1	include_asm
SLUS_013.95	0x8001881C	func_8001881C	7	820bb3fce3674abacfd3ee892ded96b60ecf034f	src/main/55C4.c	func_80016B38	1	c
SLUS_013.95	0x80018838	func_80018838	33	be2334e25b5ed43a68bc47e1ee7c17622e976f83	src/main/55C4.c	func_80016B58	1	c
SLUS_013.95	0x800188BC	func_800188BC	35	9b1ccf84889bf196f0bd5ed8b6bd74b3487de33f	src/main/55C4.c	func_80016BDC	1	c
SLUS_013.95	0x80018948	func_80018948	39	0413c3e2b02e41b70020d9b4a0b6e90663f8b2c1	src/main/55C4.c	func_80016C5C	1	c
SLUS_013.95	0x80018A90	func_80018A90	32	510c067163332180116819187fc57792f4736ac1	src/main/55C4.c	func_80016DAC	1	c
SLUS_013.95	0x80018B10	func_80018B10	20	9d96c627863e30d83d5c45e251020d41aebeb9a6	src/main/55C4.c	func_80016E34	1	c
SLUS_013.95	0x80018B60	func_80018B60	32	adc4ba01bdcdbac9081a9037c13a18eec4b4d9c7	src/main/55C4.c	func_80016E84	1	include_asm
SLUS_013.95	0x8001B428	func_8001B428	62	f2a2862257fa3c4efafe8caeb57d62ae200a1515	src/main/55C4.c	func_80019100	1	include_asm
SLUS_013.95	0x8001B5FC	func_8001B5FC	53	9577b76e93658b247c3f5d0ca1d9f0ff1872b6ba	src/main/55C4.c	func_800192F8	1	include_asm
SLUS_013.95	0x8001B6D0	func_8001B6D0	45	fae0caed23115ec75fe7ba2a244617f3a32f0ea6	src/main/55C4.c	func_80018AD0	1	include_asm
SLUS_013.95	0x8001B784	func_8001B784	9	e997ebfce7dc8a7b719ce71f78bc195774a27ecd	src/main/55C4.c	func_80018EEC	1	include_asm
SLUS_013.95	0x8001B900	func_8001B900	3	379568001121d67192b561489fbcf0e0086b0eb3	src/main/55C4.c	func_800190F0	1	c
SLUS_013.95	0x8001B90C	func_8001B90C	30	a04009960ead66d24aa12c1e1e0c2ba60fbf4e29	src/main/55C4.c	func_80018FD0	1	include_asm
SLUS_013.95	0x8001BA04	func_8001BA04	6	daff192e809d49cc5a956b84b08be08ce75a1fae	src/main/55C4.c	func_80019208	1	c
SLUS_013.95	0x8001C024	func_8001C024	98	6711439e569258c8d8ede732f3f6edd3b6750a8b	src/main/memcard.c	InitMemcards	1	c
SLUS_013.95	0x8001C6C0	func_8001C6C0	22	e642975dc52eeee1a90094836f1649600f17092d	src/main/memcard.c	func_8001CE84	1	include_asm
SLUS_013.95	0x8001C824	func_8001C824	40	a1a1bb6682a36eaea83e0a195090966b6e6276ea	src/main/memcard.c	func_8001CEDC	1	include_asm
SLUS_013.95	0x8001CA0C	func_8001CA0C	22	4a5e224bb33024c14c1b2183f5e0c53afa6b0977	src/main/memcard.c	func_8001C854	1	c
SLUS_013.95	0x8001CA64	func_8001CA64	18	d98108358c87739299bcf433cb1562a0da6c5c21	src/main/memcard.c	func_8001C8AC	1	c
SLUS_013.95	0x8001D218	func_8001D218	17	6643b2ef34c8b78bc932869244f3f51116746f53	src/main/game_info.c	func_8001D134	1	include_asm
SLUS_013.95	0x8001D25C	func_8001D25C	17	d2d81381e1602f80ff6caa69dedbfa4b3227bc41	src/main/game_info.c	func_8001DC30	1	c
SLUS_013.95	0x8001D2A0	func_8001D2A0	11	4b9ed7c277972a76810f03cc283919cd9dc24c04	src/main/game_info.c	func_8001D178	1	c
SLUS_013.95	0x8001D414	func_8001D414	4	3f08970677ba6d4e3aed3d41910169bc83eda6b3	src/main/game_info.c	func_8001D284	1	c
SLUS_013.95	0x8001D424	func_8001D424	15	ebe13a98ceb1a4fd8eb2440c0dcdbe2807ca9fc9	src/main/102FC.c	engine_state_6	2	c
SLUS_013.95	0x8001D760	func_8001D760	19	57aab085cb3ced03bc3015816dc3b2c0e7cff690	src/main/game_info.c	func_8001D57C	1	include_asm
SLUS_013.95	0x8001D8A0	func_8001D8A0	19	370ee8910a364824a92ffb9eef4b5d40be3c7a8a	src/main/game_info.c	func_8001D64C	1	include_asm
SLUS_013.95	0x8001D8EC	func_8001D8EC	17	08f62733c4aa9c94aba60c3f23b4904a7bc2198d	src/main/game_info.c	func_8001D698	1	include_asm
SLUS_013.95	0x8001D930	func_8001D930	39	07619b425e9d0d9232c02a703d4996bcf84055a2	src/main/game_info.c	func_8001D6DC	1	include_asm
SLUS_013.95	0x8001D9CC	func_8001D9CC	21	ffde10626a32f1d66176a682150de1412c4c33e3	src/main/11184.c	func_80020AC8	4	include_asm
SLUS_013.95	0x8001DBD8	func_8001DBD8	11	e6a37606d0a4e34a88b804cf4de592b651863e80	src/main/E47C.c	func_8001E690	2	c
SLUS_013.95	0x8001DDB0	func_8001DDB0	12	c2ab98e7bd5eefc7e3a68fb56f39dd61a974fe1c	src/main/game_info.c	func_8001DA70	2	c
SLUS_013.95	0x8001DDE0	func_8001DDE0	12	c2ab98e7bd5eefc7e3a68fb56f39dd61a974fe1c	src/main/game_info.c	func_8001DA70	2	c
SLUS_013.95	0x8001DF5C	func_8001DF5C	21	0bffad427ba74aa44d467ec286c79881a4aa293d	src/main/E47C.c	func_8001E638	1	include_asm
SLUS_013.95	0x8001DFB0	func_8001DFB0	11	e6a37606d0a4e34a88b804cf4de592b651863e80	src/main/E47C.c	func_8001E690	2	c
SLUS_013.95	0x8001DFDC	func_8001DFDC	18	3affa1eca32f203a7f325ce12e471d50e0a11f03	src/main/E47C.c	func_8001E6BC	2	include_asm
SLUS_013.95	0x8001E908	func_8001E908	3	2423fb679faf49e3251fb08f83f86150306166ea	src/main/102FC.c	engine_state_2	1	c
SLUS_013.95	0x8001E9EC	func_8001E9EC	15	ebe13a98ceb1a4fd8eb2440c0dcdbe2807ca9fc9	src/main/102FC.c	engine_state_6	2	c
SLUS_013.95	0x8001EC40	func_8001EC40	10	a70f686251b1dade428a25a691b15e76269f002e	src/main/102FC.c	func_80020368	3	c
SLUS_013.95	0x8001FB3C	func_8001FB3C	21	ffde10626a32f1d66176a682150de1412c4c33e3	src/main/11184.c	func_80020AC8	4	include_asm
SLUS_013.95	0x800208EC	func_800208EC	71	00a3e13855ef43a05ddb9c1156cee0522a1652b8	src/main/object_update.c	update_layer_objects	1	include_asm
SLUS_013.95	0x80020A08	func_80020A08	40	cac1f7cae3920b310152613ba53c003e9b98170a	src/main/object_update.c	func_80021C14	1	include_asm
SLUS_013.95	0x80020D18	func_80020D18	23	95cf5435ad21508a9715735968421e6e9aea1688	src/main/object_update.c	func_80021D20	1	include_asm
SLUS_013.95	0x80020DC8	func_80020DC8	21	a99aed5959d672c2ebefecaded6bfec4fd994413	src/main/object_update.c	func_80021CC8	1	include_asm
SLUS_013.95	0x80021208	func_80021208	19	c25275568e466c7e6777d51a1d04fe94287764da	src/main/charge_glow.c	func_800AE790	1	c
SLUS_013.95	0x80021254	func_80021254	18	2a177c96c5fb86f9300b2c118072613788c7f465	src/main/afterimage.c	func_800AEA58	1	include_asm
SLUS_013.95	0x8002130C	func_8002130C	8	9e8d1828ecf527b37c4e8d92fbe3ddec46843dee	src/main/afterimage.c	func_800AEAA0	2	c
SLUS_013.95	0x8002132C	func_8002132C	21	fb1027ecedaba4676190ea3a2ff8a9f63dbbe060	src/main/afterimage.c	func_800AE88C	1	include_asm
SLUS_013.95	0x80021380	func_80021380	32	adb625a87261b99cacd88afebfaac506f1bba028	src/main/125BC.c	func_80021DBC	1	include_asm
SLUS_013.95	0x80021758	func_80021758	2	7678540574197b420f17571673856a74783eb9d5	src/main/10CA4.c	func_800204A4	93	c-empty
SLUS_013.95	0x80022E44	func_80022E44	54	ce7e7513ad7465252c56d8aad17d93c9470c7fdf	src/main/14A60.c	func_80024260	2	include_asm
SLUS_013.95	0x80025F34	func_80025F34	20	6affe00825b48087ffce699330ceb60ec90ed600	src/main/144A4.c	func_80023CE0	1	include_asm
SLUS_013.95	0x80025FB0	func_80025FB0	10	a70f686251b1dade428a25a691b15e76269f002e	src/main/102FC.c	func_80020368	3	c
SLUS_013.95	0x80026128	func_80026128	29	df4775baa3215ac2a05a1eecb69c9b77215e8f35	src/main/144A4.c	func_800241E8	1	include_asm
SLUS_013.95	0x8002935C	func_8002935C	28	6ee72b4673914a678c5912d22dec06ede1228271	src/main/background.c	func_80027D40	2	include_asm
SLUS_013.95	0x800293CC	func_800293CC	28	6ee72b4673914a678c5912d22dec06ede1228271	src/main/background.c	func_80027D40	2	include_asm
SLUS_013.95	0x8002943C	func_8002943C	15	43e71a929bf8ff1c2b9a10109d17b1d484b061dc	src/main/stage_objects.c	start_screen_shake_x	1	include_asm
SLUS_013.95	0x80029478	func_80029478	15	503943cdb46f497915971b39b44c41ed88b79856	src/main/stage_objects.c	start_screen_shake_y	1	include_asm
SLUS_013.95	0x80029538	func_80029538	24	a09eb2b42e5f9678d5a5948ebc19de949d17f7f8	src/main/background.c	func_80027974	1	include_asm
SLUS_013.95	0x800295E8	func_800295E8	28	3108906f66dd0898bdc8866a294cef56653db1cd	src/main/background.c	func_80027AFC	1	include_asm
SLUS_013.95	0x8002974C	func_8002974C	13	afea0554f64f896b9248d8a6c370545b60cfb0c5	src/main/background.c	func_80027DF0	12	c
SLUS_013.95	0x800297B4	func_800297B4	2	7678540574197b420f17571673856a74783eb9d5	src/main/10CA4.c	func_800204A4	93	c-empty
SLUS_013.95	0x80029818	func_80029818	55	8a39aba72637e5e54c99ad358f22e093a2871aff	src/main/background.c	func_80027FA8	2	include_asm
SLUS_013.95	0x8002992C	func_8002992C	11	ee72e949e43887a07c0fcf223ea11b8c9414a6a1	src/main/items/item_10_spark_machine.c	spark_machine_broken	20	c
SLUS_013.95	0x800299C4	func_800299C4	2	7678540574197b420f17571673856a74783eb9d5	src/main/10CA4.c	func_800204A4	93	c-empty
SLUS_013.95	0x80029A6C	func_80029A6C	36	53e7a3858f9c9f83ecfcaeb88aacdc594037a520	src/main/background.c	update_screen_shake_x	1	include_asm
SLUS_013.95	0x80029AFC	func_80029AFC	36	a0d9f0b7dd5c770a3b0e5be471794105bb893218	src/main/background.c	update_screen_shake_y	1	include_asm
SLUS_013.95	0x8002A3E8	func_8002A3E8	37	a578409ab9199644fcd5698ca79212d4a9840176	src/main/195B4.c	func_80028F58	1	include_asm
SLUS_013.95	0x8002C2B8	func_8002C2B8	29	7632243f87cd6c8bf425c05ce72a31d56996dbe9	src/main/objects.c	func_8002AB20	1	include_asm
SLUS_013.95	0x8002C9B0	func_8002C9B0	9	c01c985f3323f7648389e5506cf8eea399a264ed	src/main/objects.c	ZeroObjectState	1	c
SLUS_013.95	0x8002CA14	func_8002CA14	16	f1acdb87a3f8faf93807805fc5aefbf68e58c42f	src/main/objects.c	despawn_object	1	include_asm
SLUS_013.95	0x8002CE18	func_8002CE18	54	824e92a3c98854a2662c3bb18f11ff255f3f709a	src/main/objects.c	func_8002B468	1	include_asm
SLUS_013.95	0x8002D2B0	func_8002D2B0	9	6534750cb6789815ef5617e791e10f64b53624a5	src/main/object_motion.c	move_object	1	c
SLUS_013.95	0x8002D3B4	func_8002D3B4	40	e92a2af1038e5fd3b8c2c74ad9217cb57853642e	src/main/object_motion.c	set_velocity_from_angle	1	include_asm
SLUS_013.95	0x8002D454	func_8002D454	40	5e8e8871519aa3913a2501935d1eaccdc1a12e87	src/main/object_motion.c	func_8002B9F0	1	include_asm
SLUS_013.95	0x8002D4F4	func_8002D4F4	10	bc2f1d8967fafc457a606623e210bed62bcc795d	src/main/object_motion.c	func_8002BAA4	1	c
SLUS_013.95	0x8002D51C	func_8002D51C	45	b57657e8090dd32519ae7c744b9239d09f71c8d2	src/main/object_motion.c	get_layout_screen	1	include_asm
SLUS_013.95	0x8002F840	func_8002F840	103	35842cc5ea2efacbb210601f3b3e17aab64ddc39	src/main/1CF60.c	func_8002CDD4	1	include_asm
SLUS_013.95	0x8003056C	func_8003056C	17	6daa2a92893bc771f1d6aec424131f855765e72e	src/main/1CF60.c	func_8002C954	2	c
SLUS_013.95	0x800305B0	func_800305B0	17	6daa2a92893bc771f1d6aec424131f855765e72e	src/main/1CF60.c	func_8002C954	2	c
SLUS_013.95	0x800306F4	func_800306F4	54	8fa4d2d2edd12de07c9efb9b54c1cf523e7e6ac0	src/main/1CF60.c	func_8002CC98	1	include_asm
SLUS_013.95	0x8003091C	func_8003091C	55	0de06b22f1f5087c855d97ae827d196c970ab46a	src/main/1CF60.c	func_8002D25C	1	include_asm
SLUS_013.95	0x800309F8	func_800309F8	60	42673ebd7e4ec209eea9c26f949c3215136c6a30	src/main/1CF60.c	func_8002D32C	1	include_asm
SLUS_013.95	0x80030B80	func_80030B80	54	ca45eff14472abbd09f55ac8a1e93d79489c7fbf	src/main/1CF60.c	func_8002D5E4	1	include_asm
SLUS_013.95	0x80034830	func_80034830	17	3066401aa20ff9090ef61de89d31709b299752b4	src/main/pause_menu.c	func_8002FCAC	1	include_asm
SLUS_013.95	0x80034874	func_80034874	15	0d6e8e521f0380121f0695e97284a6903ad75c7c	src/main/effects/effect_09_bg_wind.c	bg_wind_main	41	c
SLUS_013.95	0x8003499C	func_8003499C	15	0d6e8e521f0380121f0695e97284a6903ad75c7c	src/main/effects/effect_09_bg_wind.c	bg_wind_main	41	c
SLUS_013.95	0x80036C28	func_80036C28	16	cb06b8b1624e7c6699fc6dab98d67edae005028f	src/main/effects/effect_08_bg_zone_controller.c	bg_zone_controller_zone_0	49	c
SLUS_013.95	0x80036E70	func_80036E70	16	cb06b8b1624e7c6699fc6dab98d67edae005028f	src/main/effects/effect_08_bg_zone_controller.c	bg_zone_controller_zone_0	49	c
SLUS_013.95	0x8003744C	func_8003744C	15	6d5cbe2977a0458aae5ce636a33413369a570006	src/main/items/item_11_teleporter.c	teleporter_warp	205	c
SLUS_013.95	0x80037548	func_80037548	34	78487e2d128b850f76dbcb5e47e2c103a165fcd9	src/main/player.c	player_ladder_climb_on_top	1	include_asm
SLUS_013.95	0x800375D0	func_800375D0	16	26cbae375ca4934d5385ce69695043f6a83720bf	src/main/player.c	player_ladder_step_off_bottom	1	include_asm
SLUS_013.95	0x800377FC	func_800377FC	15	97ce869b32ad2055283c56e39e61664591a86607	src/main/player.c	player_ladder_let_go	1	include_asm
SLUS_013.95	0x80037838	func_80037838	18	94a81587fc1fd53b23cbf1887c62639818456591	src/main/player.c	player_hurt	1	include_asm
SLUS_013.95	0x80037C74	func_80037C74	16	cb06b8b1624e7c6699fc6dab98d67edae005028f	src/main/effects/effect_08_bg_zone_controller.c	bg_zone_controller_zone_0	49	c
SLUS_013.95	0x80037D68	func_80037D68	23	81153ad95149d3ac0985e711d05b64f2a199c8a3	src/main/player.c	player_capsule_fall	1	include_asm
SLUS_013.95	0x80037F34	func_80037F34	15	dff51a40582212c0b4a1a9986e18c0c922ce507c	src/main/player_special.c	player_zero_ryuenjin_rise	3	include_asm
SLUS_013.95	0x80037F70	func_80037F70	25	8c272e77d29e45189223d41c7ffa57edc18a0112	src/main/player.c	player_script_vanish	1	include_asm
SLUS_013.95	0x80039BC4	func_80039BC4	31	67a670686326ce75c1750bb7da4bef6b329bc678	src/main/player_check.c	player_check_dash_jump_walk	1	include_asm
SLUS_013.95	0x80039C40	func_80039C40	23	45aeff6b712490f16ca871dd6a34caba600ff78d	src/main/player_check.c	player_check_dash_jump	1	include_asm
SLUS_013.95	0x8003A9BC	func_8003A9BC	2	7678540574197b420f17571673856a74783eb9d5	src/main/10CA4.c	func_800204A4	93	c-empty
SLUS_013.95	0x8003B954	func_8003B954	22	f6ae817e5d199a69e086ddc6352379bb5dfd69b1	src/main/player_enter.c	player_enter_beam_out	1	include_asm
SLUS_013.95	0x8003CC78	func_8003CC78	15	0d6e8e521f0380121f0695e97284a6903ad75c7c	src/main/effects/effect_09_bg_wind.c	bg_wind_main	41	c
SLUS_013.95	0x8003CCB4	func_8003CCB4	2	7678540574197b420f17571673856a74783eb9d5	src/main/10CA4.c	func_800204A4	93	c-empty
SLUS_013.95	0x8003CD9C	func_8003CD9C	8	43bfc59bbcb53680782e35488033e13f96ef0c68	src/main/player_common.c	player_clear_dash	1	include_asm
SLUS_013.95	0x8003CDBC	func_8003CDBC	13	f262e5abb2b2cfc818813846f926d3c95a721b29	src/main/player_common.c	player_clear_attack	1	include_asm
SLUS_013.95	0x8003CE30	func_8003CE30	2	f1a3e1b77516e7c91fccc939fe289448fe9c4edb	src/main/player_common.c	player_clear_flash	1	include_asm
SLUS_013.95	0x8003CE38	func_8003CE38	59	e08fdf21be18ef4f0480dae3cd6540741d109a31	src/main/player_common.c	player_update_flash	1	include_asm
SLUS_013.95	0x8003D26C	func_8003D26C	20	8cc920fc5d1cc13a6ab79337d16d1e85f3127363	src/main/player_common.c	player_spawn_dash_dust	1	include_asm
SLUS_013.95	0x8003D2BC	func_8003D2BC	19	8e04af3111c58bf9d5d27a56dbe98cc5fbe8fa85	src/main/player_common.c	player_spawn_wall_slide_dust	1	include_asm
SLUS_013.95	0x8003D34C	func_8003D34C	18	2fae04226d688f636340ac0517f4633ee32e6088	src/main/player_common.c	player_check_splash_tile	1	c
SLUS_013.95	0x8003D850	func_8003D850	22	6b996a39570cc46268ef6b01795fe34e400e14cf	src/main/player_common.c	player_entry_beam_in	1	include_asm
SLUS_013.95	0x8003DAF4	func_8003DAF4	20	76c0b9feb7723a2bd9a3396d24e4a1e357125dee	src/main/player_common.c	player_spawn_death_orb	1	include_asm
SLUS_013.95	0x8003F480	func_8003F480	17	4a8a929ecac19b0a76d2ed3b29b7d3b73e259b00	src/main/player_weapon.c	player_reset_charge	1	include_asm
SLUS_013.95	0x8003F4C4	func_8003F4C4	17	b7ee5de166760ea34298a9efb3f6ef93f35e2f4b	src/main/player_weapon.c	player_set_animation_shooting	1	include_asm
SLUS_013.95	0x8003FA58	func_8003FA58	2	7678540574197b420f17571673856a74783eb9d5	src/main/10CA4.c	func_800204A4	93	c-empty
SLUS_013.95	0x8003FA60	func_8003FA60	11	8c58cd89382c5f9a80eff55154c146a5cfe368ad	src/main/player_weapon.c	player_fire_weapon	1	c
SLUS_013.95	0x80040290	func_80040290	29	9102f17ab9464d0d0ecb6312469f53ddbf747d16	src/main/mains/main_76_spike_crawler.c	enemy_hit_reaction	1	include_asm
SLUS_013.95	0x80040304	func_80040304	33	0f5c026ba0d71cc1f96edfb06d8671b57f6dee5f	src/main/mains/main_76_spike_crawler.c	spike_crawler_hit_flash	1	include_asm
SLUS_013.95	0x80041AB8	func_80041AB8	15	aad97fb234fe33354651730a18c7d90621ac4e6a	src/main/144A4.c	func_80023CA4	207	c
SLUS_013.95	0x80041AF4	func_80041AF4	15	aad97fb234fe33354651730a18c7d90621ac4e6a	src/main/144A4.c	func_80023CA4	207	c
SLUS_013.95	0x80041B30	func_80041B30	15	aad97fb234fe33354651730a18c7d90621ac4e6a	src/main/144A4.c	func_80023CA4	207	c
SLUS_013.95	0x80041B6C	func_80041B6C	15	aad97fb234fe33354651730a18c7d90621ac4e6a	src/main/144A4.c	func_80023CA4	207	c
SLUS_013.95	0x80041BA8	func_80041BA8	8	7f693e46b2295478282394980377f04c2f3d08dc	src/main/10CA4.c	func_800204AC	190	c
SLUS_013.95	0x80041BC8	func_80041BC8	8	7f693e46b2295478282394980377f04c2f3d08dc	src/main/10CA4.c	func_800204AC	190	c
SLUS_013.95	0x80041BE8	func_80041BE8	15	6d5cbe2977a0458aae5ce636a33413369a570006	src/main/items/item_11_teleporter.c	teleporter_warp	205	c
SLUS_013.95	0x80041F10	func_80041F10	8	7f693e46b2295478282394980377f04c2f3d08dc	src/main/10CA4.c	func_800204AC	190	c
SLUS_013.95	0x80041F30	func_80041F30	15	6d5cbe2977a0458aae5ce636a33413369a570006	src/main/items/item_11_teleporter.c	teleporter_warp	205	c
SLUS_013.95	0x8004200C	func_8004200C	8	7f693e46b2295478282394980377f04c2f3d08dc	src/main/10CA4.c	func_800204AC	190	c
SLUS_013.95	0x80042250	func_80042250	15	6d5cbe2977a0458aae5ce636a33413369a570006	src/main/items/item_11_teleporter.c	teleporter_warp	205	c
SLUS_013.95	0x80042658	func_80042658	15	6d5cbe2977a0458aae5ce636a33413369a570006	src/main/items/item_11_teleporter.c	teleporter_warp	205	c
SLUS_013.95	0x8004289C	func_8004289C	15	6d5cbe2977a0458aae5ce636a33413369a570006	src/main/items/item_11_teleporter.c	teleporter_warp	205	c
SLUS_013.95	0x800429C4	func_800429C4	2	7678540574197b420f17571673856a74783eb9d5	src/main/10CA4.c	func_800204A4	93	c-empty
SLUS_013.95	0x800429CC	func_800429CC	2	7678540574197b420f17571673856a74783eb9d5	src/main/10CA4.c	func_800204A4	93	c-empty
SLUS_013.95	0x80042C18	func_80042C18	12	3d82c3af21bbb95d722f3fba2cb6c1f7823838ca	src/main/mains/main_65_magma_dragoon.c	magma_dragoon_face_player	1	include_asm
SLUS_013.95	0x80043018	func_80043018	8	7f693e46b2295478282394980377f04c2f3d08dc	src/main/10CA4.c	func_800204AC	190	c
SLUS_013.95	0x80043154	func_80043154	8	7f693e46b2295478282394980377f04c2f3d08dc	src/main/10CA4.c	func_800204AC	190	c
SLUS_013.95	0x80043460	func_80043460	15	0d6e8e521f0380121f0695e97284a6903ad75c7c	src/main/effects/effect_09_bg_wind.c	bg_wind_main	41	c
SLUS_013.95	0x8004349C	func_8004349C	8	7f693e46b2295478282394980377f04c2f3d08dc	src/main/10CA4.c	func_800204AC	190	c
SLUS_013.95	0x80044534	func_80044534	8	7f693e46b2295478282394980377f04c2f3d08dc	src/main/10CA4.c	func_800204AC	190	c
SLUS_013.95	0x80044554	func_80044554	15	aad97fb234fe33354651730a18c7d90621ac4e6a	src/main/144A4.c	func_80023CA4	207	c
SLUS_013.95	0x80046514	func_80046514	15	0d6e8e521f0380121f0695e97284a6903ad75c7c	src/main/effects/effect_09_bg_wind.c	bg_wind_main	41	c
SLUS_013.95	0x800465F4	func_800465F4	15	aad97fb234fe33354651730a18c7d90621ac4e6a	src/main/144A4.c	func_80023CA4	207	c
SLUS_013.95	0x8004670C	func_8004670C	8	7f693e46b2295478282394980377f04c2f3d08dc	src/main/10CA4.c	func_800204AC	190	c
SLUS_013.95	0x8004672C	func_8004672C	65	e7d22a6ee35c92d7f95ecc0dab4fe73151c6afca	src/main/weapons/weapon_61_ride_armor_punch.c	ride_armor_punch_main	1	include_asm
SLUS_013.95	0x80046830	func_80046830	15	aad97fb234fe33354651730a18c7d90621ac4e6a	src/main/144A4.c	func_80023CA4	207	c
SLUS_013.95	0x8004686C	func_8004686C	20	ef5dce611697fb80bd7f8c9961fea5f04aa05966	src/main/weapons/weapon_61_ride_armor_punch.c	ride_armor_punch_init	1	include_asm
SLUS_013.95	0x800468BC	func_800468BC	8	7f693e46b2295478282394980377f04c2f3d08dc	src/main/10CA4.c	func_800204AC	190	c
SLUS_013.95	0x80046C64	func_80046C64	16	38e1a722ce8eb22c0c91e96517429c593bfa9d95	src/main/mains/main_62_flame_jet.c	flame_jet_update	8	include_asm
SLUS_013.95	0x80046DD4	func_80046DD4	16	38e1a722ce8eb22c0c91e96517429c593bfa9d95	src/main/mains/main_62_flame_jet.c	flame_jet_update	8	include_asm
SLUS_013.95	0x80047A0C	func_80047A0C	58	96a3d14b243225bb7ea8005a2ee7b67455de7854	src/main/misc/misc_02_rubble.c	spawn_debris_offset	1	c
SLUS_013.95	0x80047AF4	func_80047AF4	16	12f3fa1a0a522e2eb79303fcb4fba5bff68e6ab2	src/main/effects/effect_03_palette_animator.c	palette_animator_update	13	c
SLUS_013.95	0x80047C30	func_80047C30	26	672ba68289486cb3904a777e773ecb782aff91db	src/main/misc/misc_03_debris.c	debris_fall	1	include_asm
SLUS_013.95	0x80047F78	func_80047F78	16	12f3fa1a0a522e2eb79303fcb4fba5bff68e6ab2	src/main/effects/effect_03_palette_animator.c	palette_animator_update	13	c
SLUS_013.95	0x80047FB8	func_80047FB8	30	2c7ffbc6b879b6024a109d473da9260a5c160931	src/main/misc/misc_17_death_orb.c	death_orb_fly	1	include_asm
SLUS_013.95	0x800481D0	func_800481D0	15	aad97fb234fe33354651730a18c7d90621ac4e6a	src/main/144A4.c	func_80023CA4	207	c
SLUS_013.95	0x8004820C	func_8004820C	15	4708499d7d0a3c90524997bce2ad33bc35d93603	src/main/character_select.c	character_select_state_2	11	c
SLUS_013.95	0x80048248	func_80048248	8	7f693e46b2295478282394980377f04c2f3d08dc	src/main/10CA4.c	func_800204AC	190	c
SLUS_013.95	0x800484D8	func_800484D8	19	590ed0325c72277467183ee61d9754ac680efcd0	src/main/items/item_20_gravity_switch.c	gravity_switch_main	8	include_asm
SLUS_013.95	0x80048524	func_80048524	15	42bca37ef3646f261cc2779db748a91f8ba04495	src/main/misc/misc_18_ready_text.c	ready_text_blink	1	c
SLUS_013.95	0x80048560	func_80048560	9	14e271df70f2bbc9d10ec1bf1f40b470218270aa	src/main/misc/misc_18_ready_text.c	ready_text_show	1	c
SLUS_013.95	0x80048980	func_80048980	16	38e1a722ce8eb22c0c91e96517429c593bfa9d95	src/main/mains/main_62_flame_jet.c	flame_jet_update	8	include_asm
SLUS_013.95	0x80048B98	func_80048B98	16	38e1a722ce8eb22c0c91e96517429c593bfa9d95	src/main/mains/main_62_flame_jet.c	flame_jet_update	8	include_asm
SLUS_013.95	0x80048DC8	func_80048DC8	19	092b78e20e4a8e3dd6f0100e81da3d0b6b44ca35	src/main/items/item_00_breakable_wall.c	breakable_wall_update	28	include_asm
SLUS_013.95	0x80048E7C	func_80048E7C	19	092b78e20e4a8e3dd6f0100e81da3d0b6b44ca35	src/main/items/item_00_breakable_wall.c	breakable_wall_update	28	include_asm
SLUS_013.95	0x80049030	func_80049030	8	7f693e46b2295478282394980377f04c2f3d08dc	src/main/10CA4.c	func_800204AC	190	c
SLUS_013.95	0x800494DC	func_800494DC	34	4a86628af3e469d5f30f575c0f2c69f45e87cf14	src/main/visuals/visual_00_wall_slide_dust.c	wall_slide_dust_init	1	include_asm
SLUS_013.95	0x80049670	func_80049670	20	246e79a6823b024cf26b3e6aa1a6089fbaac2f32	src/main/visuals/visual_00_wall_slide_dust.c	wall_slide_dust_fade	1	include_asm
SLUS_013.95	0x800496C0	func_800496C0	34	3cea93403e4ff3acf1a104889e2bbbc3c0aeb4c5	src/main/visuals/visual_00_wall_slide_dust.c	wall_slide_dust_attach	2	include_asm
SLUS_013.95	0x80049950	func_80049950	20	eb3a6db008dc52a05e5448d1c9d1c398541c12bd	src/main/visuals/visual_02_charge_muzzle_flash.c	charge_muzzle_flash_fade	1	include_asm
SLUS_013.95	0x80049E50	func_80049E50	8	260a65053a4e7bde1d83a8bafe88eca653c775d4	src/main/mains/main_42_homing_orb.c	homing_orb_start_idle	2	include_asm
SLUS_013.95	0x80049E70	func_80049E70	19	5ece30a3dc5a795067e0b62ce0b49f59bd4f0f04	src/main/visuals/visual_03_small_effect.c	spawn_explosion_variant	1	c
SLUS_013.95	0x8004A154	func_8004A154	16	12f3fa1a0a522e2eb79303fcb4fba5bff68e6ab2	src/main/effects/effect_03_palette_animator.c	palette_animator_update	13	c
SLUS_013.95	0x8004AC7C	func_8004AC7C	16	12f3fa1a0a522e2eb79303fcb4fba5bff68e6ab2	src/main/effects/effect_03_palette_animator.c	palette_animator_update	13	c
SLUS_013.95	0x8004B480	func_8004B480	15	aad97fb234fe33354651730a18c7d90621ac4e6a	src/main/144A4.c	func_80023CA4	207	c
SLUS_013.95	0x8004B4BC	func_8004B4BC	20	350f949ca2aca3f63b86cfa65a7664bf9df88614	src/main/visuals/visual_22_missile_smoke.c	missile_smoke_init	1	include_asm
SLUS_013.95	0x8004B50C	func_8004B50C	66	c82f771f5c1958121eaaa95795e7339f09f90918	src/main/visuals/visual_22_missile_smoke.c	missile_smoke_main	1	include_asm
SLUS_013.95	0x8004B614	func_8004B614	8	7f693e46b2295478282394980377f04c2f3d08dc	src/main/10CA4.c	func_800204AC	190	c
SLUS_013.95	0x8004B964	func_8004B964	8	7f693e46b2295478282394980377f04c2f3d08dc	src/main/10CA4.c	func_800204AC	190	c
SLUS_013.95	0x8004B984	func_8004B984	15	aad97fb234fe33354651730a18c7d90621ac4e6a	src/main/144A4.c	func_80023CA4	207	c
SLUS_013.95	0x8004BEC8	func_8004BEC8	70	f3f6620a97d2cc93c501f472d3518386fe6f9a79	src/main/quads/quad_03_boss_warning_quad.c	boss_warning_quad_close	1	include_asm
SLUS_013.95	0x8004BFE0	func_8004BFE0	15	aad97fb234fe33354651730a18c7d90621ac4e6a	src/main/144A4.c	func_80023CA4	207	c
SLUS_013.95	0x8004C01C	func_8004C01C	9	f70aa9bf82ff7e59927057c9ca0c59e1d430df7a	src/main/quads/quad_03_boss_warning_quad.c	boss_warning_quad_hold	1	c
SLUS_013.95	0x8004C100	func_8004C100	8	7f693e46b2295478282394980377f04c2f3d08dc	src/main/10CA4.c	func_800204AC	190	c
SLUS_013.95	0x8004C2F4	func_8004C2F4	15	aad97fb234fe33354651730a18c7d90621ac4e6a	src/main/144A4.c	func_80023CA4	207	c
SLUS_013.95	0x8004C3FC	func_8004C3FC	8	7f693e46b2295478282394980377f04c2f3d08dc	src/main/10CA4.c	func_800204AC	190	c
SLUS_013.95	0x8004C6AC	func_8004C6AC	15	aad97fb234fe33354651730a18c7d90621ac4e6a	src/main/144A4.c	func_80023CA4	207	c
SLUS_013.95	0x8004C6E8	func_8004C6E8	8	7f693e46b2295478282394980377f04c2f3d08dc	src/main/10CA4.c	func_800204AC	190	c
SLUS_013.95	0x8004C708	func_8004C708	15	aad97fb234fe33354651730a18c7d90621ac4e6a	src/main/144A4.c	func_80023CA4	207	c
SLUS_013.95	0x8004C744	func_8004C744	27	6bc3902e50c354de8b920f307bd7ddc07154f553	src/main/quads/quad_08_flash_band.c	flash_band_init	1	c
SLUS_013.95	0x8004C7B0	func_8004C7B0	29	f8c67d3d445124b90e1908a79ac07d0f8b3993bc	src/main/quads/quad_08_flash_band.c	flash_band_widen	1	include_asm
SLUS_013.95	0x8004C824	func_8004C824	8	7f693e46b2295478282394980377f04c2f3d08dc	src/main/10CA4.c	func_800204AC	190	c
SLUS_013.95	0x8004C844	func_8004C844	113	5aa466ee5359a9e0810f56077c5b43cd8832a860	src/main/quads/quad_07_ready_line.c	ready_line_sweep	1	include_asm
SLUS_013.95	0x8004CF68	func_8004CF68	15	aad97fb234fe33354651730a18c7d90621ac4e6a	src/main/144A4.c	func_80023CA4	207	c
SLUS_013.95	0x8004CFA4	func_8004CFA4	25	2100185f14457f5aa4399cc515e7f9fa37c0517a	src/main/quads/quad_07_ready_line.c	ready_line_init	1	include_asm
SLUS_013.95	0x8004D054	func_8004D054	8	7f693e46b2295478282394980377f04c2f3d08dc	src/main/10CA4.c	func_800204AC	190	c
SLUS_013.95	0x8004D074	func_8004D074	15	067862c5794dcaf75ce1dce98b74c47cd6e77110	src/main/quads/quad_07_ready_line.c	ready_line_move	1	include_asm
SLUS_013.95	0x8004D29C	func_8004D29C	15	aad97fb234fe33354651730a18c7d90621ac4e6a	src/main/144A4.c	func_80023CA4	207	c
SLUS_013.95	0x8004D2D8	func_8004D2D8	8	7f693e46b2295478282394980377f04c2f3d08dc	src/main/10CA4.c	func_800204AC	190	c
SLUS_013.95	0x8004D2F8	func_8004D2F8	8	7f693e46b2295478282394980377f04c2f3d08dc	src/main/10CA4.c	func_800204AC	190	c
SLUS_013.95	0x8004D720	func_8004D720	15	0d6e8e521f0380121f0695e97284a6903ad75c7c	src/main/effects/effect_09_bg_wind.c	bg_wind_main	41	c
SLUS_013.95	0x8004D75C	func_8004D75C	8	7f693e46b2295478282394980377f04c2f3d08dc	src/main/10CA4.c	func_800204AC	190	c
SLUS_013.95	0x8004D77C	func_8004D77C	15	aad97fb234fe33354651730a18c7d90621ac4e6a	src/main/144A4.c	func_80023CA4	207	c
SLUS_013.95	0x8004E654	func_8004E654	11	806a7421f0d6f008545e0226f0e97b7c49d480fc	src/main/items/item_01_stage_block.c	drop_item	1	include_asm
SLUS_013.95	0x8004E7C0	func_8004E7C0	8	83f25a3faba9d1a448dcab6ccfeea86c476053a3	src/main/items/item_02_pickup.c	pickup_collected	8	c
SLUS_013.95	0x8004E7E0	func_8004E7E0	8	7f693e46b2295478282394980377f04c2f3d08dc	src/main/10CA4.c	func_800204AC	190	c
SLUS_013.95	0x8004F834	func_8004F834	19	092b78e20e4a8e3dd6f0100e81da3d0b6b44ca35	src/main/items/item_00_breakable_wall.c	breakable_wall_update	28	include_asm
SLUS_013.95	0x8004F880	func_8004F880	8	7f693e46b2295478282394980377f04c2f3d08dc	src/main/10CA4.c	func_800204AC	190	c
SLUS_013.95	0x8004F8A0	func_8004F8A0	8	7f693e46b2295478282394980377f04c2f3d08dc	src/main/10CA4.c	func_800204AC	190	c
SLUS_013.95	0x8004FB40	func_8004FB40	8	7f693e46b2295478282394980377f04c2f3d08dc	src/main/10CA4.c	func_800204AC	190	c
SLUS_013.95	0x8004FE50	func_8004FE50	2	7678540574197b420f17571673856a74783eb9d5	src/main/10CA4.c	func_800204A4	93	c-empty
SLUS_013.95	0x800500C0	func_800500C0	8	7f693e46b2295478282394980377f04c2f3d08dc	src/main/10CA4.c	func_800204AC	190	c
SLUS_013.95	0x800500E0	func_800500E0	15	aad97fb234fe33354651730a18c7d90621ac4e6a	src/main/144A4.c	func_80023CA4	207	c
SLUS_013.95	0x80050DFC	func_80050DFC	23	3841861bc21ec5a06e7fe26f058b170fac036262	src/main/items/item_08_boss_door.c	boss_door_update	5	include_asm
SLUS_013.95	0x80051104	func_80051104	21	37a985cf43c2e39d1e804a131a8f73afcf8e7ab2	src/main/items/item_08_boss_door.c	boss_door_block_player	1	include_asm
SLUS_013.95	0x80052258	func_80052258	15	aad97fb234fe33354651730a18c7d90621ac4e6a	src/main/144A4.c	func_80023CA4	207	c
SLUS_013.95	0x800525D4	func_800525D4	15	aad97fb234fe33354651730a18c7d90621ac4e6a	src/main/144A4.c	func_80023CA4	207	c
SLUS_013.95	0x80052898	func_80052898	15	aad97fb234fe33354651730a18c7d90621ac4e6a	src/main/144A4.c	func_80023CA4	207	c
SLUS_013.95	0x800528D4	func_800528D4	8	7f693e46b2295478282394980377f04c2f3d08dc	src/main/10CA4.c	func_800204AC	190	c
SLUS_013.95	0x80052C84	func_80052C84	15	aad97fb234fe33354651730a18c7d90621ac4e6a	src/main/144A4.c	func_80023CA4	207	c
SLUS_013.95	0x80052CC0	func_80052CC0	15	dfa2f10d9b49d4e05d6043ddfbc030532c050042	src/main/effects/effect_04_stage_music.c	stage_music_init	1	c
SLUS_013.95	0x80052D30	func_80052D30	15	aad97fb234fe33354651730a18c7d90621ac4e6a	src/main/144A4.c	func_80023CA4	207	c
SLUS_013.95	0x80052D6C	func_80052D6C	19	090b1a5b9db7ac5615025a84e35e9fbf05c4e07a	src/main/effects/effect_06_checkpoint_trigger.c	checkpoint_trigger_init	1	c
SLUS_013.95	0x8005335C	func_8005335C	15	aad97fb234fe33354651730a18c7d90621ac4e6a	src/main/144A4.c	func_80023CA4	207	c
SLUS_013.95	0x80053398	func_80053398	15	0d6e8e521f0380121f0695e97284a6903ad75c7c	src/main/effects/effect_09_bg_wind.c	bg_wind_main	41	c
SLUS_013.95	0x800533D4	func_800533D4	8	7f693e46b2295478282394980377f04c2f3d08dc	src/main/10CA4.c	func_800204AC	190	c
SLUS_013.95	0x8005353C	func_8005353C	15	aad97fb234fe33354651730a18c7d90621ac4e6a	src/main/144A4.c	func_80023CA4	207	c
SLUS_013.95	0x800536D0	func_800536D0	13	ec91c859e7834749c6ff816b970ce5d856e4479c	src/main/effects/effect_24_boss_warning.c	boss_warning_wait	1	include_asm
SLUS_013.95	0x80053704	func_80053704	34	f64138f8e32db42ebb87fcc5d6d4076f64c88bc7	src/main/effects/effect_24_boss_warning.c	boss_warning_wait_tiles	1	include_asm
SLUS_013.95	0x800537F0	func_800537F0	14	7ccb25922a7cc413a4bfd5d25b56adaa6b284642	src/main/effects/effect_24_boss_warning.c	boss_warning_finish	1	include_asm
SLUS_013.95	0x80053828	func_80053828	29	f335fb55e436992fc99ea0c92c7b09c129d696c1	src/main/effects/effect_24_boss_warning.c	boss_warning_main	1	include_asm
SLUS_013.95	0x8005389C	func_8005389C	8	7f693e46b2295478282394980377f04c2f3d08dc	src/main/10CA4.c	func_800204AC	190	c
SLUS_013.95	0x80053CDC	func_80053CDC	15	aad97fb234fe33354651730a18c7d90621ac4e6a	src/main/144A4.c	func_80023CA4	207	c
SLUS_013.95	0x80053FE4	func_80053FE4	10	b47cb2a2b624eb8e9724f1fa92c121c97c7ccc9e	src/main/misc/misc_53_final_cutscene.c	final_cutscene_despawn	1	c
SLUS_013.95	0x8005400C	func_8005400C	114	6c6bde588dbebafe43df430aff9a989e4dcf6ccf	src/main/effects/effect_27_teleport_intro.c	teleport_intro_spawn_quads	1	include_asm
SLUS_013.95	0x800541D4	func_800541D4	15	aad97fb234fe33354651730a18c7d90621ac4e6a	src/main/144A4.c	func_80023CA4	207	c
SLUS_013.95	0x80054210	func_80054210	12	57b9d64d25c15006bf2bc9e5a94c0328f1d71773	src/main/effects/effect_27_teleport_intro.c	teleport_intro_init	1	c
SLUS_013.95	0x80054240	func_80054240	8	7f693e46b2295478282394980377f04c2f3d08dc	src/main/10CA4.c	func_800204AC	190	c
SLUS_013.95	0x80054260	func_80054260	2	7678540574197b420f17571673856a74783eb9d5	src/main/10CA4.c	func_800204A4	93	c-empty
SLUS_013.95	0x80054268	func_80054268	2	7678540574197b420f17571673856a74783eb9d5	src/main/10CA4.c	func_800204A4	93	c-empty
SLUS_013.95	0x80054270	func_80054270	2	7678540574197b420f17571673856a74783eb9d5	src/main/10CA4.c	func_800204A4	93	c-empty
SLUS_013.95	0x80054278	func_80054278	2	7678540574197b420f17571673856a74783eb9d5	src/main/10CA4.c	func_800204A4	93	c-empty
SLUS_013.95	0x80054280	func_80054280	2	7678540574197b420f17571673856a74783eb9d5	src/main/10CA4.c	func_800204A4	93	c-empty
SLUS_013.95	0x80054288	func_80054288	2	7678540574197b420f17571673856a74783eb9d5	src/main/10CA4.c	func_800204A4	93	c-empty
SLUS_013.95	0x80054290	func_80054290	2	7678540574197b420f17571673856a74783eb9d5	src/main/10CA4.c	func_800204A4	93	c-empty
SLUS_013.95	0x80054298	func_80054298	2	7678540574197b420f17571673856a74783eb9d5	src/main/10CA4.c	func_800204A4	93	c-empty
SLUS_013.95	0x800542A0	func_800542A0	2	7678540574197b420f17571673856a74783eb9d5	src/main/10CA4.c	func_800204A4	93	c-empty
SLUS_013.95	0x800542A8	func_800542A8	2	7678540574197b420f17571673856a74783eb9d5	src/main/10CA4.c	func_800204A4	93	c-empty
SLUS_013.95	0x800542B0	func_800542B0	2	7678540574197b420f17571673856a74783eb9d5	src/main/10CA4.c	func_800204A4	93	c-empty
SLUS_013.95	0x800542B8	func_800542B8	2	7678540574197b420f17571673856a74783eb9d5	src/main/10CA4.c	func_800204A4	93	c-empty
SLUS_013.95	0x800542C0	func_800542C0	2	7678540574197b420f17571673856a74783eb9d5	src/main/10CA4.c	func_800204A4	93	c-empty
SLUS_013.95	0x800542C8	func_800542C8	2	7678540574197b420f17571673856a74783eb9d5	src/main/10CA4.c	func_800204A4	93	c-empty
SLUS_013.95	0x800542D0	func_800542D0	2	7678540574197b420f17571673856a74783eb9d5	src/main/10CA4.c	func_800204A4	93	c-empty
SLUS_013.95	0x800542D8	func_800542D8	2	7678540574197b420f17571673856a74783eb9d5	src/main/10CA4.c	func_800204A4	93	c-empty
SLUS_013.95	0x800542E0	func_800542E0	2	7678540574197b420f17571673856a74783eb9d5	src/main/10CA4.c	func_800204A4	93	c-empty
SLUS_013.95	0x800542E8	func_800542E8	2	7678540574197b420f17571673856a74783eb9d5	src/main/10CA4.c	func_800204A4	93	c-empty
SLUS_013.95	0x800542F0	func_800542F0	2	7678540574197b420f17571673856a74783eb9d5	src/main/10CA4.c	func_800204A4	93	c-empty
SLUS_013.95	0x800542F8	func_800542F8	2	7678540574197b420f17571673856a74783eb9d5	src/main/10CA4.c	func_800204A4	93	c-empty
SLUS_013.95	0x80054300	func_80054300	2	7678540574197b420f17571673856a74783eb9d5	src/main/10CA4.c	func_800204A4	93	c-empty
SLUS_013.95	0x80054308	func_80054308	2	7678540574197b420f17571673856a74783eb9d5	src/main/10CA4.c	func_800204A4	93	c-empty
SLUS_013.95	0x80054310	func_80054310	2	7678540574197b420f17571673856a74783eb9d5	src/main/10CA4.c	func_800204A4	93	c-empty
SLUS_013.95	0x80054318	func_80054318	2	7678540574197b420f17571673856a74783eb9d5	src/main/10CA4.c	func_800204A4	93	c-empty
SLUS_013.95	0x80054320	func_80054320	2	7678540574197b420f17571673856a74783eb9d5	src/main/10CA4.c	func_800204A4	93	c-empty
SLUS_013.95	0x80054328	func_80054328	2	7678540574197b420f17571673856a74783eb9d5	src/main/10CA4.c	func_800204A4	93	c-empty
SLUS_013.95	0x80054330	func_80054330	2	7678540574197b420f17571673856a74783eb9d5	src/main/10CA4.c	func_800204A4	93	c-empty
SLUS_013.95	0x80054338	func_80054338	2	7678540574197b420f17571673856a74783eb9d5	src/main/10CA4.c	func_800204A4	93	c-empty
SLUS_013.95	0x80054340	func_80054340	2	7678540574197b420f17571673856a74783eb9d5	src/main/10CA4.c	func_800204A4	93	c-empty
SLUS_013.95	0x80054348	func_80054348	2	7678540574197b420f17571673856a74783eb9d5	src/main/10CA4.c	func_800204A4	93	c-empty
SLUS_013.95	0x80054350	func_80054350	2	7678540574197b420f17571673856a74783eb9d5	src/main/10CA4.c	func_800204A4	93	c-empty
SLUS_013.95	0x80054358	func_80054358	2	7678540574197b420f17571673856a74783eb9d5	src/main/10CA4.c	func_800204A4	93	c-empty
SLUS_013.95	0x80054360	func_80054360	2	7678540574197b420f17571673856a74783eb9d5	src/main/10CA4.c	func_800204A4	93	c-empty
SLUS_013.95	0x80054368	func_80054368	2	7678540574197b420f17571673856a74783eb9d5	src/main/10CA4.c	func_800204A4	93	c-empty
SLUS_013.95	0x80054370	func_80054370	2	7678540574197b420f17571673856a74783eb9d5	src/main/10CA4.c	func_800204A4	93	c-empty
SLUS_013.95	0x80054378	func_80054378	2	7678540574197b420f17571673856a74783eb9d5	src/main/10CA4.c	func_800204A4	93	c-empty
SLUS_013.95	0x80054380	func_80054380	2	7678540574197b420f17571673856a74783eb9d5	src/main/10CA4.c	func_800204A4	93	c-empty
SLUS_013.95	0x80054388	func_80054388	2	7678540574197b420f17571673856a74783eb9d5	src/main/10CA4.c	func_800204A4	93	c-empty
SLUS_013.95	0x80054390	func_80054390	2	7678540574197b420f17571673856a74783eb9d5	src/main/10CA4.c	func_800204A4	93	c-empty
SLUS_013.95	0x80054398	func_80054398	2	7678540574197b420f17571673856a74783eb9d5	src/main/10CA4.c	func_800204A4	93	c-empty
SLUS_013.95	0x800543A0	func_800543A0	2	7678540574197b420f17571673856a74783eb9d5	src/main/10CA4.c	func_800204A4	93	c-empty
SLUS_013.95	0x800543A8	func_800543A8	2	7678540574197b420f17571673856a74783eb9d5	src/main/10CA4.c	func_800204A4	93	c-empty
SLUS_013.95	0x800543B0	func_800543B0	2	7678540574197b420f17571673856a74783eb9d5	src/main/10CA4.c	func_800204A4	93	c-empty
SLUS_013.95	0x800543B8	func_800543B8	2	7678540574197b420f17571673856a74783eb9d5	src/main/10CA4.c	func_800204A4	93	c-empty
SLUS_013.95	0x800543C0	func_800543C0	2	7678540574197b420f17571673856a74783eb9d5	src/main/10CA4.c	func_800204A4	93	c-empty
SLUS_013.95	0x800543C8	func_800543C8	2	7678540574197b420f17571673856a74783eb9d5	src/main/10CA4.c	func_800204A4	93	c-empty
SLUS_013.95	0x800543D0	func_800543D0	2	7678540574197b420f17571673856a74783eb9d5	src/main/10CA4.c	func_800204A4	93	c-empty
SLUS_013.95	0x800543D8	func_800543D8	2	7678540574197b420f17571673856a74783eb9d5	src/main/10CA4.c	func_800204A4	93	c-empty
SLUS_013.95	0x800543E0	func_800543E0	2	7678540574197b420f17571673856a74783eb9d5	src/main/10CA4.c	func_800204A4	93	c-empty
SLUS_013.95	0x800543E8	func_800543E8	2	7678540574197b420f17571673856a74783eb9d5	src/main/10CA4.c	func_800204A4	93	c-empty
SLUS_013.95	0x800543F0	func_800543F0	2	7678540574197b420f17571673856a74783eb9d5	src/main/10CA4.c	func_800204A4	93	c-empty
SLUS_013.95	0x800543F8	func_800543F8	2	7678540574197b420f17571673856a74783eb9d5	src/main/10CA4.c	func_800204A4	93	c-empty
SLUS_013.95	0x80054400	func_80054400	2	7678540574197b420f17571673856a74783eb9d5	src/main/10CA4.c	func_800204A4	93	c-empty
SLUS_013.95	0x80054408	func_80054408	2	7678540574197b420f17571673856a74783eb9d5	src/main/10CA4.c	func_800204A4	93	c-empty
SLUS_013.95	0x80054410	func_80054410	2	7678540574197b420f17571673856a74783eb9d5	src/main/10CA4.c	func_800204A4	93	c-empty
SLUS_013.95	0x80054418	func_80054418	2	7678540574197b420f17571673856a74783eb9d5	src/main/10CA4.c	func_800204A4	93	c-empty
SLUS_013.95	0x80054420	func_80054420	2	7678540574197b420f17571673856a74783eb9d5	src/main/10CA4.c	func_800204A4	93	c-empty
SLUS_013.95	0x80054428	func_80054428	2	7678540574197b420f17571673856a74783eb9d5	src/main/10CA4.c	func_800204A4	93	c-empty
SLUS_013.95	0x80054430	func_80054430	2	7678540574197b420f17571673856a74783eb9d5	src/main/10CA4.c	func_800204A4	93	c-empty
SLUS_013.95	0x80054438	func_80054438	2	7678540574197b420f17571673856a74783eb9d5	src/main/10CA4.c	func_800204A4	93	c-empty
SLUS_013.95	0x80054440	func_80054440	2	7678540574197b420f17571673856a74783eb9d5	src/main/10CA4.c	func_800204A4	93	c-empty
SLUS_013.95	0x80054448	func_80054448	2	7678540574197b420f17571673856a74783eb9d5	src/main/10CA4.c	func_800204A4	93	c-empty
SLUS_013.95	0x80054450	func_80054450	2	7678540574197b420f17571673856a74783eb9d5	src/main/10CA4.c	func_800204A4	93	c-empty
SLUS_013.95	0x80054458	func_80054458	2	7678540574197b420f17571673856a74783eb9d5	src/main/10CA4.c	func_800204A4	93	c-empty
SLUS_013.95	0x80054460	func_80054460	2	7678540574197b420f17571673856a74783eb9d5	src/main/10CA4.c	func_800204A4	93	c-empty
SLUS_013.95	0x80054468	func_80054468	2	7678540574197b420f17571673856a74783eb9d5	src/main/10CA4.c	func_800204A4	93	c-empty
SLUS_013.95	0x80054470	func_80054470	2	7678540574197b420f17571673856a74783eb9d5	src/main/10CA4.c	func_800204A4	93	c-empty
SLUS_013.95	0x80054478	func_80054478	2	7678540574197b420f17571673856a74783eb9d5	src/main/10CA4.c	func_800204A4	93	c-empty
SLUS_013.95	0x80054480	func_80054480	2	7678540574197b420f17571673856a74783eb9d5	src/main/10CA4.c	func_800204A4	93	c-empty
SLUS_013.95	0x80054488	func_80054488	2	7678540574197b420f17571673856a74783eb9d5	src/main/10CA4.c	func_800204A4	93	c-empty
SLUS_013.95	0x80054490	func_80054490	2	7678540574197b420f17571673856a74783eb9d5	src/main/10CA4.c	func_800204A4	93	c-empty
SLUS_013.95	0x80054498	func_80054498	2	7678540574197b420f17571673856a74783eb9d5	src/main/10CA4.c	func_800204A4	93	c-empty
SLUS_013.95	0x800544A0	func_800544A0	2	7678540574197b420f17571673856a74783eb9d5	src/main/10CA4.c	func_800204A4	93	c-empty
SLUS_013.95	0x800544A8	func_800544A8	2	7678540574197b420f17571673856a74783eb9d5	src/main/10CA4.c	func_800204A4	93	c-empty
SLUS_013.95	0x800544B0	func_800544B0	2	7678540574197b420f17571673856a74783eb9d5	src/main/10CA4.c	func_800204A4	93	c-empty
SLUS_013.95	0x800544B8	func_800544B8	2	7678540574197b420f17571673856a74783eb9d5	src/main/10CA4.c	func_800204A4	93	c-empty
SLUS_013.95	0x800544C0	func_800544C0	2	7678540574197b420f17571673856a74783eb9d5	src/main/10CA4.c	func_800204A4	93	c-empty
SLUS_013.95	0x800544C8	func_800544C8	2	7678540574197b420f17571673856a74783eb9d5	src/main/10CA4.c	func_800204A4	93	c-empty
SLUS_013.95	0x800544D0	func_800544D0	2	7678540574197b420f17571673856a74783eb9d5	src/main/10CA4.c	func_800204A4	93	c-empty
SLUS_013.95	0x800544D8	func_800544D8	2	7678540574197b420f17571673856a74783eb9d5	src/main/10CA4.c	func_800204A4	93	c-empty
SLUS_013.95	0x800544E0	func_800544E0	2	7678540574197b420f17571673856a74783eb9d5	src/main/10CA4.c	func_800204A4	93	c-empty
SLUS_013.95	0x800544E8	func_800544E8	2	7678540574197b420f17571673856a74783eb9d5	src/main/10CA4.c	func_800204A4	93	c-empty
SLUS_013.95	0x800544F0	func_800544F0	2	7678540574197b420f17571673856a74783eb9d5	src/main/10CA4.c	func_800204A4	93	c-empty
SLUS_013.95	0x800544F8	func_800544F8	2	7678540574197b420f17571673856a74783eb9d5	src/main/10CA4.c	func_800204A4	93	c-empty
SLUS_013.95	0x80054500	func_80054500	2	7678540574197b420f17571673856a74783eb9d5	src/main/10CA4.c	func_800204A4	93	c-empty
SLUS_013.95	0x80054508	func_80054508	2	7678540574197b420f17571673856a74783eb9d5	src/main/10CA4.c	func_800204A4	93	c-empty
SLUS_013.95	0x80054510	func_80054510	2	7678540574197b420f17571673856a74783eb9d5	src/main/10CA4.c	func_800204A4	93	c-empty
SLUS_013.95	0x80054518	func_80054518	2	7678540574197b420f17571673856a74783eb9d5	src/main/10CA4.c	func_800204A4	93	c-empty
SLUS_013.95	0x80054520	func_80054520	2	7678540574197b420f17571673856a74783eb9d5	src/main/10CA4.c	func_800204A4	93	c-empty
SLUS_013.95	0x80054528	func_80054528	2	7678540574197b420f17571673856a74783eb9d5	src/main/10CA4.c	func_800204A4	93	c-empty
SLUS_013.95	0x80054530	func_80054530	2	7678540574197b420f17571673856a74783eb9d5	src/main/10CA4.c	func_800204A4	93	c-empty
SLUS_013.95	0x80054538	func_80054538	2	7678540574197b420f17571673856a74783eb9d5	src/main/10CA4.c	func_800204A4	93	c-empty
SLUS_013.95	0x80054540	func_80054540	2	7678540574197b420f17571673856a74783eb9d5	src/main/10CA4.c	func_800204A4	93	c-empty
SLUS_013.95	0x80054548	func_80054548	2	7678540574197b420f17571673856a74783eb9d5	src/main/10CA4.c	func_800204A4	93	c-empty
SLUS_013.95	0x80054550	func_80054550	2	7678540574197b420f17571673856a74783eb9d5	src/main/10CA4.c	func_800204A4	93	c-empty
SLUS_013.95	0x80054558	func_80054558	2	7678540574197b420f17571673856a74783eb9d5	src/main/10CA4.c	func_800204A4	93	c-empty
SLUS_013.95	0x80054560	func_80054560	2	7678540574197b420f17571673856a74783eb9d5	src/main/10CA4.c	func_800204A4	93	c-empty
SLUS_013.95	0x80054568	func_80054568	2	7678540574197b420f17571673856a74783eb9d5	src/main/10CA4.c	func_800204A4	93	c-empty
SLUS_013.95	0x80054570	func_80054570	2	7678540574197b420f17571673856a74783eb9d5	src/main/10CA4.c	func_800204A4	93	c-empty
SLUS_013.95	0x80054578	func_80054578	2	7678540574197b420f17571673856a74783eb9d5	src/main/10CA4.c	func_800204A4	93	c-empty
SLUS_013.95	0x80054580	func_80054580	2	7678540574197b420f17571673856a74783eb9d5	src/main/10CA4.c	func_800204A4	93	c-empty
SLUS_013.95	0x80054588	func_80054588	2	7678540574197b420f17571673856a74783eb9d5	src/main/10CA4.c	func_800204A4	93	c-empty
SLUS_013.95	0x80054590	func_80054590	2	7678540574197b420f17571673856a74783eb9d5	src/main/10CA4.c	func_800204A4	93	c-empty
SLUS_013.95	0x80054598	func_80054598	2	7678540574197b420f17571673856a74783eb9d5	src/main/10CA4.c	func_800204A4	93	c-empty
SLUS_013.95	0x800545A0	func_800545A0	2	7678540574197b420f17571673856a74783eb9d5	src/main/10CA4.c	func_800204A4	93	c-empty
SLUS_013.95	0x800545A8	func_800545A8	2	7678540574197b420f17571673856a74783eb9d5	src/main/10CA4.c	func_800204A4	93	c-empty
SLUS_013.95	0x800545B0	func_800545B0	2	7678540574197b420f17571673856a74783eb9d5	src/main/10CA4.c	func_800204A4	93	c-empty
SLUS_013.95	0x800545B8	func_800545B8	2	7678540574197b420f17571673856a74783eb9d5	src/main/10CA4.c	func_800204A4	93	c-empty
SLUS_013.95	0x800545C0	func_800545C0	2	7678540574197b420f17571673856a74783eb9d5	src/main/10CA4.c	func_800204A4	93	c-empty
SLUS_013.95	0x800545C8	func_800545C8	2	7678540574197b420f17571673856a74783eb9d5	src/main/10CA4.c	func_800204A4	93	c-empty
SLUS_013.95	0x800545D0	func_800545D0	2	7678540574197b420f17571673856a74783eb9d5	src/main/10CA4.c	func_800204A4	93	c-empty
SLUS_013.95	0x800545D8	func_800545D8	2	7678540574197b420f17571673856a74783eb9d5	src/main/10CA4.c	func_800204A4	93	c-empty
SLUS_013.95	0x800545E0	func_800545E0	2	7678540574197b420f17571673856a74783eb9d5	src/main/10CA4.c	func_800204A4	93	c-empty
SLUS_013.95	0x800545E8	func_800545E8	2	7678540574197b420f17571673856a74783eb9d5	src/main/10CA4.c	func_800204A4	93	c-empty
SLUS_013.95	0x800545F0	func_800545F0	2	7678540574197b420f17571673856a74783eb9d5	src/main/10CA4.c	func_800204A4	93	c-empty
SLUS_013.95	0x800545F8	func_800545F8	2	7678540574197b420f17571673856a74783eb9d5	src/main/10CA4.c	func_800204A4	93	c-empty
SLUS_013.95	0x80054600	func_80054600	2	7678540574197b420f17571673856a74783eb9d5	src/main/10CA4.c	func_800204A4	93	c-empty
SLUS_013.95	0x80054608	func_80054608	2	7678540574197b420f17571673856a74783eb9d5	src/main/10CA4.c	func_800204A4	93	c-empty
SLUS_013.95	0x80054610	func_80054610	2	7678540574197b420f17571673856a74783eb9d5	src/main/10CA4.c	func_800204A4	93	c-empty
SLUS_013.95	0x80054618	func_80054618	2	7678540574197b420f17571673856a74783eb9d5	src/main/10CA4.c	func_800204A4	93	c-empty
SLUS_013.95	0x80054620	func_80054620	2	7678540574197b420f17571673856a74783eb9d5	src/main/10CA4.c	func_800204A4	93	c-empty
SLUS_013.95	0x80054628	func_80054628	2	7678540574197b420f17571673856a74783eb9d5	src/main/10CA4.c	func_800204A4	93	c-empty
SLUS_013.95	0x80054630	func_80054630	2	7678540574197b420f17571673856a74783eb9d5	src/main/10CA4.c	func_800204A4	93	c-empty
SLUS_013.95	0x80054638	func_80054638	2	7678540574197b420f17571673856a74783eb9d5	src/main/10CA4.c	func_800204A4	93	c-empty
SLUS_013.95	0x80054640	func_80054640	2	7678540574197b420f17571673856a74783eb9d5	src/main/10CA4.c	func_800204A4	93	c-empty
SLUS_013.95	0x80054648	func_80054648	2	7678540574197b420f17571673856a74783eb9d5	src/main/10CA4.c	func_800204A4	93	c-empty
SLUS_013.95	0x80054650	func_80054650	2	7678540574197b420f17571673856a74783eb9d5	src/main/10CA4.c	func_800204A4	93	c-empty
SLUS_013.95	0x80054658	func_80054658	2	7678540574197b420f17571673856a74783eb9d5	src/main/10CA4.c	func_800204A4	93	c-empty
SLUS_013.95	0x80054660	func_80054660	2	7678540574197b420f17571673856a74783eb9d5	src/main/10CA4.c	func_800204A4	93	c-empty
SLUS_013.95	0x80054668	func_80054668	2	7678540574197b420f17571673856a74783eb9d5	src/main/10CA4.c	func_800204A4	93	c-empty
SLUS_013.95	0x80054670	func_80054670	2	7678540574197b420f17571673856a74783eb9d5	src/main/10CA4.c	func_800204A4	93	c-empty
SLUS_013.95	0x80054678	func_80054678	2	7678540574197b420f17571673856a74783eb9d5	src/main/10CA4.c	func_800204A4	93	c-empty
SLUS_013.95	0x80054680	func_80054680	2	7678540574197b420f17571673856a74783eb9d5	src/main/10CA4.c	func_800204A4	93	c-empty
SLUS_013.95	0x80054688	func_80054688	2	7678540574197b420f17571673856a74783eb9d5	src/main/10CA4.c	func_800204A4	93	c-empty
SLUS_013.95	0x80054690	func_80054690	2	7678540574197b420f17571673856a74783eb9d5	src/main/10CA4.c	func_800204A4	93	c-empty
SLUS_013.95	0x80054698	func_80054698	2	7678540574197b420f17571673856a74783eb9d5	src/main/10CA4.c	func_800204A4	93	c-empty
SLUS_013.95	0x800546A0	func_800546A0	2	7678540574197b420f17571673856a74783eb9d5	src/main/10CA4.c	func_800204A4	93	c-empty
SLUS_013.95	0x800546A8	func_800546A8	2	7678540574197b420f17571673856a74783eb9d5	src/main/10CA4.c	func_800204A4	93	c-empty
SLUS_013.95	0x800546B0	func_800546B0	2	7678540574197b420f17571673856a74783eb9d5	src/main/10CA4.c	func_800204A4	93	c-empty
SLUS_013.95	0x800546B8	func_800546B8	2	7678540574197b420f17571673856a74783eb9d5	src/main/10CA4.c	func_800204A4	93	c-empty
SLUS_013.95	0x800546C0	func_800546C0	2	7678540574197b420f17571673856a74783eb9d5	src/main/10CA4.c	func_800204A4	93	c-empty
SLUS_013.95	0x800546C8	func_800546C8	2	7678540574197b420f17571673856a74783eb9d5	src/main/10CA4.c	func_800204A4	93	c-empty
SLUS_013.95	0x800546D0	func_800546D0	2	7678540574197b420f17571673856a74783eb9d5	src/main/10CA4.c	func_800204A4	93	c-empty
SLUS_013.95	0x800546D8	func_800546D8	2	7678540574197b420f17571673856a74783eb9d5	src/main/10CA4.c	func_800204A4	93	c-empty
SLUS_013.95	0x800546E0	func_800546E0	2	7678540574197b420f17571673856a74783eb9d5	src/main/10CA4.c	func_800204A4	93	c-empty
SLUS_013.95	0x800546E8	func_800546E8	2	7678540574197b420f17571673856a74783eb9d5	src/main/10CA4.c	func_800204A4	93	c-empty
SLUS_013.95	0x800546F0	func_800546F0	2	7678540574197b420f17571673856a74783eb9d5	src/main/10CA4.c	func_800204A4	93	c-empty
SLUS_013.95	0x800546F8	func_800546F8	2	7678540574197b420f17571673856a74783eb9d5	src/main/10CA4.c	func_800204A4	93	c-empty
SLUS_013.95	0x80054700	func_80054700	2	7678540574197b420f17571673856a74783eb9d5	src/main/10CA4.c	func_800204A4	93	c-empty
SLUS_013.95	0x80054708	func_80054708	2	7678540574197b420f17571673856a74783eb9d5	src/main/10CA4.c	func_800204A4	93	c-empty
SLUS_013.95	0x80054710	func_80054710	2	7678540574197b420f17571673856a74783eb9d5	src/main/10CA4.c	func_800204A4	93	c-empty
SLUS_013.95	0x80054718	func_80054718	2	7678540574197b420f17571673856a74783eb9d5	src/main/10CA4.c	func_800204A4	93	c-empty
SLUS_013.95	0x80054720	func_80054720	2	7678540574197b420f17571673856a74783eb9d5	src/main/10CA4.c	func_800204A4	93	c-empty
SLUS_013.95	0x80054728	func_80054728	2	7678540574197b420f17571673856a74783eb9d5	src/main/10CA4.c	func_800204A4	93	c-empty
SLUS_013.95	0x80054730	func_80054730	2	7678540574197b420f17571673856a74783eb9d5	src/main/10CA4.c	func_800204A4	93	c-empty
SLUS_013.95	0x80054738	func_80054738	2	7678540574197b420f17571673856a74783eb9d5	src/main/10CA4.c	func_800204A4	93	c-empty
SLUS_013.95	0x80054740	func_80054740	2	7678540574197b420f17571673856a74783eb9d5	src/main/10CA4.c	func_800204A4	93	c-empty
SLUS_013.95	0x80054748	func_80054748	2	7678540574197b420f17571673856a74783eb9d5	src/main/10CA4.c	func_800204A4	93	c-empty
SLUS_013.95	0x80054750	func_80054750	2	7678540574197b420f17571673856a74783eb9d5	src/main/10CA4.c	func_800204A4	93	c-empty
SLUS_013.95	0x80054758	func_80054758	2	7678540574197b420f17571673856a74783eb9d5	src/main/10CA4.c	func_800204A4	93	c-empty
SLUS_013.95	0x80054760	func_80054760	2	7678540574197b420f17571673856a74783eb9d5	src/main/10CA4.c	func_800204A4	93	c-empty
SLUS_013.95	0x80054768	func_80054768	2	7678540574197b420f17571673856a74783eb9d5	src/main/10CA4.c	func_800204A4	93	c-empty
SLUS_013.95	0x80054770	func_80054770	2	7678540574197b420f17571673856a74783eb9d5	src/main/10CA4.c	func_800204A4	93	c-empty
SLUS_013.95	0x80054778	func_80054778	2	7678540574197b420f17571673856a74783eb9d5	src/main/10CA4.c	func_800204A4	93	c-empty
SLUS_013.95	0x80054780	func_80054780	2	7678540574197b420f17571673856a74783eb9d5	src/main/10CA4.c	func_800204A4	93	c-empty
SLUS_013.95	0x80054788	func_80054788	2	7678540574197b420f17571673856a74783eb9d5	src/main/10CA4.c	func_800204A4	93	c-empty
SLUS_013.95	0x80054790	func_80054790	2	7678540574197b420f17571673856a74783eb9d5	src/main/10CA4.c	func_800204A4	93	c-empty
SLUS_013.95	0x80054798	func_80054798	2	7678540574197b420f17571673856a74783eb9d5	src/main/10CA4.c	func_800204A4	93	c-empty
SLUS_013.95	0x800547A0	func_800547A0	2	7678540574197b420f17571673856a74783eb9d5	src/main/10CA4.c	func_800204A4	93	c-empty
SLUS_013.95	0x800547A8	func_800547A8	2	7678540574197b420f17571673856a74783eb9d5	src/main/10CA4.c	func_800204A4	93	c-empty
SLUS_013.95	0x800547B0	func_800547B0	2	7678540574197b420f17571673856a74783eb9d5	src/main/10CA4.c	func_800204A4	93	c-empty
SLUS_013.95	0x800547B8	func_800547B8	2	7678540574197b420f17571673856a74783eb9d5	src/main/10CA4.c	func_800204A4	93	c-empty
SLUS_013.95	0x800547C0	func_800547C0	2	7678540574197b420f17571673856a74783eb9d5	src/main/10CA4.c	func_800204A4	93	c-empty
SLUS_013.95	0x800547C8	func_800547C8	2	7678540574197b420f17571673856a74783eb9d5	src/main/10CA4.c	func_800204A4	93	c-empty
SLUS_013.95	0x800547D0	func_800547D0	2	7678540574197b420f17571673856a74783eb9d5	src/main/10CA4.c	func_800204A4	93	c-empty
SLUS_013.95	0x800547D8	func_800547D8	2	7678540574197b420f17571673856a74783eb9d5	src/main/10CA4.c	func_800204A4	93	c-empty
SLUS_013.95	0x800547E0	func_800547E0	2	7678540574197b420f17571673856a74783eb9d5	src/main/10CA4.c	func_800204A4	93	c-empty
SLUS_013.95	0x800547E8	func_800547E8	2	7678540574197b420f17571673856a74783eb9d5	src/main/10CA4.c	func_800204A4	93	c-empty
SLUS_013.95	0x800547F0	func_800547F0	2	7678540574197b420f17571673856a74783eb9d5	src/main/10CA4.c	func_800204A4	93	c-empty
SLUS_013.95	0x800547F8	func_800547F8	2	7678540574197b420f17571673856a74783eb9d5	src/main/10CA4.c	func_800204A4	93	c-empty
SLUS_013.95	0x80054800	func_80054800	2	7678540574197b420f17571673856a74783eb9d5	src/main/10CA4.c	func_800204A4	93	c-empty
SLUS_013.95	0x80054808	func_80054808	2	7678540574197b420f17571673856a74783eb9d5	src/main/10CA4.c	func_800204A4	93	c-empty
SLUS_013.95	0x80054810	func_80054810	2	7678540574197b420f17571673856a74783eb9d5	src/main/10CA4.c	func_800204A4	93	c-empty
SLUS_013.95	0x80054818	func_80054818	2	7678540574197b420f17571673856a74783eb9d5	src/main/10CA4.c	func_800204A4	93	c-empty
SLUS_013.95	0x80054820	func_80054820	2	7678540574197b420f17571673856a74783eb9d5	src/main/10CA4.c	func_800204A4	93	c-empty
SLUS_013.95	0x80054828	func_80054828	2	7678540574197b420f17571673856a74783eb9d5	src/main/10CA4.c	func_800204A4	93	c-empty
SLUS_013.95	0x80054830	func_80054830	2	7678540574197b420f17571673856a74783eb9d5	src/main/10CA4.c	func_800204A4	93	c-empty
SLUS_013.95	0x80054838	func_80054838	2	7678540574197b420f17571673856a74783eb9d5	src/main/10CA4.c	func_800204A4	93	c-empty
SLUS_013.95	0x80054840	func_80054840	2	7678540574197b420f17571673856a74783eb9d5	src/main/10CA4.c	func_800204A4	93	c-empty
SLUS_013.95	0x80054848	func_80054848	2	7678540574197b420f17571673856a74783eb9d5	src/main/10CA4.c	func_800204A4	93	c-empty
SLUS_013.95	0x80054850	func_80054850	2	7678540574197b420f17571673856a74783eb9d5	src/main/10CA4.c	func_800204A4	93	c-empty
SLUS_013.95	0x80054858	func_80054858	2	7678540574197b420f17571673856a74783eb9d5	src/main/10CA4.c	func_800204A4	93	c-empty
SLUS_013.95	0x80054860	func_80054860	2	7678540574197b420f17571673856a74783eb9d5	src/main/10CA4.c	func_800204A4	93	c-empty
SLUS_013.95	0x80054868	func_80054868	2	7678540574197b420f17571673856a74783eb9d5	src/main/10CA4.c	func_800204A4	93	c-empty
SLUS_013.95	0x80054870	func_80054870	2	7678540574197b420f17571673856a74783eb9d5	src/main/10CA4.c	func_800204A4	93	c-empty
SLUS_013.95	0x80054878	func_80054878	2	7678540574197b420f17571673856a74783eb9d5	src/main/10CA4.c	func_800204A4	93	c-empty
SLUS_013.95	0x80054880	func_80054880	2	7678540574197b420f17571673856a74783eb9d5	src/main/10CA4.c	func_800204A4	93	c-empty
SLUS_013.95	0x80054888	func_80054888	2	7678540574197b420f17571673856a74783eb9d5	src/main/10CA4.c	func_800204A4	93	c-empty
SLUS_013.95	0x80054890	func_80054890	2	7678540574197b420f17571673856a74783eb9d5	src/main/10CA4.c	func_800204A4	93	c-empty
SLUS_013.95	0x80054898	func_80054898	2	7678540574197b420f17571673856a74783eb9d5	src/main/10CA4.c	func_800204A4	93	c-empty
SLUS_013.95	0x800548A0	func_800548A0	2	7678540574197b420f17571673856a74783eb9d5	src/main/10CA4.c	func_800204A4	93	c-empty
SLUS_013.95	0x800548A8	func_800548A8	2	7678540574197b420f17571673856a74783eb9d5	src/main/10CA4.c	func_800204A4	93	c-empty
SLUS_013.95	0x800548B0	func_800548B0	2	7678540574197b420f17571673856a74783eb9d5	src/main/10CA4.c	func_800204A4	93	c-empty
SLUS_013.95	0x800548B8	func_800548B8	2	7678540574197b420f17571673856a74783eb9d5	src/main/10CA4.c	func_800204A4	93	c-empty
SLUS_013.95	0x800548C0	func_800548C0	2	7678540574197b420f17571673856a74783eb9d5	src/main/10CA4.c	func_800204A4	93	c-empty
SLUS_013.95	0x800548C8	func_800548C8	2	7678540574197b420f17571673856a74783eb9d5	src/main/10CA4.c	func_800204A4	93	c-empty
SLUS_013.95	0x800548D0	func_800548D0	2	7678540574197b420f17571673856a74783eb9d5	src/main/10CA4.c	func_800204A4	93	c-empty
SLUS_013.95	0x800548D8	func_800548D8	2	7678540574197b420f17571673856a74783eb9d5	src/main/10CA4.c	func_800204A4	93	c-empty
SLUS_013.95	0x800548E0	func_800548E0	2	7678540574197b420f17571673856a74783eb9d5	src/main/10CA4.c	func_800204A4	93	c-empty
SLUS_013.95	0x800548E8	func_800548E8	2	7678540574197b420f17571673856a74783eb9d5	src/main/10CA4.c	func_800204A4	93	c-empty
SLUS_013.95	0x800548F0	func_800548F0	2	7678540574197b420f17571673856a74783eb9d5	src/main/10CA4.c	func_800204A4	93	c-empty
SLUS_013.95	0x800548F8	func_800548F8	2	7678540574197b420f17571673856a74783eb9d5	src/main/10CA4.c	func_800204A4	93	c-empty
SLUS_013.95	0x80054900	func_80054900	2	7678540574197b420f17571673856a74783eb9d5	src/main/10CA4.c	func_800204A4	93	c-empty
SLUS_013.95	0x80054908	func_80054908	2	7678540574197b420f17571673856a74783eb9d5	src/main/10CA4.c	func_800204A4	93	c-empty
SLUS_013.95	0x80054910	func_80054910	2	7678540574197b420f17571673856a74783eb9d5	src/main/10CA4.c	func_800204A4	93	c-empty
SLUS_013.95	0x80054918	func_80054918	2	7678540574197b420f17571673856a74783eb9d5	src/main/10CA4.c	func_800204A4	93	c-empty
SLUS_013.95	0x80054920	func_80054920	2	7678540574197b420f17571673856a74783eb9d5	src/main/10CA4.c	func_800204A4	93	c-empty
SLUS_013.95	0x80054928	func_80054928	2	7678540574197b420f17571673856a74783eb9d5	src/main/10CA4.c	func_800204A4	93	c-empty
SLUS_013.95	0x80054930	func_80054930	2	7678540574197b420f17571673856a74783eb9d5	src/main/10CA4.c	func_800204A4	93	c-empty
SLUS_013.95	0x80054938	func_80054938	2	7678540574197b420f17571673856a74783eb9d5	src/main/10CA4.c	func_800204A4	93	c-empty
SLUS_013.95	0x80054940	func_80054940	2	7678540574197b420f17571673856a74783eb9d5	src/main/10CA4.c	func_800204A4	93	c-empty
SLUS_013.95	0x80054948	func_80054948	2	7678540574197b420f17571673856a74783eb9d5	src/main/10CA4.c	func_800204A4	93	c-empty
SLUS_013.95	0x80054950	func_80054950	2	7678540574197b420f17571673856a74783eb9d5	src/main/10CA4.c	func_800204A4	93	c-empty
SLUS_013.95	0x80054958	func_80054958	2	7678540574197b420f17571673856a74783eb9d5	src/main/10CA4.c	func_800204A4	93	c-empty
SLUS_013.95	0x80054960	func_80054960	2	7678540574197b420f17571673856a74783eb9d5	src/main/10CA4.c	func_800204A4	93	c-empty
SLUS_013.95	0x80054968	func_80054968	2	7678540574197b420f17571673856a74783eb9d5	src/main/10CA4.c	func_800204A4	93	c-empty
SLUS_013.95	0x80054970	func_80054970	2	7678540574197b420f17571673856a74783eb9d5	src/main/10CA4.c	func_800204A4	93	c-empty
SLUS_013.95	0x80054978	func_80054978	2	7678540574197b420f17571673856a74783eb9d5	src/main/10CA4.c	func_800204A4	93	c-empty
SLUS_013.95	0x80054980	func_80054980	2	7678540574197b420f17571673856a74783eb9d5	src/main/10CA4.c	func_800204A4	93	c-empty
SLUS_013.95	0x80054988	func_80054988	2	7678540574197b420f17571673856a74783eb9d5	src/main/10CA4.c	func_800204A4	93	c-empty
SLUS_013.95	0x80054990	func_80054990	2	7678540574197b420f17571673856a74783eb9d5	src/main/10CA4.c	func_800204A4	93	c-empty
SLUS_013.95	0x80054998	func_80054998	2	7678540574197b420f17571673856a74783eb9d5	src/main/10CA4.c	func_800204A4	93	c-empty
SLUS_013.95	0x800549A0	func_800549A0	2	7678540574197b420f17571673856a74783eb9d5	src/main/10CA4.c	func_800204A4	93	c-empty
SLUS_013.95	0x800549A8	func_800549A8	2	7678540574197b420f17571673856a74783eb9d5	src/main/10CA4.c	func_800204A4	93	c-empty
SLUS_013.95	0x800549B0	func_800549B0	2	7678540574197b420f17571673856a74783eb9d5	src/main/10CA4.c	func_800204A4	93	c-empty
SLUS_013.95	0x800549B8	func_800549B8	2	7678540574197b420f17571673856a74783eb9d5	src/main/10CA4.c	func_800204A4	93	c-empty
SLUS_013.95	0x800549C0	func_800549C0	2	7678540574197b420f17571673856a74783eb9d5	src/main/10CA4.c	func_800204A4	93	c-empty
SLUS_013.95	0x800549C8	func_800549C8	2	7678540574197b420f17571673856a74783eb9d5	src/main/10CA4.c	func_800204A4	93	c-empty
SLUS_013.95	0x800549D0	func_800549D0	2	7678540574197b420f17571673856a74783eb9d5	src/main/10CA4.c	func_800204A4	93	c-empty
SLUS_013.95	0x800549D8	func_800549D8	2	7678540574197b420f17571673856a74783eb9d5	src/main/10CA4.c	func_800204A4	93	c-empty
SLUS_013.95	0x800549E0	func_800549E0	2	7678540574197b420f17571673856a74783eb9d5	src/main/10CA4.c	func_800204A4	93	c-empty
SLUS_013.95	0x800549E8	func_800549E8	2	7678540574197b420f17571673856a74783eb9d5	src/main/10CA4.c	func_800204A4	93	c-empty
SLUS_013.95	0x800549F0	func_800549F0	2	7678540574197b420f17571673856a74783eb9d5	src/main/10CA4.c	func_800204A4	93	c-empty
SLUS_013.95	0x800549F8	func_800549F8	2	7678540574197b420f17571673856a74783eb9d5	src/main/10CA4.c	func_800204A4	93	c-empty
SLUS_013.95	0x80054A00	func_80054A00	2	7678540574197b420f17571673856a74783eb9d5	src/main/10CA4.c	func_800204A4	93	c-empty
SLUS_013.95	0x80054A08	func_80054A08	2	7678540574197b420f17571673856a74783eb9d5	src/main/10CA4.c	func_800204A4	93	c-empty
SLUS_013.95	0x80054A10	func_80054A10	2	7678540574197b420f17571673856a74783eb9d5	src/main/10CA4.c	func_800204A4	93	c-empty
SLUS_013.95	0x80054A18	func_80054A18	2	7678540574197b420f17571673856a74783eb9d5	src/main/10CA4.c	func_800204A4	93	c-empty
SLUS_013.95	0x80054A20	func_80054A20	2	7678540574197b420f17571673856a74783eb9d5	src/main/10CA4.c	func_800204A4	93	c-empty
SLUS_013.95	0x80054A28	func_80054A28	2	7678540574197b420f17571673856a74783eb9d5	src/main/10CA4.c	func_800204A4	93	c-empty
SLUS_013.95	0x80054A30	func_80054A30	2	7678540574197b420f17571673856a74783eb9d5	src/main/10CA4.c	func_800204A4	93	c-empty
SLUS_013.95	0x80054A38	func_80054A38	2	7678540574197b420f17571673856a74783eb9d5	src/main/10CA4.c	func_800204A4	93	c-empty
SLUS_013.95	0x80054A40	func_80054A40	2	7678540574197b420f17571673856a74783eb9d5	src/main/10CA4.c	func_800204A4	93	c-empty
SLUS_013.95	0x80054A48	func_80054A48	2	7678540574197b420f17571673856a74783eb9d5	src/main/10CA4.c	func_800204A4	93	c-empty
SLUS_013.95	0x80054A50	func_80054A50	2	7678540574197b420f17571673856a74783eb9d5	src/main/10CA4.c	func_800204A4	93	c-empty
SLUS_013.95	0x80054A58	func_80054A58	2	7678540574197b420f17571673856a74783eb9d5	src/main/10CA4.c	func_800204A4	93	c-empty
SLUS_013.95	0x80054A60	func_80054A60	2	7678540574197b420f17571673856a74783eb9d5	src/main/10CA4.c	func_800204A4	93	c-empty
SLUS_013.95	0x80054A68	func_80054A68	2	7678540574197b420f17571673856a74783eb9d5	src/main/10CA4.c	func_800204A4	93	c-empty
SLUS_013.95	0x80054A70	func_80054A70	2	7678540574197b420f17571673856a74783eb9d5	src/main/10CA4.c	func_800204A4	93	c-empty
SLUS_013.95	0x80054A78	func_80054A78	2	7678540574197b420f17571673856a74783eb9d5	src/main/10CA4.c	func_800204A4	93	c-empty
SLUS_013.95	0x80054A80	func_80054A80	2	7678540574197b420f17571673856a74783eb9d5	src/main/10CA4.c	func_800204A4	93	c-empty
SLUS_013.95	0x80054A88	func_80054A88	2	7678540574197b420f17571673856a74783eb9d5	src/main/10CA4.c	func_800204A4	93	c-empty
SLUS_013.95	0x80054A90	func_80054A90	2	7678540574197b420f17571673856a74783eb9d5	src/main/10CA4.c	func_800204A4	93	c-empty
SLUS_013.95	0x80054A98	func_80054A98	2	7678540574197b420f17571673856a74783eb9d5	src/main/10CA4.c	func_800204A4	93	c-empty
SLUS_013.95	0x80054AA0	func_80054AA0	2	7678540574197b420f17571673856a74783eb9d5	src/main/10CA4.c	func_800204A4	93	c-empty
SLUS_013.95	0x80054AA8	func_80054AA8	2	7678540574197b420f17571673856a74783eb9d5	src/main/10CA4.c	func_800204A4	93	c-empty
SLUS_013.95	0x80054AB0	func_80054AB0	2	7678540574197b420f17571673856a74783eb9d5	src/main/10CA4.c	func_800204A4	93	c-empty
SLUS_013.95	0x80054AB8	func_80054AB8	2	7678540574197b420f17571673856a74783eb9d5	src/main/10CA4.c	func_800204A4	93	c-empty
SLUS_013.95	0x80054AC0	func_80054AC0	2	7678540574197b420f17571673856a74783eb9d5	src/main/10CA4.c	func_800204A4	93	c-empty
SLUS_013.95	0x80054AC8	func_80054AC8	2	7678540574197b420f17571673856a74783eb9d5	src/main/10CA4.c	func_800204A4	93	c-empty
SLUS_013.95	0x80054AD0	func_80054AD0	2	7678540574197b420f17571673856a74783eb9d5	src/main/10CA4.c	func_800204A4	93	asm
SLUS_013.95	0x80061210	func_80061210	9	c76ccc88d794b1f0f107feece381d061762d2402	src/main/psxsdk/libetc/intr.c	memclr	2	asm
SLUS_013.95	0x80061324	func_80061324	9	c76ccc88d794b1f0f107feece381d061762d2402	src/main/psxsdk/libetc/intr.c	memclr	2	asm
SLUS_013.95	0x800615CC	func_800615CC	9	c76ccc88d794b1f0f107feece381d061762d2402	src/main/psxsdk/libetc/intr.c	memclr	2	asm
SLUS_013.95	0x800617A4	func_800617A4	32	9bdfaaaecff6759770c1897cb0f2cbb7cbcd5227	src/main/psxsdk/libgs/gs_125.c	CdPosToInt	1	asm
SLUS_013.95	0x80064804	func_80064804	27	45d81cc1ffc6b5e477c0f356a55a981210998d28	src/main/psxsdk/libgs/gs_125.c	CdReset	1	asm
SLUS_013.95	0x80064C94	func_80064C94	8	f184a653052af4a0dca5893620ea0290710b567b	src/main/psxsdk/libgs/gs_125.c	CdMix	1	asm
SLUS_013.95	0x80064CB4	func_80064CB4	8	11a3a1f28635d2e59d658bfbe1e91deea38136a0	src/main/psxsdk/libgs/gs_125.c	CdGetSector	1	asm
SLUS_013.95	0x80065814	func_80065814	8	11a3a1f28635d2e59d658bfbe1e91deea38136a0	src/main/psxsdk/libgs/gs_125.c	CdGetSector	1	asm
SLUS_013.95	0x80067DE8	func_80067DE8	2	7678540574197b420f17571673856a74783eb9d5	src/main/10CA4.c	func_800204A4	93	asm
SLUS_013.95	0x80068D94	func_80068D94	15	664a2c02796e50ced7f9f2df6c819dfb9ad7f936	src/main/psxsdk/libgpu/ext.c	SetDefDispEnv	1	asm
SLUS_013.95	0x80068EB4	func_80068EB4	13	ce020501b031c71ab431c8276bd2a2c5964c5949	src/main/psxsdk/libpress/libpress.c	DecDCTReset	1	asm
rock_00	0x801EB6E8	func_801EB6E8	18	7ed66a719ddbf44c970c17157a6cbf0663f9a1dc	src/main/player_special.c	player_enter_ladder_shoot	1	c
rock_00	0x801EB730	func_801EB730	38	543816517dc77ed66ace6433c4ed88c5b8579e79	src/main/player_special.c	player_ladder_shoot	1	include_asm
rock_00	0x801EB968	func_801EB968	18	404516d3d41da670a5d411d79deec94513d1cdaf	src/main/mains/main_32_bomb_bat.c	bomb_bat_hover	5	include_asm
rock_00	0x801EB9B0	func_801EB9B0	15	6d5cbe2977a0458aae5ce636a33413369a570006	src/main/items/item_11_teleporter.c	teleporter_warp	205	c
rock_00	0x801EBEA4	func_801EBEA4	18	404516d3d41da670a5d411d79deec94513d1cdaf	src/main/mains/main_32_bomb_bat.c	bomb_bat_hover	5	include_asm
rock_00	0x801EBEEC	func_801EBEEC	15	6d5cbe2977a0458aae5ce636a33413369a570006	src/main/items/item_11_teleporter.c	teleporter_warp	205	c
rock_00	0x801EC0C0	func_801EC0C0	25	2140a7d039ea914ad517696ac95564a22a3077c3	src/main/player_special.c	player_hover_hold	1	c
rock_00	0x801EC124	func_801EC124	36	ecb393d0593cb8fb9027d90d2cd840f5e6571b93	src/main/player_special.c	player_hover_forward	1	c
rock_00	0x801EC1B4	func_801EC1B4	35	c351fcf586bffef609244cdd643962f781ab23ab	src/main/player_special.c	player_hover_forward_stop	1	include_asm
rock_00	0x801EC240	func_801EC240	36	89cef0de1a8cdd594582db50a0111b4b835337df	src/main/player_special.c	player_hover_back	1	c
rock_00	0x801EC2D0	func_801EC2D0	35	b28126054f46cb1452e2b263ae380aca2d10fed9	src/main/player_special.c	player_hover_back_stop	1	include_asm
rock_00	0x801EC478	func_801EC478	18	5022eaa906210d154a14bdc85094cdbcc03e505f	src/main/player_special.c	player_hover_set_direction	1	include_asm
rock_00	0x801EC4C0	func_801EC4C0	21	a538f84cd138e2687ecdecd1f53e34cdb71c56f5	src/main/player_special.c	player_nova_strike_windup	1	c
rock_00	0x801EC678	func_801EC678	22	d466f08b501fd9ea7925b4abe380638a50063f25	src/main/player_special.c	player_nova_strike_hit_wall	1	include_asm
rock_00	0x801EC9A0	func_801EC9A0	11	ee72e949e43887a07c0fcf223ea11b8c9414a6a1	src/main/items/item_10_spark_machine.c	spark_machine_broken	20	c
rock_00	0x801ECD24	func_801ECD24	15	9736cfd16dd57ea8c770044831d126a1d34058d8	src/main/weapons/weapon_01_lightning_web.c	lightning_web_release	1	include_asm
rock_00	0x801ECDEC	func_801ECDEC	8	7f693e46b2295478282394980377f04c2f3d08dc	src/main/10CA4.c	func_800204AC	190	c
rock_00	0x801EE05C	func_801EE05C	15	aad97fb234fe33354651730a18c7d90621ac4e6a	src/main/144A4.c	func_80023CA4	207	c
rock_00	0x801EE098	func_801EE098	15	aad97fb234fe33354651730a18c7d90621ac4e6a	src/main/144A4.c	func_80023CA4	207	c
rock_00	0x801EE0D4	func_801EE0D4	15	aad97fb234fe33354651730a18c7d90621ac4e6a	src/main/144A4.c	func_80023CA4	207	c
rock_00	0x801EE110	func_801EE110	15	aad97fb234fe33354651730a18c7d90621ac4e6a	src/main/144A4.c	func_80023CA4	207	c
rock_00	0x801EE14C	func_801EE14C	49	ab318e028ab59120a4d8178ee4e78f88f4219a58	src/main/weapons/weapon_22_nova_strike_hitbox.c	nova_strike_hitbox_update	1	include_asm
rock_00	0x801EE2D4	func_801EE2D4	15	aad97fb234fe33354651730a18c7d90621ac4e6a	src/main/144A4.c	func_80023CA4	207	c
rock_00	0x801EE310	func_801EE310	15	aad97fb234fe33354651730a18c7d90621ac4e6a	src/main/144A4.c	func_80023CA4	207	c
rock_00	0x801EE458	func_801EE458	33	e25d4c5c14827837f8f62a4f0a9ee9facc388ee6	src/main/weapons/weapon_00_lemon.c	lemon_main	1	include_asm
rock_00	0x801EE5D4	func_801EE5D4	25	9c5292152b2a3d6b33a1f0cb897f1c9a99c41a9c	src/main/weapons/weapon_00_lemon.c	lemon_deflected	1	include_asm
rock_00	0x801EE638	func_801EE638	6	9826ab0faa53c559b49bc48f7771766aabcafcb9	src/main/weapons/weapon_02_frost_tower.c	frost_tower_hide	2	c
rock_00	0x801EE650	func_801EE650	13	3d166b62dbffe907d442858ae63ed15a7c184684	src/main/weapons/weapon_00_lemon.c	buster_shot_despawn	1	c
rock_00	0x801EE9F0	func_801EE9F0	8	7f693e46b2295478282394980377f04c2f3d08dc	src/main/10CA4.c	func_800204AC	190	c
rock_00	0x801EEB7C	func_801EEB7C	30	06aa2f0ae247dcc147ef0c7759b5e876a81db798	src/main/weapons/weapon_20_plasma_shot.c	buster_shot_follow_muzzle	1	include_asm
rock_00	0x801F0788	func_801F0788	15	0d6e8e521f0380121f0695e97284a6903ad75c7c	src/main/effects/effect_09_bg_wind.c	bg_wind_main	41	c
rock_00	0x801F0814	func_801F0814	17	d5fdc58f219e29ea441edc0cb4275c385d4747ef	src/main/weapons/weapon_02_frost_tower.c	frost_tower_despawn	2	include_asm
rock_00	0x801F0858	func_801F0858	6	9826ab0faa53c559b49bc48f7771766aabcafcb9	src/main/weapons/weapon_02_frost_tower.c	frost_tower_hide	2	c
rock_00	0x801F0984	func_801F0984	15	0d6e8e521f0380121f0695e97284a6903ad75c7c	src/main/effects/effect_09_bg_wind.c	bg_wind_main	41	c
rock_00	0x801F1E3C	func_801F1E3C	15	0d6e8e521f0380121f0695e97284a6903ad75c7c	src/main/effects/effect_09_bg_wind.c	bg_wind_main	41	c
rock_00	0x801F2170	func_801F2170	15	0d6e8e521f0380121f0695e97284a6903ad75c7c	src/main/effects/effect_09_bg_wind.c	bg_wind_main	41	c
rock_00	0x801F2B90	func_801F2B90	15	0d6e8e521f0380121f0695e97284a6903ad75c7c	src/main/effects/effect_09_bg_wind.c	bg_wind_main	41	c
rock_00	0x801F3604	func_801F3604	15	aad97fb234fe33354651730a18c7d90621ac4e6a	src/main/144A4.c	func_80023CA4	207	c
rock_00	0x801F3678	func_801F3678	8	7f693e46b2295478282394980377f04c2f3d08dc	src/main/10CA4.c	func_800204AC	190	c
rock_01	0x801ECF7C	func_801ECF7C	5	71839dba5adfae510f827704dccc949c6562ecd4	src/main/effects/effect_08_bg_zone_controller.c	bg_zone_controller_zone_1_enter	12	asm
rock_01	0x801ED288	func_801ED288	8	7f693e46b2295478282394980377f04c2f3d08dc	src/main/10CA4.c	func_800204AC	190	asm
rock_02	0x800E9D80	func_800E9D80	19	092b78e20e4a8e3dd6f0100e81da3d0b6b44ca35	src/main/items/item_00_breakable_wall.c	breakable_wall_update	28	include_asm
rock_02	0x800E9EDC	func_800E9EDC	8	7f693e46b2295478282394980377f04c2f3d08dc	src/main/10CA4.c	func_800204AC	190	c
rock_02	0x800E9EFC	func_800E9EFC	8	7f693e46b2295478282394980377f04c2f3d08dc	src/main/10CA4.c	func_800204AC	190	c
rock_02	0x800EA1D8	func_800EA1D8	19	9f9117540cf8878b2d76d0d98987edfffacdf368	src/main/layers/layer_02_train_tunnel.c	train_tunnel_update	15	include_asm
rock_02	0x800EA224	func_800EA224	15	aad97fb234fe33354651730a18c7d90621ac4e6a	src/main/144A4.c	func_80023CA4	207	c
rock_02	0x800EA40C	func_800EA40C	8	7f693e46b2295478282394980377f04c2f3d08dc	src/main/10CA4.c	func_800204AC	190	c
rock_02	0x800EA42C	func_800EA42C	15	6d5cbe2977a0458aae5ce636a33413369a570006	src/main/items/item_11_teleporter.c	teleporter_warp	205	c
rock_02	0x800EA52C	func_800EA52C	15	6d5cbe2977a0458aae5ce636a33413369a570006	src/main/items/item_11_teleporter.c	teleporter_warp	205	c
rock_02	0x800EA6B8	func_800EA6B8	15	6d5cbe2977a0458aae5ce636a33413369a570006	src/main/items/item_11_teleporter.c	teleporter_warp	205	c
rock_02	0x800EA798	func_800EA798	15	6d5cbe2977a0458aae5ce636a33413369a570006	src/main/items/item_11_teleporter.c	teleporter_warp	205	c
rock_02	0x800EA8D8	func_800EA8D8	2	7678540574197b420f17571673856a74783eb9d5	src/main/10CA4.c	func_800204A4	93	c-empty
rock_02	0x800EAAD8	func_800EAAD8	8	7f693e46b2295478282394980377f04c2f3d08dc	src/main/10CA4.c	func_800204AC	190	c
rock_02	0x800EAFB0	func_800EAFB0	19	9f9117540cf8878b2d76d0d98987edfffacdf368	src/main/layers/layer_02_train_tunnel.c	train_tunnel_update	15	include_asm
rock_02	0x800EB3F4	func_800EB3F4	8	7f693e46b2295478282394980377f04c2f3d08dc	src/main/10CA4.c	func_800204AC	190	c
rock_02	0x800EB414	func_800EB414	15	aad97fb234fe33354651730a18c7d90621ac4e6a	src/main/144A4.c	func_80023CA4	207	c
rock_02	0x800EBC98	func_800EBC98	8	7f693e46b2295478282394980377f04c2f3d08dc	src/main/10CA4.c	func_800204AC	190	c
rock_02	0x800EBCB8	func_800EBCB8	8	7f693e46b2295478282394980377f04c2f3d08dc	src/main/10CA4.c	func_800204AC	190	c
rock_02	0x800EBEA0	func_800EBEA0	15	6d5cbe2977a0458aae5ce636a33413369a570006	src/main/items/item_11_teleporter.c	teleporter_warp	205	c
rock_02	0x800ECF3C	func_800ECF3C	15	aad97fb234fe33354651730a18c7d90621ac4e6a	src/main/144A4.c	func_80023CA4	207	c
rock_02	0x800ED174	func_800ED174	16	e9c7e1dc557eae2ee9d922f351457cb85cda1314	src/main/mains/main_48_sentry_drone.c	sentry_drone_wait_for_player	1	c
rock_02	0x800ED1B4	func_800ED1B4	2	7678540574197b420f17571673856a74783eb9d5	src/main/10CA4.c	func_800204A4	93	c-empty
rock_02	0x800ED1BC	func_800ED1BC	15	6d5cbe2977a0458aae5ce636a33413369a570006	src/main/items/item_11_teleporter.c	teleporter_warp	205	c
rock_02	0x800ED1F8	func_800ED1F8	25	85e8100d55936f7112b4c230e6bb6d66b9ebc803	src/main/mains/main_48_sentry_drone.c	sentry_drone_drift_start	1	include_asm
rock_02	0x800ED25C	func_800ED25C	23	a6e79c949180f6c50b2b3c9650945314517ab2b8	src/main/mains/main_48_sentry_drone.c	sentry_drone_drift_move	1	include_asm
rock_02	0x800ED2B8	func_800ED2B8	15	6d5cbe2977a0458aae5ce636a33413369a570006	src/main/items/item_11_teleporter.c	teleporter_warp	205	c
rock_02	0x800ED2F4	func_800ED2F4	31	327f58c0753afe156aa464b5c67385d099b1f987	src/main/mains/main_48_sentry_drone.c	sentry_drone_dash_start	1	include_asm
rock_02	0x800ED370	func_800ED370	25	0de043eb011495b64acf69985dc05595fefbed6f	src/main/mains/main_48_sentry_drone.c	sentry_drone_dash_move	1	include_asm
rock_02	0x800ED3D4	func_800ED3D4	19	d78453aaa1779408cea3e70ceed2899260fd022e	src/main/mains/main_10_dragonfly.c	dragonfly_carry	13	include_asm
rock_02	0x800ED470	func_800ED470	10	e789ebcec5791086976395f230e4b870ec93ea2c	src/main/mains/main_48_sentry_drone.c	sentry_drone_burst_wait	1	c
rock_02	0x800ED498	func_800ED498	34	b51be65f31c0447c2d29d3ec1a3aa8b6269a0613	src/main/mains/main_48_sentry_drone.c	sentry_drone_burst_repeat	1	include_asm
rock_02	0x800ED590	func_800ED590	19	d78453aaa1779408cea3e70ceed2899260fd022e	src/main/mains/main_10_dragonfly.c	dragonfly_carry	13	include_asm
rock_02	0x800ED7B8	func_800ED7B8	24	be9839e079ddb5ee5645ebcfb9190469b845356f	src/main/mains/main_48_sentry_drone.c	sentry_drone_spread_repeat	1	include_asm
rock_02	0x800ED818	func_800ED818	5	71839dba5adfae510f827704dccc949c6562ecd4	src/main/effects/effect_08_bg_zone_controller.c	bg_zone_controller_zone_1_enter	12	c
rock_02	0x800ED82C	func_800ED82C	6	615c4ab6942cc5ee6560dc81fa1b8ffc53687a37	src/main/mains/main_48_sentry_drone.c	sentry_drone_spread_end	1	c
rock_02	0x800ED844	func_800ED844	15	6d5cbe2977a0458aae5ce636a33413369a570006	src/main/items/item_11_teleporter.c	teleporter_warp	205	c
rock_02	0x800ED880	func_800ED880	16	0565770c6716d04ca8277154008a74f0bca73283	src/main/mains/main_48_sentry_drone.c	sentry_drone_drop_start	1	include_asm
rock_02	0x800ED8C0	func_800ED8C0	11	ee72e949e43887a07c0fcf223ea11b8c9414a6a1	src/main/items/item_10_spark_machine.c	spark_machine_broken	20	c
rock_02	0x800EDC6C	func_800EDC6C	8	7f693e46b2295478282394980377f04c2f3d08dc	src/main/10CA4.c	func_800204AC	190	c
rock_02	0x800EDC8C	func_800EDC8C	2	7678540574197b420f17571673856a74783eb9d5	src/main/10CA4.c	func_800204A4	93	c-empty
rock_02	0x800EDC94	func_800EDC94	19	092b78e20e4a8e3dd6f0100e81da3d0b6b44ca35	src/main/items/item_00_breakable_wall.c	breakable_wall_update	28	include_asm
rock_02	0x800EDCE0	func_800EDCE0	24	7ce572c2f092152843edffa9b7486accb1c1db88	src/main/misc/misc_25_sentry_flash.c	sentry_flash_animate	1	include_asm
rock_02	0x800EDD40	func_800EDD40	8	7f693e46b2295478282394980377f04c2f3d08dc	src/main/10CA4.c	func_800204AC	190	c
rock_02	0x800F0058	func_800F0058	2	7678540574197b420f17571673856a74783eb9d5	src/main/10CA4.c	func_800204A4	93	c-empty
rock_02	0x800F0060	func_800F0060	15	6d5cbe2977a0458aae5ce636a33413369a570006	src/main/items/item_11_teleporter.c	teleporter_warp	205	c
rock_02	0x800F03E4	func_800F03E4	2	7678540574197b420f17571673856a74783eb9d5	src/main/10CA4.c	func_800204A4	93	c-empty
rock_02	0x800F0F10	func_800F0F10	15	0d6e8e521f0380121f0695e97284a6903ad75c7c	src/main/effects/effect_09_bg_wind.c	bg_wind_main	41	c
rock_02	0x800F1388	func_800F1388	16	38e1a722ce8eb22c0c91e96517429c593bfa9d95	src/main/mains/main_62_flame_jet.c	flame_jet_update	8	include_asm
rock_02	0x800F13C8	func_800F13C8	8	7f693e46b2295478282394980377f04c2f3d08dc	src/main/10CA4.c	func_800204AC	190	c
rock_02	0x800F13E8	func_800F13E8	8	7f693e46b2295478282394980377f04c2f3d08dc	src/main/10CA4.c	func_800204AC	190	c
rock_02	0x800F1408	func_800F1408	8	7f693e46b2295478282394980377f04c2f3d08dc	src/main/10CA4.c	func_800204AC	190	c
rock_02	0x800F14D0	func_800F14D0	8	7f693e46b2295478282394980377f04c2f3d08dc	src/main/10CA4.c	func_800204AC	190	c
rock_02	0x800F1574	func_800F1574	8	7f693e46b2295478282394980377f04c2f3d08dc	src/main/10CA4.c	func_800204AC	190	c
rock_02	0x800F165C	func_800F165C	8	7f693e46b2295478282394980377f04c2f3d08dc	src/main/10CA4.c	func_800204AC	190	c
rock_02	0x800F1704	func_800F1704	8	7f693e46b2295478282394980377f04c2f3d08dc	src/main/10CA4.c	func_800204AC	190	c
rock_02	0x800F5170	func_800F5170	23	3841861bc21ec5a06e7fe26f058b170fac036262	src/main/items/item_08_boss_door.c	boss_door_update	5	include_asm
rock_02	0x800F51CC	func_800F51CC	15	0d6e8e521f0380121f0695e97284a6903ad75c7c	src/main/effects/effect_09_bg_wind.c	bg_wind_main	41	c
rock_02	0x800F5380	func_800F5380	15	6d5cbe2977a0458aae5ce636a33413369a570006	src/main/items/item_11_teleporter.c	teleporter_warp	205	c
rock_02	0x800F53BC	func_800F53BC	5	71839dba5adfae510f827704dccc949c6562ecd4	src/main/effects/effect_08_bg_zone_controller.c	bg_zone_controller_zone_1_enter	12	c
rock_02	0x800F5834	func_800F5834	15	6d5cbe2977a0458aae5ce636a33413369a570006	src/main/items/item_11_teleporter.c	teleporter_warp	205	c
rock_02	0x800F5BC0	func_800F5BC0	15	6d5cbe2977a0458aae5ce636a33413369a570006	src/main/items/item_11_teleporter.c	teleporter_warp	205	c
rock_02	0x800F5CC4	func_800F5CC4	15	6d5cbe2977a0458aae5ce636a33413369a570006	src/main/items/item_11_teleporter.c	teleporter_warp	205	c
rock_02	0x800F5DD4	func_800F5DD4	15	6d5cbe2977a0458aae5ce636a33413369a570006	src/main/items/item_11_teleporter.c	teleporter_warp	205	c
rock_02	0x800F60F0	func_800F60F0	15	6d5cbe2977a0458aae5ce636a33413369a570006	src/main/items/item_11_teleporter.c	teleporter_warp	205	c
rock_02	0x800F64C0	func_800F64C0	15	6d5cbe2977a0458aae5ce636a33413369a570006	src/main/items/item_11_teleporter.c	teleporter_warp	205	c
rock_02	0x800F65DC	func_800F65DC	15	6d5cbe2977a0458aae5ce636a33413369a570006	src/main/items/item_11_teleporter.c	teleporter_warp	205	c
rock_02	0x800F6BE0	func_800F6BE0	15	6d5cbe2977a0458aae5ce636a33413369a570006	src/main/items/item_11_teleporter.c	teleporter_warp	205	c
rock_02	0x800F7074	func_800F7074	15	6d5cbe2977a0458aae5ce636a33413369a570006	src/main/items/item_11_teleporter.c	teleporter_warp	205	c
rock_02	0x800F723C	func_800F723C	15	6d5cbe2977a0458aae5ce636a33413369a570006	src/main/items/item_11_teleporter.c	teleporter_warp	205	c
rock_02	0x800F7534	func_800F7534	15	6d5cbe2977a0458aae5ce636a33413369a570006	src/main/items/item_11_teleporter.c	teleporter_warp	205	c
rock_02	0x800F777C	func_800F777C	15	6d5cbe2977a0458aae5ce636a33413369a570006	src/main/items/item_11_teleporter.c	teleporter_warp	205	c
rock_02	0x800F7AF0	func_800F7AF0	15	6d5cbe2977a0458aae5ce636a33413369a570006	src/main/items/item_11_teleporter.c	teleporter_warp	205	c
rock_02	0x800F7EC0	func_800F7EC0	15	6d5cbe2977a0458aae5ce636a33413369a570006	src/main/items/item_11_teleporter.c	teleporter_warp	205	c
rock_02	0x800F8330	func_800F8330	2	7678540574197b420f17571673856a74783eb9d5	src/main/10CA4.c	func_800204A4	93	c-empty
rock_02	0x800F8338	func_800F8338	23	3841861bc21ec5a06e7fe26f058b170fac036262	src/main/items/item_08_boss_door.c	boss_door_update	5	include_asm
rock_02	0x800F8974	func_800F8974	15	6d5cbe2977a0458aae5ce636a33413369a570006	src/main/items/item_11_teleporter.c	teleporter_warp	205	c
rock_02	0x800F8B44	func_800F8B44	8	7f693e46b2295478282394980377f04c2f3d08dc	src/main/10CA4.c	func_800204AC	190	c
rock_02	0x800F8B64	func_800F8B64	15	6d5cbe2977a0458aae5ce636a33413369a570006	src/main/items/item_11_teleporter.c	teleporter_warp	205	c
rock_02	0x800F9274	func_800F9274	15	aad97fb234fe33354651730a18c7d90621ac4e6a	src/main/144A4.c	func_80023CA4	207	c
rock_02	0x800F9308	func_800F9308	11	ee72e949e43887a07c0fcf223ea11b8c9414a6a1	src/main/items/item_10_spark_machine.c	spark_machine_broken	20	c
rock_02	0x800F9570	func_800F9570	15	aad97fb234fe33354651730a18c7d90621ac4e6a	src/main/144A4.c	func_80023CA4	207	c
rock_02	0x800F96F8	func_800F96F8	8	7f693e46b2295478282394980377f04c2f3d08dc	src/main/10CA4.c	func_800204AC	190	c
rock_02	0x800F9718	func_800F9718	15	aad97fb234fe33354651730a18c7d90621ac4e6a	src/main/144A4.c	func_80023CA4	207	c
rock_02	0x800F98A0	func_800F98A0	8	7f693e46b2295478282394980377f04c2f3d08dc	src/main/10CA4.c	func_800204AC	190	c
rock_02	0x800F9B70	func_800F9B70	15	aad97fb234fe33354651730a18c7d90621ac4e6a	src/main/144A4.c	func_80023CA4	207	c
rock_02	0x800F9CA4	func_800F9CA4	8	7f693e46b2295478282394980377f04c2f3d08dc	src/main/10CA4.c	func_800204AC	190	c
rock_03	0x800EA264	func_800EA264	15	aad97fb234fe33354651730a18c7d90621ac4e6a	src/main/144A4.c	func_80023CA4	207	c
rock_03	0x800EA2A0	func_800EA2A0	15	aad97fb234fe33354651730a18c7d90621ac4e6a	src/main/144A4.c	func_80023CA4	207	c
rock_03	0x800EA2DC	func_800EA2DC	15	aad97fb234fe33354651730a18c7d90621ac4e6a	src/main/144A4.c	func_80023CA4	207	c
rock_03	0x800EA404	func_800EA404	8	7f693e46b2295478282394980377f04c2f3d08dc	src/main/10CA4.c	func_800204AC	190	c
rock_03	0x800EA424	func_800EA424	8	7f693e46b2295478282394980377f04c2f3d08dc	src/main/10CA4.c	func_800204AC	190	c
rock_03	0x800EA444	func_800EA444	15	6d5cbe2977a0458aae5ce636a33413369a570006	src/main/items/item_11_teleporter.c	teleporter_warp	205	c
rock_03	0x800EA564	func_800EA564	15	6d5cbe2977a0458aae5ce636a33413369a570006	src/main/items/item_11_teleporter.c	teleporter_warp	205	c
rock_03	0x800EA5CC	func_800EA5CC	15	6d5cbe2977a0458aae5ce636a33413369a570006	src/main/items/item_11_teleporter.c	teleporter_warp	205	c
rock_03	0x800EA728	func_800EA728	15	6d5cbe2977a0458aae5ce636a33413369a570006	src/main/items/item_11_teleporter.c	teleporter_warp	205	c
rock_03	0x800EA834	func_800EA834	15	6d5cbe2977a0458aae5ce636a33413369a570006	src/main/items/item_11_teleporter.c	teleporter_warp	205	c
rock_03	0x800EA910	func_800EA910	11	ab19d9ae77b7f52d23df8d60be93b12a98615572	src/main/mains/main_57_frost_walrus.c	frost_walrus_blizzard_finish	2	include_asm
rock_03	0x800EA93C	func_800EA93C	15	6d5cbe2977a0458aae5ce636a33413369a570006	src/main/items/item_11_teleporter.c	teleporter_warp	205	c
rock_03	0x800EAB14	func_800EAB14	8	7f693e46b2295478282394980377f04c2f3d08dc	src/main/10CA4.c	func_800204AC	190	c
rock_03	0x800EAB34	func_800EAB34	2	7678540574197b420f17571673856a74783eb9d5	src/main/10CA4.c	func_800204A4	93	c-empty
rock_03	0x800EACB0	func_800EACB0	12	3d82c3af21bbb95d722f3fba2cb6c1f7823838ca	src/main/mains/main_65_magma_dragoon.c	magma_dragoon_face_player	1	include_asm
rock_03	0x800EADCC	func_800EADCC	8	7f693e46b2295478282394980377f04c2f3d08dc	src/main/10CA4.c	func_800204AC	190	c
rock_03	0x800EADEC	func_800EADEC	8	7f693e46b2295478282394980377f04c2f3d08dc	src/main/10CA4.c	func_800204AC	190	c
rock_03	0x800EB2C8	func_800EB2C8	15	aad97fb234fe33354651730a18c7d90621ac4e6a	src/main/144A4.c	func_80023CA4	207	c
rock_03	0x800EB304	func_800EB304	15	aad97fb234fe33354651730a18c7d90621ac4e6a	src/main/144A4.c	func_80023CA4	207	c
rock_03	0x800EB340	func_800EB340	15	aad97fb234fe33354651730a18c7d90621ac4e6a	src/main/144A4.c	func_80023CA4	207	c
rock_03	0x800EB57C	func_800EB57C	8	7f693e46b2295478282394980377f04c2f3d08dc	src/main/10CA4.c	func_800204AC	190	c
rock_03	0x800EB59C	func_800EB59C	8	7f693e46b2295478282394980377f04c2f3d08dc	src/main/10CA4.c	func_800204AC	190	c
rock_03	0x800EB5BC	func_800EB5BC	15	6d5cbe2977a0458aae5ce636a33413369a570006	src/main/items/item_11_teleporter.c	teleporter_warp	205	c
rock_03	0x800EB728	func_800EB728	15	6d5cbe2977a0458aae5ce636a33413369a570006	src/main/items/item_11_teleporter.c	teleporter_warp	205	c
rock_03	0x800EB7A8	func_800EB7A8	15	6d5cbe2977a0458aae5ce636a33413369a570006	src/main/items/item_11_teleporter.c	teleporter_warp	205	c
rock_03	0x800EB984	func_800EB984	2	7678540574197b420f17571673856a74783eb9d5	src/main/10CA4.c	func_800204A4	93	c-empty
rock_03	0x800EB98C	func_800EB98C	15	6d5cbe2977a0458aae5ce636a33413369a570006	src/main/items/item_11_teleporter.c	teleporter_warp	205	c
rock_03	0x800EBC20	func_800EBC20	12	3d82c3af21bbb95d722f3fba2cb6c1f7823838ca	src/main/mains/main_65_magma_dragoon.c	magma_dragoon_face_player	1	include_asm
rock_03	0x800EBD80	func_800EBD80	8	7f693e46b2295478282394980377f04c2f3d08dc	src/main/10CA4.c	func_800204AC	190	c
rock_03	0x800EBF4C	func_800EBF4C	8	7f693e46b2295478282394980377f04c2f3d08dc	src/main/10CA4.c	func_800204AC	190	c
rock_03	0x800EC434	func_800EC434	8	7f693e46b2295478282394980377f04c2f3d08dc	src/main/10CA4.c	func_800204AC	190	c
rock_03	0x800EC454	func_800EC454	8	7f693e46b2295478282394980377f04c2f3d08dc	src/main/10CA4.c	func_800204AC	190	c
rock_03	0x800EC6FC	func_800EC6FC	15	934bc010d75ff6624b443c96f9ef85d99ffbc7fa	src/main/layers/layer_05_airship_bob.c	airship_bob_sway	2	c
rock_03	0x800ED704	func_800ED704	23	3841861bc21ec5a06e7fe26f058b170fac036262	src/main/items/item_08_boss_door.c	boss_door_update	5	include_asm
rock_03	0x800ED870	func_800ED870	15	6d5cbe2977a0458aae5ce636a33413369a570006	src/main/items/item_11_teleporter.c	teleporter_warp	205	c
rock_03	0x800ED8AC	func_800ED8AC	15	6d5cbe2977a0458aae5ce636a33413369a570006	src/main/items/item_11_teleporter.c	teleporter_warp	205	c
rock_03	0x800ED8E8	func_800ED8E8	15	6d5cbe2977a0458aae5ce636a33413369a570006	src/main/items/item_11_teleporter.c	teleporter_warp	205	c
rock_03	0x800EDCEC	func_800EDCEC	8	7f693e46b2295478282394980377f04c2f3d08dc	src/main/10CA4.c	func_800204AC	190	c
rock_03	0x800EDD0C	func_800EDD0C	8	7f693e46b2295478282394980377f04c2f3d08dc	src/main/10CA4.c	func_800204AC	190	c
rock_03	0x800EDD2C	func_800EDD2C	23	3841861bc21ec5a06e7fe26f058b170fac036262	src/main/items/item_08_boss_door.c	boss_door_update	5	include_asm
rock_03	0x800EDF80	func_800EDF80	15	6d5cbe2977a0458aae5ce636a33413369a570006	src/main/items/item_11_teleporter.c	teleporter_warp	205	c
rock_03	0x800EDFBC	func_800EDFBC	15	6d5cbe2977a0458aae5ce636a33413369a570006	src/main/items/item_11_teleporter.c	teleporter_warp	205	c
rock_03	0x800EE118	func_800EE118	15	6d5cbe2977a0458aae5ce636a33413369a570006	src/main/items/item_11_teleporter.c	teleporter_warp	205	c
rock_03	0x800EE56C	func_800EE56C	16	38e1a722ce8eb22c0c91e96517429c593bfa9d95	src/main/mains/main_62_flame_jet.c	flame_jet_update	8	include_asm
rock_03	0x800EE5AC	func_800EE5AC	8	7f693e46b2295478282394980377f04c2f3d08dc	src/main/10CA4.c	func_800204AC	190	c
rock_03	0x800EEEC4	func_800EEEC4	19	9f9117540cf8878b2d76d0d98987edfffacdf368	src/main/layers/layer_02_train_tunnel.c	train_tunnel_update	15	include_asm
rock_03	0x800EF0CC	func_800EF0CC	15	6d5cbe2977a0458aae5ce636a33413369a570006	src/main/items/item_11_teleporter.c	teleporter_warp	205	c
rock_03	0x800EF108	func_800EF108	15	6d5cbe2977a0458aae5ce636a33413369a570006	src/main/items/item_11_teleporter.c	teleporter_warp	205	c
rock_03	0x800EF2E4	func_800EF2E4	8	7f693e46b2295478282394980377f04c2f3d08dc	src/main/10CA4.c	func_800204AC	190	c
rock_03	0x800EF578	func_800EF578	19	092b78e20e4a8e3dd6f0100e81da3d0b6b44ca35	src/main/items/item_00_breakable_wall.c	breakable_wall_update	28	include_asm
rock_03	0x800EF5C4	func_800EF5C4	15	0d6e8e521f0380121f0695e97284a6903ad75c7c	src/main/effects/effect_09_bg_wind.c	bg_wind_main	41	c
rock_03	0x800EF600	func_800EF600	8	7f693e46b2295478282394980377f04c2f3d08dc	src/main/10CA4.c	func_800204AC	190	c
rock_03	0x800F4144	func_800F4144	2	7678540574197b420f17571673856a74783eb9d5	src/main/10CA4.c	func_800204A4	93	c-empty
rock_03	0x800F414C	func_800F414C	15	6d5cbe2977a0458aae5ce636a33413369a570006	src/main/items/item_11_teleporter.c	teleporter_warp	205	c
rock_03	0x800F46D8	func_800F46D8	2	7678540574197b420f17571673856a74783eb9d5	src/main/10CA4.c	func_800204A4	93	c-empty
rock_03	0x800F54A4	func_800F54A4	15	0d6e8e521f0380121f0695e97284a6903ad75c7c	src/main/effects/effect_09_bg_wind.c	bg_wind_main	41	c
rock_03	0x800F57BC	func_800F57BC	8	7f693e46b2295478282394980377f04c2f3d08dc	src/main/10CA4.c	func_800204AC	190	c
rock_03	0x800F58C8	func_800F58C8	8	7f693e46b2295478282394980377f04c2f3d08dc	src/main/10CA4.c	func_800204AC	190	c
rock_03	0x800F5A98	func_800F5A98	8	7f693e46b2295478282394980377f04c2f3d08dc	src/main/10CA4.c	func_800204AC	190	c
rock_03	0x800F5B70	func_800F5B70	8	7f693e46b2295478282394980377f04c2f3d08dc	src/main/10CA4.c	func_800204AC	190	c
rock_03	0x800F5D38	func_800F5D38	8	7f693e46b2295478282394980377f04c2f3d08dc	src/main/10CA4.c	func_800204AC	190	c
rock_03	0x800F5EA4	func_800F5EA4	8	7f693e46b2295478282394980377f04c2f3d08dc	src/main/10CA4.c	func_800204AC	190	c
rock_04	0x800EB600	func_800EB600	2	7678540574197b420f17571673856a74783eb9d5	src/main/10CA4.c	func_800204A4	93	c-empty
rock_04	0x800EB820	func_800EB820	8	7f693e46b2295478282394980377f04c2f3d08dc	src/main/10CA4.c	func_800204AC	190	c
rock_04	0x800EB840	func_800EB840	8	7f693e46b2295478282394980377f04c2f3d08dc	src/main/10CA4.c	func_800204AC	190	c
rock_04	0x800EB94C	func_800EB94C	8	7f693e46b2295478282394980377f04c2f3d08dc	src/main/10CA4.c	func_800204AC	190	c
rock_04	0x800ECE48	func_800ECE48	8	7f693e46b2295478282394980377f04c2f3d08dc	src/main/10CA4.c	func_800204AC	190	c
rock_04	0x800ECE68	func_800ECE68	8	7f693e46b2295478282394980377f04c2f3d08dc	src/main/10CA4.c	func_800204AC	190	c
rock_04	0x800ED1EC	func_800ED1EC	19	092b78e20e4a8e3dd6f0100e81da3d0b6b44ca35	src/main/items/item_00_breakable_wall.c	breakable_wall_update	28	include_asm
rock_04	0x800ED384	func_800ED384	8	7f693e46b2295478282394980377f04c2f3d08dc	src/main/10CA4.c	func_800204AC	190	c
rock_04	0x800EDF1C	func_800EDF1C	8	e996675da028c2f601a48b26ce0c10e019509d04	src/main/effects/effect_05_tile_scanner.c	tile_scanner_init	1	c
rock_04	0x800EEDB8	func_800EEDB8	8	7f693e46b2295478282394980377f04c2f3d08dc	src/main/10CA4.c	func_800204AC	190	c
rock_04	0x800EF594	func_800EF594	15	aad97fb234fe33354651730a18c7d90621ac4e6a	src/main/144A4.c	func_80023CA4	207	c
rock_04	0x800EF698	func_800EF698	8	7f693e46b2295478282394980377f04c2f3d08dc	src/main/10CA4.c	func_800204AC	190	c
rock_04	0x800EF70C	func_800EF70C	11	ee72e949e43887a07c0fcf223ea11b8c9414a6a1	src/main/items/item_10_spark_machine.c	spark_machine_broken	20	c
rock_04	0x800EFD58	func_800EFD58	23	3841861bc21ec5a06e7fe26f058b170fac036262	src/main/items/item_08_boss_door.c	boss_door_update	5	include_asm
rock_04	0x800EFEF0	func_800EFEF0	8	7f693e46b2295478282394980377f04c2f3d08dc	src/main/10CA4.c	func_800204AC	190	c
rock_04	0x800EFF10	func_800EFF10	8	7f693e46b2295478282394980377f04c2f3d08dc	src/main/10CA4.c	func_800204AC	190	c
rock_04	0x800EFF30	func_800EFF30	15	6d5cbe2977a0458aae5ce636a33413369a570006	src/main/items/item_11_teleporter.c	teleporter_warp	205	c
rock_04	0x800F05D0	func_800F05D0	8	7f693e46b2295478282394980377f04c2f3d08dc	src/main/10CA4.c	func_800204AC	190	c
rock_04	0x800F05F0	func_800F05F0	15	aad97fb234fe33354651730a18c7d90621ac4e6a	src/main/144A4.c	func_80023CA4	207	c
rock_04	0x800F0758	func_800F0758	8	7f693e46b2295478282394980377f04c2f3d08dc	src/main/10CA4.c	func_800204AC	190	c
rock_04	0x800F1070	func_800F1070	19	9f9117540cf8878b2d76d0d98987edfffacdf368	src/main/layers/layer_02_train_tunnel.c	train_tunnel_update	15	include_asm
rock_04	0x800F1278	func_800F1278	15	6d5cbe2977a0458aae5ce636a33413369a570006	src/main/items/item_11_teleporter.c	teleporter_warp	205	c
rock_04	0x800F12B4	func_800F12B4	15	6d5cbe2977a0458aae5ce636a33413369a570006	src/main/items/item_11_teleporter.c	teleporter_warp	205	c
rock_04	0x800F1490	func_800F1490	8	7f693e46b2295478282394980377f04c2f3d08dc	src/main/10CA4.c	func_800204AC	190	c
rock_04	0x800F2E8C	func_800F2E8C	23	3841861bc21ec5a06e7fe26f058b170fac036262	src/main/items/item_08_boss_door.c	boss_door_update	5	include_asm
rock_04	0x800F2EE8	func_800F2EE8	15	0d6e8e521f0380121f0695e97284a6903ad75c7c	src/main/effects/effect_09_bg_wind.c	bg_wind_main	41	c
rock_04	0x800F2FB0	func_800F2FB0	61	f2023113f31242d5558bca99b4cfb9fd7ad95758	src/main/mains/main_57_frost_walrus.c	frost_walrus_death_explode	1	include_asm
rock_04	0x800F3368	func_800F3368	8	7f693e46b2295478282394980377f04c2f3d08dc	src/main/10CA4.c	func_800204AC	190	c
rock_04	0x800F3388	func_800F3388	15	6d5cbe2977a0458aae5ce636a33413369a570006	src/main/items/item_11_teleporter.c	teleporter_warp	205	c
rock_04	0x800F343C	func_800F343C	15	6d5cbe2977a0458aae5ce636a33413369a570006	src/main/items/item_11_teleporter.c	teleporter_warp	205	c
rock_04	0x800F3648	func_800F3648	15	6d5cbe2977a0458aae5ce636a33413369a570006	src/main/items/item_11_teleporter.c	teleporter_warp	205	c
rock_04	0x800F383C	func_800F383C	15	6d5cbe2977a0458aae5ce636a33413369a570006	src/main/items/item_11_teleporter.c	teleporter_warp	205	c
rock_04	0x800F3CBC	func_800F3CBC	15	6d5cbe2977a0458aae5ce636a33413369a570006	src/main/items/item_11_teleporter.c	teleporter_warp	205	c
rock_04	0x800F3E74	func_800F3E74	15	6d5cbe2977a0458aae5ce636a33413369a570006	src/main/items/item_11_teleporter.c	teleporter_warp	205	c
rock_04	0x800F4094	func_800F4094	15	6d5cbe2977a0458aae5ce636a33413369a570006	src/main/items/item_11_teleporter.c	teleporter_warp	205	c
rock_04	0x800F41C0	func_800F41C0	15	6d5cbe2977a0458aae5ce636a33413369a570006	src/main/items/item_11_teleporter.c	teleporter_warp	205	c
rock_04	0x800F43C4	func_800F43C4	15	6d5cbe2977a0458aae5ce636a33413369a570006	src/main/items/item_11_teleporter.c	teleporter_warp	205	c
rock_04	0x800F45B8	func_800F45B8	15	6d5cbe2977a0458aae5ce636a33413369a570006	src/main/items/item_11_teleporter.c	teleporter_warp	205	c
rock_04	0x800F48D4	func_800F48D4	15	6d5cbe2977a0458aae5ce636a33413369a570006	src/main/items/item_11_teleporter.c	teleporter_warp	205	c
rock_04	0x800F4DCC	func_800F4DCC	11	ee72e949e43887a07c0fcf223ea11b8c9414a6a1	src/main/items/item_10_spark_machine.c	spark_machine_broken	20	c
rock_04	0x800F4DF8	func_800F4DF8	15	6d5cbe2977a0458aae5ce636a33413369a570006	src/main/items/item_11_teleporter.c	teleporter_warp	205	c
rock_04	0x800F4FD0	func_800F4FD0	2	7678540574197b420f17571673856a74783eb9d5	src/main/10CA4.c	func_800204A4	93	c-empty
rock_04	0x800F5488	func_800F5488	12	3d82c3af21bbb95d722f3fba2cb6c1f7823838ca	src/main/mains/main_65_magma_dragoon.c	magma_dragoon_face_player	1	include_asm
rock_04	0x800F54F8	func_800F54F8	19	092b78e20e4a8e3dd6f0100e81da3d0b6b44ca35	src/main/items/item_00_breakable_wall.c	breakable_wall_update	28	include_asm
rock_04	0x800F5544	func_800F5544	8	7f693e46b2295478282394980377f04c2f3d08dc	src/main/10CA4.c	func_800204AC	190	c
rock_04	0x800F5564	func_800F5564	15	6d5cbe2977a0458aae5ce636a33413369a570006	src/main/items/item_11_teleporter.c	teleporter_warp	205	c
rock_04	0x800F55A0	func_800F55A0	8	7f693e46b2295478282394980377f04c2f3d08dc	src/main/10CA4.c	func_800204AC	190	c
rock_04	0x800F55C0	func_800F55C0	15	6d5cbe2977a0458aae5ce636a33413369a570006	src/main/items/item_11_teleporter.c	teleporter_warp	205	c
rock_04	0x800F5690	func_800F5690	15	6d5cbe2977a0458aae5ce636a33413369a570006	src/main/items/item_11_teleporter.c	teleporter_warp	205	c
rock_04	0x800F5920	func_800F5920	8	7f693e46b2295478282394980377f04c2f3d08dc	src/main/10CA4.c	func_800204AC	190	c
rock_04	0x800F599C	func_800F599C	15	aad97fb234fe33354651730a18c7d90621ac4e6a	src/main/144A4.c	func_80023CA4	207	c
rock_05	0x800E9CBC	func_800E9CBC	15	aad97fb234fe33354651730a18c7d90621ac4e6a	src/main/144A4.c	func_80023CA4	207	c
rock_05	0x800E9DC0	func_800E9DC0	8	7f693e46b2295478282394980377f04c2f3d08dc	src/main/10CA4.c	func_800204AC	190	c
rock_05	0x800E9DE0	func_800E9DE0	2	7678540574197b420f17571673856a74783eb9d5	src/main/10CA4.c	func_800204A4	93	c-empty
rock_05	0x800E9DE8	func_800E9DE8	15	6d5cbe2977a0458aae5ce636a33413369a570006	src/main/items/item_11_teleporter.c	teleporter_warp	205	c
rock_05	0x800E9E80	func_800E9E80	11	5870cc71888cb456d9e6e7dbfe77f8f5536fd9b0	src/main/mains/main_56_jet_stingray.c	jet_stingray_vortex_finish	1	include_asm
rock_05	0x800E9EAC	func_800E9EAC	15	6d5cbe2977a0458aae5ce636a33413369a570006	src/main/items/item_11_teleporter.c	teleporter_warp	205	c
rock_05	0x800EA3D4	func_800EA3D4	19	092b78e20e4a8e3dd6f0100e81da3d0b6b44ca35	src/main/items/item_00_breakable_wall.c	breakable_wall_update	28	include_asm
rock_05	0x800EA51C	func_800EA51C	8	7f693e46b2295478282394980377f04c2f3d08dc	src/main/10CA4.c	func_800204AC	190	c
rock_05	0x800EA964	func_800EA964	8	7f693e46b2295478282394980377f04c2f3d08dc	src/main/10CA4.c	func_800204AC	190	c
rock_05	0x800EC534	func_800EC534	19	092b78e20e4a8e3dd6f0100e81da3d0b6b44ca35	src/main/items/item_00_breakable_wall.c	breakable_wall_update	28	include_asm
rock_05	0x800EC630	func_800EC630	15	6d5cbe2977a0458aae5ce636a33413369a570006	src/main/items/item_11_teleporter.c	teleporter_warp	205	c
rock_05	0x800EC6C8	func_800EC6C8	15	6d5cbe2977a0458aae5ce636a33413369a570006	src/main/items/item_11_teleporter.c	teleporter_warp	205	c
rock_05	0x800EC704	func_800EC704	15	6d5cbe2977a0458aae5ce636a33413369a570006	src/main/items/item_11_teleporter.c	teleporter_warp	205	c
rock_05	0x800EC740	func_800EC740	15	6d5cbe2977a0458aae5ce636a33413369a570006	src/main/items/item_11_teleporter.c	teleporter_warp	205	c
rock_05	0x800EC8A0	func_800EC8A0	15	6d5cbe2977a0458aae5ce636a33413369a570006	src/main/items/item_11_teleporter.c	teleporter_warp	205	c
rock_05	0x800EC8DC	func_800EC8DC	15	6d5cbe2977a0458aae5ce636a33413369a570006	src/main/items/item_11_teleporter.c	teleporter_warp	205	c
rock_05	0x800ECD10	func_800ECD10	5	71839dba5adfae510f827704dccc949c6562ecd4	src/main/effects/effect_08_bg_zone_controller.c	bg_zone_controller_zone_1_enter	12	c
rock_05	0x800ECDE8	func_800ECDE8	5	71839dba5adfae510f827704dccc949c6562ecd4	src/main/effects/effect_08_bg_zone_controller.c	bg_zone_controller_zone_1_enter	12	c
rock_05	0x800ECEC0	func_800ECEC0	5	71839dba5adfae510f827704dccc949c6562ecd4	src/main/effects/effect_08_bg_zone_controller.c	bg_zone_controller_zone_1_enter	12	c
rock_05	0x800ED02C	func_800ED02C	5	71839dba5adfae510f827704dccc949c6562ecd4	src/main/effects/effect_08_bg_zone_controller.c	bg_zone_controller_zone_1_enter	12	c
rock_05	0x800ED0F8	func_800ED0F8	5	71839dba5adfae510f827704dccc949c6562ecd4	src/main/effects/effect_08_bg_zone_controller.c	bg_zone_controller_zone_1_enter	12	c
rock_05	0x800EDA3C	func_800EDA3C	8	7f693e46b2295478282394980377f04c2f3d08dc	src/main/10CA4.c	func_800204AC	190	c
rock_05	0x800EDA5C	func_800EDA5C	23	3841861bc21ec5a06e7fe26f058b170fac036262	src/main/items/item_08_boss_door.c	boss_door_update	5	include_asm
rock_05	0x800EDAB8	func_800EDAB8	11	ee72e949e43887a07c0fcf223ea11b8c9414a6a1	src/main/items/item_10_spark_machine.c	spark_machine_broken	20	c
rock_05	0x800EDAE4	func_800EDAE4	2	7678540574197b420f17571673856a74783eb9d5	src/main/10CA4.c	func_800204A4	93	c-empty
rock_05	0x800EE488	func_800EE488	19	9f9117540cf8878b2d76d0d98987edfffacdf368	src/main/layers/layer_02_train_tunnel.c	train_tunnel_update	15	include_asm
rock_05	0x800EE690	func_800EE690	15	6d5cbe2977a0458aae5ce636a33413369a570006	src/main/items/item_11_teleporter.c	teleporter_warp	205	c
rock_05	0x800EE6CC	func_800EE6CC	15	6d5cbe2977a0458aae5ce636a33413369a570006	src/main/items/item_11_teleporter.c	teleporter_warp	205	c
rock_05	0x800EE8A8	func_800EE8A8	8	7f693e46b2295478282394980377f04c2f3d08dc	src/main/10CA4.c	func_800204AC	190	c
rock_05	0x800F1384	func_800F1384	23	3841861bc21ec5a06e7fe26f058b170fac036262	src/main/items/item_08_boss_door.c	boss_door_update	5	include_asm
rock_05	0x800F14D4	func_800F14D4	15	6d5cbe2977a0458aae5ce636a33413369a570006	src/main/items/item_11_teleporter.c	teleporter_warp	205	c
rock_05	0x800F1850	func_800F1850	15	6d5cbe2977a0458aae5ce636a33413369a570006	src/main/items/item_11_teleporter.c	teleporter_warp	205	c
rock_05	0x800F1AC4	func_800F1AC4	15	6d5cbe2977a0458aae5ce636a33413369a570006	src/main/items/item_11_teleporter.c	teleporter_warp	205	c
rock_05	0x800F1CAC	func_800F1CAC	15	6d5cbe2977a0458aae5ce636a33413369a570006	src/main/items/item_11_teleporter.c	teleporter_warp	205	c
rock_05	0x800F1EDC	func_800F1EDC	15	6d5cbe2977a0458aae5ce636a33413369a570006	src/main/items/item_11_teleporter.c	teleporter_warp	205	c
rock_05	0x800F22E8	func_800F22E8	15	6d5cbe2977a0458aae5ce636a33413369a570006	src/main/items/item_11_teleporter.c	teleporter_warp	205	c
rock_05	0x800F2608	func_800F2608	15	6d5cbe2977a0458aae5ce636a33413369a570006	src/main/items/item_11_teleporter.c	teleporter_warp	205	c
rock_05	0x800F2A0C	func_800F2A0C	15	6d5cbe2977a0458aae5ce636a33413369a570006	src/main/items/item_11_teleporter.c	teleporter_warp	205	c
rock_05	0x800F2B7C	func_800F2B7C	2	7678540574197b420f17571673856a74783eb9d5	src/main/10CA4.c	func_800204A4	93	c-empty
rock_05	0x800F2B84	func_800F2B84	23	3841861bc21ec5a06e7fe26f058b170fac036262	src/main/items/item_08_boss_door.c	boss_door_update	5	include_asm
rock_05	0x800F2F00	func_800F2F00	8	7f693e46b2295478282394980377f04c2f3d08dc	src/main/10CA4.c	func_800204AC	190	c
rock_06	0x800E9E98	func_800E9E98	19	092b78e20e4a8e3dd6f0100e81da3d0b6b44ca35	src/main/items/item_00_breakable_wall.c	breakable_wall_update	28	include_asm
rock_06	0x800E9EE4	func_800E9EE4	8	7f693e46b2295478282394980377f04c2f3d08dc	src/main/10CA4.c	func_800204AC	190	c
rock_06	0x800EA530	func_800EA530	19	092b78e20e4a8e3dd6f0100e81da3d0b6b44ca35	src/main/items/item_00_breakable_wall.c	breakable_wall_update	28	include_asm
rock_06	0x800EA57C	func_800EA57C	8	7f693e46b2295478282394980377f04c2f3d08dc	src/main/10CA4.c	func_800204AC	190	c
rock_06	0x800EA59C	func_800EA59C	8	7f693e46b2295478282394980377f04c2f3d08dc	src/main/10CA4.c	func_800204AC	190	c
rock_06	0x800EA5BC	func_800EA5BC	15	aad97fb234fe33354651730a18c7d90621ac4e6a	src/main/144A4.c	func_80023CA4	207	c
rock_06	0x800EA5F8	func_800EA5F8	21	6eac507027d5b41d0db720a611a00549d2c56516	src/main/visuals/visual_12_ride_dust.c	ride_dust_init	1	include_asm
rock_06	0x800EA6E4	func_800EA6E4	8	7f693e46b2295478282394980377f04c2f3d08dc	src/main/10CA4.c	func_800204AC	190	c
rock_06	0x800EAF94	func_800EAF94	15	aad97fb234fe33354651730a18c7d90621ac4e6a	src/main/144A4.c	func_80023CA4	207	c
rock_06	0x800EB3E0	func_800EB3E0	15	aad97fb234fe33354651730a18c7d90621ac4e6a	src/main/144A4.c	func_80023CA4	207	c
rock_06	0x800EB59C	func_800EB59C	8	7f693e46b2295478282394980377f04c2f3d08dc	src/main/10CA4.c	func_800204AC	190	c
rock_06	0x800EB8E0	func_800EB8E0	19	9f9117540cf8878b2d76d0d98987edfffacdf368	src/main/layers/layer_02_train_tunnel.c	train_tunnel_update	15	include_asm
rock_06	0x800EBD24	func_800EBD24	8	7f693e46b2295478282394980377f04c2f3d08dc	src/main/10CA4.c	func_800204AC	190	c
rock_06	0x800EBD44	func_800EBD44	15	aad97fb234fe33354651730a18c7d90621ac4e6a	src/main/144A4.c	func_80023CA4	207	c
rock_06	0x800EC678	func_800EC678	19	9f9117540cf8878b2d76d0d98987edfffacdf368	src/main/layers/layer_02_train_tunnel.c	train_tunnel_update	15	include_asm
rock_06	0x800EC880	func_800EC880	15	6d5cbe2977a0458aae5ce636a33413369a570006	src/main/items/item_11_teleporter.c	teleporter_warp	205	c
rock_06	0x800EC8BC	func_800EC8BC	15	6d5cbe2977a0458aae5ce636a33413369a570006	src/main/items/item_11_teleporter.c	teleporter_warp	205	c
rock_06	0x800ECA98	func_800ECA98	8	7f693e46b2295478282394980377f04c2f3d08dc	src/main/10CA4.c	func_800204AC	190	c
rock_06	0x800EE150	func_800EE150	2	7678540574197b420f17571673856a74783eb9d5	src/main/10CA4.c	func_800204A4	93	c-empty
rock_06	0x800F1C80	func_800F1C80	74	9ca41e24053816f24e4cc9b835a290981105b651	src/main/mech.c	func_8003FF9C	1	c
rock_06	0x800F26E4	func_800F26E4	19	020323399ced02706467798c778f7c269e1681d8	src/main/mech.c	func_8003F648	1	include_asm
rock_07	0x800EB4C8	func_800EB4C8	15	aad97fb234fe33354651730a18c7d90621ac4e6a	src/main/144A4.c	func_80023CA4	207	c
rock_07	0x800EB504	func_800EB504	15	aad97fb234fe33354651730a18c7d90621ac4e6a	src/main/144A4.c	func_80023CA4	207	c
rock_07	0x800EB770	func_800EB770	8	7f693e46b2295478282394980377f04c2f3d08dc	src/main/10CA4.c	func_800204AC	190	c
rock_07	0x800EB790	func_800EB790	15	6d5cbe2977a0458aae5ce636a33413369a570006	src/main/items/item_11_teleporter.c	teleporter_warp	205	c
rock_07	0x800EBA84	func_800EBA84	15	6d5cbe2977a0458aae5ce636a33413369a570006	src/main/items/item_11_teleporter.c	teleporter_warp	205	c
rock_07	0x800EBDC4	func_800EBDC4	15	6d5cbe2977a0458aae5ce636a33413369a570006	src/main/items/item_11_teleporter.c	teleporter_warp	205	c
rock_07	0x800EBEFC	func_800EBEFC	8	7f693e46b2295478282394980377f04c2f3d08dc	src/main/10CA4.c	func_800204AC	190	c
rock_07	0x800EBF1C	func_800EBF1C	15	6d5cbe2977a0458aae5ce636a33413369a570006	src/main/items/item_11_teleporter.c	teleporter_warp	205	c
rock_07	0x800EC138	func_800EC138	15	6d5cbe2977a0458aae5ce636a33413369a570006	src/main/items/item_11_teleporter.c	teleporter_warp	205	c
rock_07	0x800EC380	func_800EC380	15	6d5cbe2977a0458aae5ce636a33413369a570006	src/main/items/item_11_teleporter.c	teleporter_warp	205	c
rock_07	0x800EC6BC	func_800EC6BC	2	7678540574197b420f17571673856a74783eb9d5	src/main/10CA4.c	func_800204A4	93	c-empty
rock_07	0x800EC6C4	func_800EC6C4	15	6d5cbe2977a0458aae5ce636a33413369a570006	src/main/items/item_11_teleporter.c	teleporter_warp	205	c
rock_07	0x800ECA7C	func_800ECA7C	15	6d5cbe2977a0458aae5ce636a33413369a570006	src/main/items/item_11_teleporter.c	teleporter_warp	205	c
rock_07	0x800ECC3C	func_800ECC3C	2	7678540574197b420f17571673856a74783eb9d5	src/main/10CA4.c	func_800204A4	93	c-empty
rock_07	0x800ECE40	func_800ECE40	15	934bc010d75ff6624b443c96f9ef85d99ffbc7fa	src/main/layers/layer_05_airship_bob.c	airship_bob_sway	2	c
rock_07	0x800ED120	func_800ED120	8	7f693e46b2295478282394980377f04c2f3d08dc	src/main/10CA4.c	func_800204AC	190	c
rock_07	0x800ED140	func_800ED140	15	934bc010d75ff6624b443c96f9ef85d99ffbc7fa	src/main/layers/layer_05_airship_bob.c	airship_bob_sway	2	c
rock_07	0x800ED17C	func_800ED17C	8	7f693e46b2295478282394980377f04c2f3d08dc	src/main/10CA4.c	func_800204AC	190	c
rock_07	0x800ED19C	func_800ED19C	15	934bc010d75ff6624b443c96f9ef85d99ffbc7fa	src/main/layers/layer_05_airship_bob.c	airship_bob_sway	2	c
rock_07	0x800ED364	func_800ED364	15	6d5cbe2977a0458aae5ce636a33413369a570006	src/main/items/item_11_teleporter.c	teleporter_warp	205	c
rock_07	0x800ED42C	func_800ED42C	2	7678540574197b420f17571673856a74783eb9d5	src/main/10CA4.c	func_800204A4	93	c-empty
rock_07	0x800ED434	func_800ED434	15	6d5cbe2977a0458aae5ce636a33413369a570006	src/main/items/item_11_teleporter.c	teleporter_warp	205	c
rock_07	0x800ED470	func_800ED470	5	71839dba5adfae510f827704dccc949c6562ecd4	src/main/effects/effect_08_bg_zone_controller.c	bg_zone_controller_zone_1_enter	12	c
rock_07	0x800ED484	func_800ED484	2	7678540574197b420f17571673856a74783eb9d5	src/main/10CA4.c	func_800204A4	93	c-empty
rock_07	0x800ED48C	func_800ED48C	2	7678540574197b420f17571673856a74783eb9d5	src/main/10CA4.c	func_800204A4	93	c-empty
rock_07	0x800ED494	func_800ED494	15	aad97fb234fe33354651730a18c7d90621ac4e6a	src/main/144A4.c	func_80023CA4	207	c
rock_07	0x800EDD00	func_800EDD00	15	aad97fb234fe33354651730a18c7d90621ac4e6a	src/main/144A4.c	func_80023CA4	207	c
rock_07	0x800EE3F8	func_800EE3F8	19	092b78e20e4a8e3dd6f0100e81da3d0b6b44ca35	src/main/items/item_00_breakable_wall.c	breakable_wall_update	28	include_asm
rock_07	0x800EE444	func_800EE444	8	7f693e46b2295478282394980377f04c2f3d08dc	src/main/10CA4.c	func_800204AC	190	c
rock_07	0x800EEA90	func_800EEA90	19	092b78e20e4a8e3dd6f0100e81da3d0b6b44ca35	src/main/items/item_00_breakable_wall.c	breakable_wall_update	28	include_asm
rock_07	0x800EEADC	func_800EEADC	8	7f693e46b2295478282394980377f04c2f3d08dc	src/main/10CA4.c	func_800204AC	190	c
rock_07	0x800EEAFC	func_800EEAFC	8	7f693e46b2295478282394980377f04c2f3d08dc	src/main/10CA4.c	func_800204AC	190	c
rock_07	0x800F01B4	func_800F01B4	2	7678540574197b420f17571673856a74783eb9d5	src/main/10CA4.c	func_800204A4	93	c-empty
rock_07	0x800F04A4	func_800F04A4	19	9f9117540cf8878b2d76d0d98987edfffacdf368	src/main/layers/layer_02_train_tunnel.c	train_tunnel_update	15	include_asm
rock_07	0x800F04F0	func_800F04F0	8	7f693e46b2295478282394980377f04c2f3d08dc	src/main/10CA4.c	func_800204AC	190	c
rock_07	0x800F0510	func_800F0510	8	7f693e46b2295478282394980377f04c2f3d08dc	src/main/10CA4.c	func_800204AC	190	c
rock_07	0x800F10A8	func_800F10A8	8	e996675da028c2f601a48b26ce0c10e019509d04	src/main/effects/effect_05_tile_scanner.c	tile_scanner_init	1	c
rock_07	0x800F1958	func_800F1958	15	aad97fb234fe33354651730a18c7d90621ac4e6a	src/main/144A4.c	func_80023CA4	207	c
rock_07	0x800F1DA4	func_800F1DA4	15	aad97fb234fe33354651730a18c7d90621ac4e6a	src/main/144A4.c	func_80023CA4	207	c
rock_07	0x800F1F60	func_800F1F60	8	7f693e46b2295478282394980377f04c2f3d08dc	src/main/10CA4.c	func_800204AC	190	c
rock_07	0x800F4230	func_800F4230	23	3841861bc21ec5a06e7fe26f058b170fac036262	src/main/items/item_08_boss_door.c	boss_door_update	5	include_asm
rock_07	0x800F428C	func_800F428C	15	0d6e8e521f0380121f0695e97284a6903ad75c7c	src/main/effects/effect_09_bg_wind.c	bg_wind_main	41	c
rock_07	0x800F4360	func_800F4360	61	f2023113f31242d5558bca99b4cfb9fd7ad95758	src/main/mains/main_57_frost_walrus.c	frost_walrus_death_explode	1	include_asm
rock_07	0x800F4490	func_800F4490	15	6d5cbe2977a0458aae5ce636a33413369a570006	src/main/items/item_11_teleporter.c	teleporter_warp	205	c
rock_07	0x800F48CC	func_800F48CC	11	ee72e949e43887a07c0fcf223ea11b8c9414a6a1	src/main/items/item_10_spark_machine.c	spark_machine_broken	20	c
rock_07	0x800F48F8	func_800F48F8	15	6d5cbe2977a0458aae5ce636a33413369a570006	src/main/items/item_11_teleporter.c	teleporter_warp	205	c
rock_07	0x800F4AD8	func_800F4AD8	15	6d5cbe2977a0458aae5ce636a33413369a570006	src/main/items/item_11_teleporter.c	teleporter_warp	205	c
rock_07	0x800F4CC4	func_800F4CC4	15	6d5cbe2977a0458aae5ce636a33413369a570006	src/main/items/item_11_teleporter.c	teleporter_warp	205	c
rock_07	0x800F4F1C	func_800F4F1C	15	6d5cbe2977a0458aae5ce636a33413369a570006	src/main/items/item_11_teleporter.c	teleporter_warp	205	c
rock_07	0x800F5284	func_800F5284	15	6d5cbe2977a0458aae5ce636a33413369a570006	src/main/items/item_11_teleporter.c	teleporter_warp	205	c
rock_07	0x800F55BC	func_800F55BC	15	6d5cbe2977a0458aae5ce636a33413369a570006	src/main/items/item_11_teleporter.c	teleporter_warp	205	c
rock_07	0x800F5970	func_800F5970	15	6d5cbe2977a0458aae5ce636a33413369a570006	src/main/items/item_11_teleporter.c	teleporter_warp	205	c
rock_07	0x800F5C94	func_800F5C94	2	7678540574197b420f17571673856a74783eb9d5	src/main/10CA4.c	func_800204A4	93	c-empty
rock_07	0x800F5C9C	func_800F5C9C	15	6d5cbe2977a0458aae5ce636a33413369a570006	src/main/items/item_11_teleporter.c	teleporter_warp	205	c
rock_07	0x800F5D28	func_800F5D28	5	71839dba5adfae510f827704dccc949c6562ecd4	src/main/effects/effect_08_bg_zone_controller.c	bg_zone_controller_zone_1_enter	12	c
rock_07	0x800F5F7C	func_800F5F7C	15	6d5cbe2977a0458aae5ce636a33413369a570006	src/main/items/item_11_teleporter.c	teleporter_warp	205	c
rock_07	0x800F6318	func_800F6318	15	6d5cbe2977a0458aae5ce636a33413369a570006	src/main/items/item_11_teleporter.c	teleporter_warp	205	c
rock_07	0x800F6E48	func_800F6E48	12	3d82c3af21bbb95d722f3fba2cb6c1f7823838ca	src/main/mains/main_65_magma_dragoon.c	magma_dragoon_face_player	1	include_asm
rock_07	0x800F7098	func_800F7098	15	6d5cbe2977a0458aae5ce636a33413369a570006	src/main/items/item_11_teleporter.c	teleporter_warp	205	c
rock_07	0x800F70D4	func_800F70D4	8	7f693e46b2295478282394980377f04c2f3d08dc	src/main/10CA4.c	func_800204AC	190	c
rock_07	0x800F70F4	func_800F70F4	15	6d5cbe2977a0458aae5ce636a33413369a570006	src/main/items/item_11_teleporter.c	teleporter_warp	205	c
rock_07	0x800F73B4	func_800F73B4	15	6d5cbe2977a0458aae5ce636a33413369a570006	src/main/items/item_11_teleporter.c	teleporter_warp	205	c
rock_07	0x800F74C4	func_800F74C4	15	6d5cbe2977a0458aae5ce636a33413369a570006	src/main/items/item_11_teleporter.c	teleporter_warp	205	c
rock_07	0x800F7620	func_800F7620	15	6d5cbe2977a0458aae5ce636a33413369a570006	src/main/items/item_11_teleporter.c	teleporter_warp	205	c
rock_08	0x800E9970	func_800E9970	15	aad97fb234fe33354651730a18c7d90621ac4e6a	src/main/144A4.c	func_80023CA4	207	c
rock_08	0x800E99AC	func_800E99AC	16	561f8a99cfb3b3f78aff6384f97afe24ea05f880	src/main/visuals/visual_13_ride_chaser_jet.c	ride_chaser_jet_init	1	include_asm
rock_08	0x800E99EC	func_800E99EC	49	ca898a8565aada99d369ca8f063c6529f2cee3d4	src/main/visuals/visual_13_ride_chaser_jet.c	ride_chaser_jet_main	1	include_asm
rock_08	0x800E9AB0	func_800E9AB0	8	7f693e46b2295478282394980377f04c2f3d08dc	src/main/10CA4.c	func_800204AC	190	c
rock_08	0x800E9AD0	func_800E9AD0	15	aad97fb234fe33354651730a18c7d90621ac4e6a	src/main/144A4.c	func_80023CA4	207	c
rock_08	0x800E9B0C	func_800E9B0C	15	339a3fd19fc841c7c4cfe287dac2c229776ef696	src/main/visuals/visual_15_ride_chaser_flash.c	ride_chaser_flash_init	1	include_asm
rock_08	0x800E9B48	func_800E9B48	40	d83d6ae99f8d2c89b37085b83ba43d2d58eae4c4	src/main/visuals/visual_15_ride_chaser_flash.c	ride_chaser_flash_main	1	include_asm
rock_08	0x800E9BE8	func_800E9BE8	8	7f693e46b2295478282394980377f04c2f3d08dc	src/main/10CA4.c	func_800204AC	190	c
rock_08	0x800EA02C	func_800EA02C	16	38e1a722ce8eb22c0c91e96517429c593bfa9d95	src/main/mains/main_62_flame_jet.c	flame_jet_update	8	include_asm
rock_08	0x800EA06C	func_800EA06C	8	7f693e46b2295478282394980377f04c2f3d08dc	src/main/10CA4.c	func_800204AC	190	c
rock_08	0x800EA2EC	func_800EA2EC	15	aad97fb234fe33354651730a18c7d90621ac4e6a	src/main/144A4.c	func_80023CA4	207	c
rock_08	0x800EA738	func_800EA738	2	7678540574197b420f17571673856a74783eb9d5	src/main/10CA4.c	func_800204A4	93	c-empty
rock_08	0x800EC6BC	func_800EC6BC	8	7f693e46b2295478282394980377f04c2f3d08dc	src/main/10CA4.c	func_800204AC	190	c
rock_08	0x800ECAB4	func_800ECAB4	15	934bc010d75ff6624b443c96f9ef85d99ffbc7fa	src/main/layers/layer_05_airship_bob.c	airship_bob_sway	2	c
rock_08	0x800ECAF0	func_800ECAF0	15	934bc010d75ff6624b443c96f9ef85d99ffbc7fa	src/main/layers/layer_05_airship_bob.c	airship_bob_sway	2	c
rock_08	0x800ECDA4	func_800ECDA4	8	7f693e46b2295478282394980377f04c2f3d08dc	src/main/10CA4.c	func_800204AC	190	c
rock_08	0x800ECEE8	func_800ECEE8	8	83f25a3faba9d1a448dcab6ccfeea86c476053a3	src/main/items/item_02_pickup.c	pickup_collected	8	c
rock_08	0x800ECF08	func_800ECF08	15	aad97fb234fe33354651730a18c7d90621ac4e6a	src/main/144A4.c	func_80023CA4	207	c
rock_08	0x800ED5C4	func_800ED5C4	19	9f9117540cf8878b2d76d0d98987edfffacdf368	src/main/layers/layer_02_train_tunnel.c	train_tunnel_update	15	include_asm
rock_08	0x800ED7EC	func_800ED7EC	11	ee72e949e43887a07c0fcf223ea11b8c9414a6a1	src/main/items/item_10_spark_machine.c	spark_machine_broken	20	c
rock_08	0x800ED818	func_800ED818	15	6d5cbe2977a0458aae5ce636a33413369a570006	src/main/items/item_11_teleporter.c	teleporter_warp	205	c
rock_08	0x800EDE30	func_800EDE30	19	092b78e20e4a8e3dd6f0100e81da3d0b6b44ca35	src/main/items/item_00_breakable_wall.c	breakable_wall_update	28	include_asm
rock_08	0x800EDE7C	func_800EDE7C	8	83f25a3faba9d1a448dcab6ccfeea86c476053a3	src/main/items/item_02_pickup.c	pickup_collected	8	c
rock_08	0x800EDE9C	func_800EDE9C	2	7678540574197b420f17571673856a74783eb9d5	src/main/10CA4.c	func_800204A4	93	c-empty
rock_08	0x800EE240	func_800EE240	8	7f693e46b2295478282394980377f04c2f3d08dc	src/main/10CA4.c	func_800204AC	190	c
rock_08	0x800EECFC	func_800EECFC	19	9f9117540cf8878b2d76d0d98987edfffacdf368	src/main/layers/layer_02_train_tunnel.c	train_tunnel_update	15	include_asm
rock_08	0x800EEF04	func_800EEF04	15	6d5cbe2977a0458aae5ce636a33413369a570006	src/main/items/item_11_teleporter.c	teleporter_warp	205	c
rock_08	0x800EEF40	func_800EEF40	15	6d5cbe2977a0458aae5ce636a33413369a570006	src/main/items/item_11_teleporter.c	teleporter_warp	205	c
rock_08	0x800EF11C	func_800EF11C	8	7f693e46b2295478282394980377f04c2f3d08dc	src/main/10CA4.c	func_800204AC	190	c
rock_08	0x800EF6B8	func_800EF6B8	19	092b78e20e4a8e3dd6f0100e81da3d0b6b44ca35	src/main/items/item_00_breakable_wall.c	breakable_wall_update	28	include_asm
rock_08	0x800EFD04	func_800EFD04	19	092b78e20e4a8e3dd6f0100e81da3d0b6b44ca35	src/main/items/item_00_breakable_wall.c	breakable_wall_update	28	include_asm
rock_08	0x800EFD50	func_800EFD50	15	0d6e8e521f0380121f0695e97284a6903ad75c7c	src/main/effects/effect_09_bg_wind.c	bg_wind_main	41	c
rock_08	0x800EFD8C	func_800EFD8C	8	7f693e46b2295478282394980377f04c2f3d08dc	src/main/10CA4.c	func_800204AC	190	c
rock_08	0x800F1C60	func_800F1C60	15	aad97fb234fe33354651730a18c7d90621ac4e6a	src/main/144A4.c	func_80023CA4	207	c
rock_08	0x800F1C9C	func_800F1C9C	15	0d6e8e521f0380121f0695e97284a6903ad75c7c	src/main/effects/effect_09_bg_wind.c	bg_wind_main	41	c
rock_08	0x800F1D54	func_800F1D54	61	df30c9a4d6e84dd6872fe36a56130e5e2a3ecfe0	src/main/mains/main_54_slash_beast.c	slash_beast_death_blink	1	include_asm
rock_08	0x800F1FEC	func_800F1FEC	2	7678540574197b420f17571673856a74783eb9d5	src/main/10CA4.c	func_800204A4	93	c-empty
rock_08	0x800F1FF4	func_800F1FF4	2	7678540574197b420f17571673856a74783eb9d5	src/main/10CA4.c	func_800204A4	93	c-empty
rock_08	0x800F1FFC	func_800F1FFC	15	6d5cbe2977a0458aae5ce636a33413369a570006	src/main/items/item_11_teleporter.c	teleporter_warp	205	c
rock_08	0x800F2660	func_800F2660	15	6d5cbe2977a0458aae5ce636a33413369a570006	src/main/items/item_11_teleporter.c	teleporter_warp	205	c
rock_08	0x800F29FC	func_800F29FC	2	7678540574197b420f17571673856a74783eb9d5	src/main/10CA4.c	func_800204A4	93	c-empty
rock_08	0x800F2A04	func_800F2A04	2	7678540574197b420f17571673856a74783eb9d5	src/main/10CA4.c	func_800204A4	93	c-empty
rock_08	0x800F2A0C	func_800F2A0C	2	7678540574197b420f17571673856a74783eb9d5	src/main/10CA4.c	func_800204A4	93	c-empty
rock_08	0x800F2A14	func_800F2A14	15	6d5cbe2977a0458aae5ce636a33413369a570006	src/main/items/item_11_teleporter.c	teleporter_warp	205	c
rock_08	0x800F2D74	func_800F2D74	2	7678540574197b420f17571673856a74783eb9d5	src/main/10CA4.c	func_800204A4	93	c-empty
rock_08	0x800F2D7C	func_800F2D7C	15	6d5cbe2977a0458aae5ce636a33413369a570006	src/main/items/item_11_teleporter.c	teleporter_warp	205	c
rock_08	0x800F2F04	func_800F2F04	8	7f693e46b2295478282394980377f04c2f3d08dc	src/main/10CA4.c	func_800204AC	190	c
rock_08	0x800F32A8	func_800F32A8	12	d7798d86256f0afdabaae73146d796ab6b1bcb4c	src/main/mains/main_13_heavy_mech.c	heavy_mech_face_player	15	include_asm
rock_08	0x800F32D8	func_800F32D8	4	661663f17153055cf7760036e4092903fd7741f1	src/main/effects/effect_19_bg_zone_controller_c.c	bg_zone_controller_c_zone_0_done	16	c
rock_08	0x800F32E8	func_800F32E8	19	092b78e20e4a8e3dd6f0100e81da3d0b6b44ca35	src/main/items/item_00_breakable_wall.c	breakable_wall_update	28	include_asm
rock_08	0x800F3334	func_800F3334	8	7f693e46b2295478282394980377f04c2f3d08dc	src/main/10CA4.c	func_800204AC	190	c
rock_08	0x800F33E0	func_800F33E0	15	6d5cbe2977a0458aae5ce636a33413369a570006	src/main/items/item_11_teleporter.c	teleporter_warp	205	c
rock_08	0x800F34C4	func_800F34C4	15	6d5cbe2977a0458aae5ce636a33413369a570006	src/main/items/item_11_teleporter.c	teleporter_warp	205	c
rock_08	0x800F3580	func_800F3580	15	6d5cbe2977a0458aae5ce636a33413369a570006	src/main/items/item_11_teleporter.c	teleporter_warp	205	c
rock_09	0x800E9A60	func_800E9A60	63	b82c7ed308c954b9e609188f2dc73043ef2ecfd6	src/main/visuals/visual_07_water_wake.c	water_wake_main	1	include_asm
rock_09	0x800E9D20	func_800E9D20	17	98768ef976bc5789c31bb772433459e739488645	src/main/visuals/visual_07_water_wake.c	water_wake_player_moving	1	include_asm
rock_09	0x800EA3D0	func_800EA3D0	19	9f9117540cf8878b2d76d0d98987edfffacdf368	src/main/layers/layer_02_train_tunnel.c	train_tunnel_update	15	include_asm
rock_09	0x800EA814	func_800EA814	8	7f693e46b2295478282394980377f04c2f3d08dc	src/main/10CA4.c	func_800204AC	190	c
rock_09	0x800EA834	func_800EA834	19	092b78e20e4a8e3dd6f0100e81da3d0b6b44ca35	src/main/items/item_00_breakable_wall.c	breakable_wall_update	28	include_asm
rock_09	0x800EAB54	func_800EAB54	15	aad97fb234fe33354651730a18c7d90621ac4e6a	src/main/144A4.c	func_80023CA4	207	c
rock_09	0x800EAB90	func_800EAB90	15	aad97fb234fe33354651730a18c7d90621ac4e6a	src/main/144A4.c	func_80023CA4	207	c
rock_09	0x800EADA0	func_800EADA0	8	7f693e46b2295478282394980377f04c2f3d08dc	src/main/10CA4.c	func_800204AC	190	c
rock_09	0x800EADC0	func_800EADC0	8	7f693e46b2295478282394980377f04c2f3d08dc	src/main/10CA4.c	func_800204AC	190	c
rock_09	0x800EADE0	func_800EADE0	15	6d5cbe2977a0458aae5ce636a33413369a570006	src/main/items/item_11_teleporter.c	teleporter_warp	205	c
rock_09	0x800EAF88	func_800EAF88	19	d78453aaa1779408cea3e70ceed2899260fd022e	src/main/mains/main_10_dragonfly.c	dragonfly_carry	13	include_asm
rock_09	0x800EB1D4	func_800EB1D4	2	7678540574197b420f17571673856a74783eb9d5	src/main/10CA4.c	func_800204A4	93	c-empty
rock_09	0x800EB1DC	func_800EB1DC	2	7678540574197b420f17571673856a74783eb9d5	src/main/10CA4.c	func_800204A4	93	c-empty
rock_09	0x800EB284	func_800EB284	12	3d82c3af21bbb95d722f3fba2cb6c1f7823838ca	src/main/mains/main_65_magma_dragoon.c	magma_dragoon_face_player	1	include_asm
rock_09	0x800EB2B4	func_800EB2B4	8	7f693e46b2295478282394980377f04c2f3d08dc	src/main/10CA4.c	func_800204AC	190	c
rock_09	0x800EB7D8	func_800EB7D8	2	7678540574197b420f17571673856a74783eb9d5	src/main/10CA4.c	func_800204A4	93	c-empty
rock_09	0x800EBA40	func_800EBA40	2	7678540574197b420f17571673856a74783eb9d5	src/main/10CA4.c	func_800204A4	93	c-empty
rock_09	0x800EBA48	func_800EBA48	2	7678540574197b420f17571673856a74783eb9d5	src/main/10CA4.c	func_800204A4	93	c-empty
rock_09	0x800EC29C	func_800EC29C	15	aad97fb234fe33354651730a18c7d90621ac4e6a	src/main/144A4.c	func_80023CA4	207	c
rock_09	0x800EC32C	func_800EC32C	3	52d1973288727974453c3292b88edaeb6eda9415	src/main/mains/main_06_bulldozer.c	bulldozer_resume_step	15	c
rock_09	0x800EC338	func_800EC338	18	404516d3d41da670a5d411d79deec94513d1cdaf	src/main/mains/main_32_bomb_bat.c	bomb_bat_hover	5	include_asm
rock_09	0x800EC380	func_800EC380	14	c21d8b683171bb3abb52a614f4c9ba83e700a7ab	src/main/mains/main_32_bomb_bat.c	bomb_bat_hover_start	1	include_asm
rock_09	0x800EC48C	func_800EC48C	15	6d5cbe2977a0458aae5ce636a33413369a570006	src/main/items/item_11_teleporter.c	teleporter_warp	205	c
rock_09	0x800EC4C8	func_800EC4C8	20	32f9f02b5c881815c8dadab4958a83c428324aa3	src/main/mains/main_32_bomb_bat.c	bomb_bat_drop_start	1	include_asm
rock_09	0x800EC518	func_800EC518	23	b8c90aca8278ba81a040d5e540f69d3d3a0234c6	src/main/mains/main_32_bomb_bat.c	bomb_bat_drop_release	1	include_asm
rock_09	0x800EC5C4	func_800EC5C4	15	6d5cbe2977a0458aae5ce636a33413369a570006	src/main/items/item_11_teleporter.c	teleporter_warp	205	c
rock_09	0x800EC65C	func_800EC65C	11	ee72e949e43887a07c0fcf223ea11b8c9414a6a1	src/main/items/item_10_spark_machine.c	spark_machine_broken	20	c
rock_09	0x800EC688	func_800EC688	15	6d5cbe2977a0458aae5ce636a33413369a570006	src/main/items/item_11_teleporter.c	teleporter_warp	205	c
rock_09	0x800EC730	func_800EC730	11	ee72e949e43887a07c0fcf223ea11b8c9414a6a1	src/main/items/item_10_spark_machine.c	spark_machine_broken	20	c
rock_09	0x800EC75C	func_800EC75C	15	6d5cbe2977a0458aae5ce636a33413369a570006	src/main/items/item_11_teleporter.c	teleporter_warp	205	c
rock_09	0x800EC8C0	func_800EC8C0	14	551fe75c1ef02f5c219c50b96f81769024476729	src/main/mains/main_32_bomb_bat.c	bomb_bat_dive_fall	1	include_asm
rock_09	0x800EC930	func_800EC930	18	404516d3d41da670a5d411d79deec94513d1cdaf	src/main/mains/main_32_bomb_bat.c	bomb_bat_hover	5	include_asm
rock_09	0x800ECA70	func_800ECA70	12	d7798d86256f0afdabaae73146d796ab6b1bcb4c	src/main/mains/main_13_heavy_mech.c	heavy_mech_face_player	15	include_asm
rock_09	0x800ECB48	func_800ECB48	15	aad97fb234fe33354651730a18c7d90621ac4e6a	src/main/144A4.c	func_80023CA4	207	c
rock_09	0x800ECCF8	func_800ECCF8	8	7f693e46b2295478282394980377f04c2f3d08dc	src/main/10CA4.c	func_800204AC	190	c
rock_09	0x800ECD18	func_800ECD18	2	7678540574197b420f17571673856a74783eb9d5	src/main/10CA4.c	func_800204A4	93	c-empty
rock_09	0x800ECEF4	func_800ECEF4	19	092b78e20e4a8e3dd6f0100e81da3d0b6b44ca35	src/main/items/item_00_breakable_wall.c	breakable_wall_update	28	include_asm
rock_09	0x800ECFEC	func_800ECFEC	8	83f25a3faba9d1a448dcab6ccfeea86c476053a3	src/main/items/item_02_pickup.c	pickup_collected	8	c
rock_09	0x800ED00C	func_800ED00C	2	7678540574197b420f17571673856a74783eb9d5	src/main/10CA4.c	func_800204A4	93	c-empty
rock_09	0x800EDA34	func_800EDA34	15	aad97fb234fe33354651730a18c7d90621ac4e6a	src/main/144A4.c	func_80023CA4	207	c
rock_09	0x800EDABC	func_800EDABC	8	7f693e46b2295478282394980377f04c2f3d08dc	src/main/10CA4.c	func_800204AC	190	c
rock_09	0x800EDE78	func_800EDE78	8	7f693e46b2295478282394980377f04c2f3d08dc	src/main/10CA4.c	func_800204AC	190	c
rock_09	0x800EE43C	func_800EE43C	19	092b78e20e4a8e3dd6f0100e81da3d0b6b44ca35	src/main/items/item_00_breakable_wall.c	breakable_wall_update	28	include_asm
rock_09	0x800EE488	func_800EE488	15	aad97fb234fe33354651730a18c7d90621ac4e6a	src/main/144A4.c	func_80023CA4	207	c
rock_09	0x800EE534	func_800EE534	8	7f693e46b2295478282394980377f04c2f3d08dc	src/main/10CA4.c	func_800204AC	190	c
rock_09	0x800EE554	func_800EE554	21	45fa9bb77d1e370fbcd4deeb09f690d79b684ebf	src/main/mains/main_02_item_carrier.c	item_carrier_hover	7	include_asm
rock_09	0x800EE934	func_800EE934	17	76d90a83ca68029a289593d059cc5a7436e23089	src/main/shots/shot_55_general_shot.c	general_dust_end	1	include_asm
rock_09	0x800EE978	func_800EE978	19	590ed0325c72277467183ee61d9754ac680efcd0	src/main/items/item_20_gravity_switch.c	gravity_switch_main	8	include_asm
rock_09	0x800EE9C4	func_800EE9C4	8	7f693e46b2295478282394980377f04c2f3d08dc	src/main/10CA4.c	func_800204AC	190	c
rock_09	0x800EF004	func_800EF004	23	3841861bc21ec5a06e7fe26f058b170fac036262	src/main/items/item_08_boss_door.c	boss_door_update	5	include_asm
rock_09	0x800EF19C	func_800EF19C	8	7f693e46b2295478282394980377f04c2f3d08dc	src/main/10CA4.c	func_800204AC	190	c
rock_09	0x800EF1BC	func_800EF1BC	8	7f693e46b2295478282394980377f04c2f3d08dc	src/main/10CA4.c	func_800204AC	190	c
rock_09	0x800EF1DC	func_800EF1DC	15	6d5cbe2977a0458aae5ce636a33413369a570006	src/main/items/item_11_teleporter.c	teleporter_warp	205	c
rock_09	0x800EF69C	func_800EF69C	16	38e1a722ce8eb22c0c91e96517429c593bfa9d95	src/main/mains/main_62_flame_jet.c	flame_jet_update	8	include_asm
rock_09	0x800EF6DC	func_800EF6DC	8	7f693e46b2295478282394980377f04c2f3d08dc	src/main/10CA4.c	func_800204AC	190	c
rock_09	0x800EFFF4	func_800EFFF4	19	9f9117540cf8878b2d76d0d98987edfffacdf368	src/main/layers/layer_02_train_tunnel.c	train_tunnel_update	15	include_asm
rock_09	0x800F01FC	func_800F01FC	15	6d5cbe2977a0458aae5ce636a33413369a570006	src/main/items/item_11_teleporter.c	teleporter_warp	205	c
rock_09	0x800F0238	func_800F0238	15	6d5cbe2977a0458aae5ce636a33413369a570006	src/main/items/item_11_teleporter.c	teleporter_warp	205	c
rock_09	0x800F0414	func_800F0414	8	7f693e46b2295478282394980377f04c2f3d08dc	src/main/10CA4.c	func_800204AC	190	c
rock_09	0x800F2E80	func_800F2E80	2	7678540574197b420f17571673856a74783eb9d5	src/main/10CA4.c	func_800204A4	93	c-empty
rock_09	0x800F2E88	func_800F2E88	15	6d5cbe2977a0458aae5ce636a33413369a570006	src/main/items/item_11_teleporter.c	teleporter_warp	205	c
rock_09	0x800F33E4	func_800F33E4	2	7678540574197b420f17571673856a74783eb9d5	src/main/10CA4.c	func_800204A4	93	c-empty
rock_09	0x800F46F0	func_800F46F0	15	0d6e8e521f0380121f0695e97284a6903ad75c7c	src/main/effects/effect_09_bg_wind.c	bg_wind_main	41	c
rock_09	0x800F4988	func_800F4988	8	7f693e46b2295478282394980377f04c2f3d08dc	src/main/10CA4.c	func_800204AC	190	c
rock_09	0x800F49A8	func_800F49A8	8	7f693e46b2295478282394980377f04c2f3d08dc	src/main/10CA4.c	func_800204AC	190	c
rock_09	0x800F4A70	func_800F4A70	8	7f693e46b2295478282394980377f04c2f3d08dc	src/main/10CA4.c	func_800204AC	190	c
rock_09	0x800F4B10	func_800F4B10	8	7f693e46b2295478282394980377f04c2f3d08dc	src/main/10CA4.c	func_800204AC	190	c
rock_09	0x800F4B30	func_800F4B30	8	7f693e46b2295478282394980377f04c2f3d08dc	src/main/10CA4.c	func_800204AC	190	c
rock_09	0x800F4BD0	func_800F4BD0	8	7f693e46b2295478282394980377f04c2f3d08dc	src/main/10CA4.c	func_800204AC	190	c
rock_10	0x800E9E4C	func_800E9E4C	15	aad97fb234fe33354651730a18c7d90621ac4e6a	src/main/144A4.c	func_80023CA4	207	c
rock_10	0x800EA02C	func_800EA02C	15	aad97fb234fe33354651730a18c7d90621ac4e6a	src/main/144A4.c	func_80023CA4	207	c
rock_10	0x800EA068	func_800EA068	29	1d1542c14e9b7b71f2774381b47ec0124074cce3	src/main/misc/misc_00_static_sprite.c	spawn_common_effect	1	include_asm
rock_10	0x800EA0DC	func_800EA0DC	16	ed471c96b830aa02b782662acbe60376829ba107	src/main/misc/misc_01_common_effect.c	common_effect_animate	1	include_asm
rock_10	0x800EA11C	func_800EA11C	8	7f693e46b2295478282394980377f04c2f3d08dc	src/main/10CA4.c	func_800204AC	190	c
rock_10	0x800EC8F8	func_800EC8F8	15	aad97fb234fe33354651730a18c7d90621ac4e6a	src/main/144A4.c	func_80023CA4	207	c
rock_10	0x800EC934	func_800EC934	15	aad97fb234fe33354651730a18c7d90621ac4e6a	src/main/144A4.c	func_80023CA4	207	c
rock_10	0x800ECB3C	func_800ECB3C	15	6d5cbe2977a0458aae5ce636a33413369a570006	src/main/items/item_11_teleporter.c	teleporter_warp	205	c
rock_10	0x800ECC10	func_800ECC10	10	8cebceb7e09cf535b027efc5bc961c2065b6a764	src/main/mains/main_43_web_spider.c	web_spider_swing_wait	1	include_asm
rock_10	0x800ECC38	func_800ECC38	15	6d5cbe2977a0458aae5ce636a33413369a570006	src/main/items/item_11_teleporter.c	teleporter_warp	205	c
rock_10	0x800ECDEC	func_800ECDEC	2	7678540574197b420f17571673856a74783eb9d5	src/main/10CA4.c	func_800204A4	93	c-empty
rock_10	0x800ECE54	func_800ECE54	15	6d5cbe2977a0458aae5ce636a33413369a570006	src/main/items/item_11_teleporter.c	teleporter_warp	205	c
rock_10	0x800ECEA0	func_800ECEA0	15	6d5cbe2977a0458aae5ce636a33413369a570006	src/main/items/item_11_teleporter.c	teleporter_warp	205	c
rock_10	0x800ECEDC	func_800ECEDC	2	7678540574197b420f17571673856a74783eb9d5	src/main/10CA4.c	func_800204A4	93	c-empty
rock_10	0x800ED288	func_800ED288	2	7678540574197b420f17571673856a74783eb9d5	src/main/10CA4.c	func_800204A4	93	c-empty
rock_10	0x800ED290	func_800ED290	8	7f693e46b2295478282394980377f04c2f3d08dc	src/main/10CA4.c	func_800204AC	190	c
rock_10	0x800ED304	func_800ED304	8	7f693e46b2295478282394980377f04c2f3d08dc	src/main/10CA4.c	func_800204AC	190	c
rock_10	0x800ED324	func_800ED324	15	aad97fb234fe33354651730a18c7d90621ac4e6a	src/main/144A4.c	func_80023CA4	207	c
rock_10	0x800ED4AC	func_800ED4AC	8	7f693e46b2295478282394980377f04c2f3d08dc	src/main/10CA4.c	func_800204AC	190	c
rock_10	0x800EE2EC	func_800EE2EC	15	aad97fb234fe33354651730a18c7d90621ac4e6a	src/main/144A4.c	func_80023CA4	207	c
rock_10	0x800EE524	func_800EE524	16	e9c7e1dc557eae2ee9d922f351457cb85cda1314	src/main/mains/main_48_sentry_drone.c	sentry_drone_wait_for_player	1	c
rock_10	0x800EE564	func_800EE564	2	7678540574197b420f17571673856a74783eb9d5	src/main/10CA4.c	func_800204A4	93	c-empty
rock_10	0x800EE56C	func_800EE56C	15	6d5cbe2977a0458aae5ce636a33413369a570006	src/main/items/item_11_teleporter.c	teleporter_warp	205	c
rock_10	0x800EE5A8	func_800EE5A8	25	85e8100d55936f7112b4c230e6bb6d66b9ebc803	src/main/mains/main_48_sentry_drone.c	sentry_drone_drift_start	1	include_asm
rock_10	0x800EE60C	func_800EE60C	23	a6e79c949180f6c50b2b3c9650945314517ab2b8	src/main/mains/main_48_sentry_drone.c	sentry_drone_drift_move	1	include_asm
rock_10	0x800EE668	func_800EE668	15	6d5cbe2977a0458aae5ce636a33413369a570006	src/main/items/item_11_teleporter.c	teleporter_warp	205	c
rock_10	0x800EE6A4	func_800EE6A4	31	327f58c0753afe156aa464b5c67385d099b1f987	src/main/mains/main_48_sentry_drone.c	sentry_drone_dash_start	1	include_asm
rock_10	0x800EE720	func_800EE720	25	0de043eb011495b64acf69985dc05595fefbed6f	src/main/mains/main_48_sentry_drone.c	sentry_drone_dash_move	1	include_asm
rock_10	0x800EE784	func_800EE784	19	d78453aaa1779408cea3e70ceed2899260fd022e	src/main/mains/main_10_dragonfly.c	dragonfly_carry	13	include_asm
rock_10	0x800EE820	func_800EE820	10	e789ebcec5791086976395f230e4b870ec93ea2c	src/main/mains/main_48_sentry_drone.c	sentry_drone_burst_wait	1	c
rock_10	0x800EE848	func_800EE848	34	b51be65f31c0447c2d29d3ec1a3aa8b6269a0613	src/main/mains/main_48_sentry_drone.c	sentry_drone_burst_repeat	1	include_asm
rock_10	0x800EE940	func_800EE940	19	d78453aaa1779408cea3e70ceed2899260fd022e	src/main/mains/main_10_dragonfly.c	dragonfly_carry	13	include_asm
rock_10	0x800EEB68	func_800EEB68	24	be9839e079ddb5ee5645ebcfb9190469b845356f	src/main/mains/main_48_sentry_drone.c	sentry_drone_spread_repeat	1	include_asm
rock_10	0x800EEBC8	func_800EEBC8	5	71839dba5adfae510f827704dccc949c6562ecd4	src/main/effects/effect_08_bg_zone_controller.c	bg_zone_controller_zone_1_enter	12	c
rock_10	0x800EEBDC	func_800EEBDC	6	615c4ab6942cc5ee6560dc81fa1b8ffc53687a37	src/main/mains/main_48_sentry_drone.c	sentry_drone_spread_end	1	c
rock_10	0x800EEBF4	func_800EEBF4	15	6d5cbe2977a0458aae5ce636a33413369a570006	src/main/items/item_11_teleporter.c	teleporter_warp	205	c
rock_10	0x800EEC30	func_800EEC30	16	0565770c6716d04ca8277154008a74f0bca73283	src/main/mains/main_48_sentry_drone.c	sentry_drone_drop_start	1	include_asm
rock_10	0x800EEC70	func_800EEC70	11	ee72e949e43887a07c0fcf223ea11b8c9414a6a1	src/main/items/item_10_spark_machine.c	spark_machine_broken	20	c
rock_10	0x800EF01C	func_800EF01C	8	7f693e46b2295478282394980377f04c2f3d08dc	src/main/10CA4.c	func_800204AC	190	c
rock_10	0x800EF03C	func_800EF03C	2	7678540574197b420f17571673856a74783eb9d5	src/main/10CA4.c	func_800204A4	93	c-empty
rock_10	0x800EF044	func_800EF044	19	092b78e20e4a8e3dd6f0100e81da3d0b6b44ca35	src/main/items/item_00_breakable_wall.c	breakable_wall_update	28	include_asm
rock_10	0x800EF090	func_800EF090	24	7ce572c2f092152843edffa9b7486accb1c1db88	src/main/misc/misc_25_sentry_flash.c	sentry_flash_animate	1	include_asm
rock_10	0x800EF0F0	func_800EF0F0	8	7f693e46b2295478282394980377f04c2f3d08dc	src/main/10CA4.c	func_800204AC	190	c
rock_10	0x800EFA08	func_800EFA08	19	9f9117540cf8878b2d76d0d98987edfffacdf368	src/main/layers/layer_02_train_tunnel.c	train_tunnel_update	15	include_asm
rock_10	0x800EFC10	func_800EFC10	15	6d5cbe2977a0458aae5ce636a33413369a570006	src/main/items/item_11_teleporter.c	teleporter_warp	205	c
rock_10	0x800EFC4C	func_800EFC4C	15	6d5cbe2977a0458aae5ce636a33413369a570006	src/main/items/item_11_teleporter.c	teleporter_warp	205	c
rock_10	0x800EFE28	func_800EFE28	8	7f693e46b2295478282394980377f04c2f3d08dc	src/main/10CA4.c	func_800204AC	190	c
rock_10	0x800F03F8	func_800F03F8	15	aad97fb234fe33354651730a18c7d90621ac4e6a	src/main/144A4.c	func_80023CA4	207	c
rock_10	0x800F0434	func_800F0434	27	7e98e0cffd71ae6f09409e2bee990d8e1b8ff600	src/main/mains/main_27_dash_gunner.c	dash_gunner_explode	1	include_asm
rock_10	0x800F04F0	func_800F04F0	2	7678540574197b420f17571673856a74783eb9d5	src/main/10CA4.c	func_800204A4	93	c-empty
rock_10	0x800F04F8	func_800F04F8	15	6d5cbe2977a0458aae5ce636a33413369a570006	src/main/items/item_11_teleporter.c	teleporter_warp	205	c
rock_10	0x800F0648	func_800F0648	15	6d5cbe2977a0458aae5ce636a33413369a570006	src/main/items/item_11_teleporter.c	teleporter_warp	205	c
rock_10	0x800F073C	func_800F073C	15	6d5cbe2977a0458aae5ce636a33413369a570006	src/main/items/item_11_teleporter.c	teleporter_warp	205	c
rock_10	0x800F0930	func_800F0930	2	7678540574197b420f17571673856a74783eb9d5	src/main/10CA4.c	func_800204A4	93	c-empty
rock_10	0x800F0938	func_800F0938	15	6d5cbe2977a0458aae5ce636a33413369a570006	src/main/items/item_11_teleporter.c	teleporter_warp	205	c
rock_10	0x800F0974	func_800F0974	2	7678540574197b420f17571673856a74783eb9d5	src/main/10CA4.c	func_800204A4	93	c-empty
rock_10	0x800F097C	func_800F097C	2	7678540574197b420f17571673856a74783eb9d5	src/main/10CA4.c	func_800204A4	93	c-empty
rock_10	0x800F0984	func_800F0984	2	7678540574197b420f17571673856a74783eb9d5	src/main/10CA4.c	func_800204A4	93	c-empty
rock_10	0x800F098C	func_800F098C	2	7678540574197b420f17571673856a74783eb9d5	src/main/10CA4.c	func_800204A4	93	c-empty
rock_10	0x800F0994	func_800F0994	3	52d1973288727974453c3292b88edaeb6eda9415	src/main/mains/main_06_bulldozer.c	bulldozer_resume_step	15	c
rock_10	0x800F09C4	func_800F09C4	15	aad97fb234fe33354651730a18c7d90621ac4e6a	src/main/144A4.c	func_80023CA4	207	c
rock_10	0x800F0B90	func_800F0B90	8	7f693e46b2295478282394980377f04c2f3d08dc	src/main/10CA4.c	func_800204AC	190	c
rock_10	0x800F1728	func_800F1728	8	e996675da028c2f601a48b26ce0c10e019509d04	src/main/effects/effect_05_tile_scanner.c	tile_scanner_init	1	c
rock_10	0x800F1FD8	func_800F1FD8	15	aad97fb234fe33354651730a18c7d90621ac4e6a	src/main/144A4.c	func_80023CA4	207	c
rock_10	0x800F2424	func_800F2424	15	aad97fb234fe33354651730a18c7d90621ac4e6a	src/main/144A4.c	func_80023CA4	207	c
rock_10	0x800F25E0	func_800F25E0	8	7f693e46b2295478282394980377f04c2f3d08dc	src/main/10CA4.c	func_800204AC	190	c
rock_10	0x800F3C98	func_800F3C98	2	7678540574197b420f17571673856a74783eb9d5	src/main/10CA4.c	func_800204A4	93	c-empty
rock_10	0x800F3E2C	func_800F3E2C	19	9f9117540cf8878b2d76d0d98987edfffacdf368	src/main/layers/layer_02_train_tunnel.c	train_tunnel_update	15	include_asm
rock_10	0x800F3F34	func_800F3F34	8	7f693e46b2295478282394980377f04c2f3d08dc	src/main/10CA4.c	func_800204AC	190	c
rock_10	0x800F42AC	func_800F42AC	19	092b78e20e4a8e3dd6f0100e81da3d0b6b44ca35	src/main/items/item_00_breakable_wall.c	breakable_wall_update	28	include_asm
rock_10	0x800F43F4	func_800F43F4	8	7f693e46b2295478282394980377f04c2f3d08dc	src/main/10CA4.c	func_800204AC	190	c
rock_10	0x800F792C	func_800F792C	15	0d6e8e521f0380121f0695e97284a6903ad75c7c	src/main/effects/effect_09_bg_wind.c	bg_wind_main	41	c
rock_10	0x800F79F4	func_800F79F4	61	f2023113f31242d5558bca99b4cfb9fd7ad95758	src/main/mains/main_57_frost_walrus.c	frost_walrus_death_explode	1	include_asm
rock_10	0x800F7D70	func_800F7D70	8	7f693e46b2295478282394980377f04c2f3d08dc	src/main/10CA4.c	func_800204AC	190	c
rock_10	0x800F7D90	func_800F7D90	15	6d5cbe2977a0458aae5ce636a33413369a570006	src/main/items/item_11_teleporter.c	teleporter_warp	205	c
rock_10	0x800F80D4	func_800F80D4	15	6d5cbe2977a0458aae5ce636a33413369a570006	src/main/items/item_11_teleporter.c	teleporter_warp	205	c
rock_10	0x800F838C	func_800F838C	15	6d5cbe2977a0458aae5ce636a33413369a570006	src/main/items/item_11_teleporter.c	teleporter_warp	205	c
rock_10	0x800F8884	func_800F8884	15	6d5cbe2977a0458aae5ce636a33413369a570006	src/main/items/item_11_teleporter.c	teleporter_warp	205	c
rock_10	0x800F8B1C	func_800F8B1C	8	7f693e46b2295478282394980377f04c2f3d08dc	src/main/10CA4.c	func_800204AC	190	c
rock_10	0x800F8B3C	func_800F8B3C	15	6d5cbe2977a0458aae5ce636a33413369a570006	src/main/items/item_11_teleporter.c	teleporter_warp	205	c
rock_10	0x800F90CC	func_800F90CC	15	6d5cbe2977a0458aae5ce636a33413369a570006	src/main/items/item_11_teleporter.c	teleporter_warp	205	c
rock_10	0x800F9450	func_800F9450	15	6d5cbe2977a0458aae5ce636a33413369a570006	src/main/items/item_11_teleporter.c	teleporter_warp	205	c
rock_10	0x800F97E0	func_800F97E0	11	ee72e949e43887a07c0fcf223ea11b8c9414a6a1	src/main/items/item_10_spark_machine.c	spark_machine_broken	20	c
rock_10	0x800F980C	func_800F980C	15	6d5cbe2977a0458aae5ce636a33413369a570006	src/main/items/item_11_teleporter.c	teleporter_warp	205	c
rock_10	0x800F99FC	func_800F99FC	8	7f693e46b2295478282394980377f04c2f3d08dc	src/main/10CA4.c	func_800204AC	190	c
rock_10	0x800F9E04	func_800F9E04	12	d7798d86256f0afdabaae73146d796ab6b1bcb4c	src/main/mains/main_13_heavy_mech.c	heavy_mech_face_player	15	include_asm
rock_10	0x800F9E34	func_800F9E34	2	7678540574197b420f17571673856a74783eb9d5	src/main/10CA4.c	func_800204A4	93	c-empty
rock_10	0x800F9FE4	func_800F9FE4	19	092b78e20e4a8e3dd6f0100e81da3d0b6b44ca35	src/main/items/item_00_breakable_wall.c	breakable_wall_update	28	include_asm
rock_10	0x800FA0CC	func_800FA0CC	8	7f693e46b2295478282394980377f04c2f3d08dc	src/main/10CA4.c	func_800204AC	190	c
rock_10	0x800FA0EC	func_800FA0EC	15	6d5cbe2977a0458aae5ce636a33413369a570006	src/main/items/item_11_teleporter.c	teleporter_warp	205	c
rock_10	0x800FA340	func_800FA340	15	6d5cbe2977a0458aae5ce636a33413369a570006	src/main/items/item_11_teleporter.c	teleporter_warp	205	c
rock_10	0x800FA42C	func_800FA42C	15	6d5cbe2977a0458aae5ce636a33413369a570006	src/main/items/item_11_teleporter.c	teleporter_warp	205	c
rock_10	0x800FA61C	func_800FA61C	8	7f693e46b2295478282394980377f04c2f3d08dc	src/main/10CA4.c	func_800204AC	190	c
rock_10	0x800FA63C	func_800FA63C	2	7678540574197b420f17571673856a74783eb9d5	src/main/10CA4.c	func_800204A4	93	c-empty
rock_10	0x800FA798	func_800FA798	8	7f693e46b2295478282394980377f04c2f3d08dc	src/main/10CA4.c	func_800204AC	190	c
rock_10	0x800FA8C4	func_800FA8C4	15	aad97fb234fe33354651730a18c7d90621ac4e6a	src/main/144A4.c	func_80023CA4	207	c
rock_11	0x800EA488	func_800EA488	15	aad97fb234fe33354651730a18c7d90621ac4e6a	src/main/144A4.c	func_80023CA4	207	c
rock_11	0x800EA4C4	func_800EA4C4	15	aad97fb234fe33354651730a18c7d90621ac4e6a	src/main/144A4.c	func_80023CA4	207	c
rock_11	0x800EA5F0	func_800EA5F0	8	7f693e46b2295478282394980377f04c2f3d08dc	src/main/10CA4.c	func_800204AC	190	c
rock_11	0x800EA610	func_800EA610	8	7f693e46b2295478282394980377f04c2f3d08dc	src/main/10CA4.c	func_800204AC	190	c
rock_11	0x800EA630	func_800EA630	8	7f693e46b2295478282394980377f04c2f3d08dc	src/main/10CA4.c	func_800204AC	190	c
rock_11	0x800EA750	func_800EA750	2	7678540574197b420f17571673856a74783eb9d5	src/main/10CA4.c	func_800204A4	93	c-empty
rock_11	0x800EA7F0	func_800EA7F0	8	7f693e46b2295478282394980377f04c2f3d08dc	src/main/10CA4.c	func_800204AC	190	c
rock_11	0x800EA810	func_800EA810	15	6d5cbe2977a0458aae5ce636a33413369a570006	src/main/items/item_11_teleporter.c	teleporter_warp	205	c
rock_11	0x800EA924	func_800EA924	8	7f693e46b2295478282394980377f04c2f3d08dc	src/main/10CA4.c	func_800204AC	190	c
rock_11	0x800EAA50	func_800EAA50	2	7678540574197b420f17571673856a74783eb9d5	src/main/10CA4.c	func_800204A4	93	c-empty
rock_11	0x800EABA4	func_800EABA4	12	3d82c3af21bbb95d722f3fba2cb6c1f7823838ca	src/main/mains/main_65_magma_dragoon.c	magma_dragoon_face_player	1	include_asm
rock_11	0x800EAC80	func_800EAC80	8	7f693e46b2295478282394980377f04c2f3d08dc	src/main/10CA4.c	func_800204AC	190	c
rock_11	0x800EC3FC	func_800EC3FC	15	aad97fb234fe33354651730a18c7d90621ac4e6a	src/main/144A4.c	func_80023CA4	207	c
rock_11	0x800EC438	func_800EC438	15	aad97fb234fe33354651730a18c7d90621ac4e6a	src/main/144A4.c	func_80023CA4	207	c
rock_11	0x800EC474	func_800EC474	8	7f693e46b2295478282394980377f04c2f3d08dc	src/main/10CA4.c	func_800204AC	190	c
rock_11	0x800EC494	func_800EC494	8	7f693e46b2295478282394980377f04c2f3d08dc	src/main/10CA4.c	func_800204AC	190	c
rock_11	0x800EC53C	func_800EC53C	15	6d5cbe2977a0458aae5ce636a33413369a570006	src/main/items/item_11_teleporter.c	teleporter_warp	205	c
rock_11	0x800EC720	func_800EC720	2	7678540574197b420f17571673856a74783eb9d5	src/main/10CA4.c	func_800204A4	93	c-empty
rock_11	0x800EC800	func_800EC800	12	3d82c3af21bbb95d722f3fba2cb6c1f7823838ca	src/main/mains/main_65_magma_dragoon.c	magma_dragoon_face_player	1	include_asm
rock_11	0x800EC9B0	func_800EC9B0	8	7f693e46b2295478282394980377f04c2f3d08dc	src/main/10CA4.c	func_800204AC	190	c
rock_11	0x800ECD6C	func_800ECD6C	8	7f693e46b2295478282394980377f04c2f3d08dc	src/main/10CA4.c	func_800204AC	190	c
rock_11	0x800ED624	func_800ED624	15	aad97fb234fe33354651730a18c7d90621ac4e6a	src/main/144A4.c	func_80023CA4	207	c
rock_11	0x800ED728	func_800ED728	8	7f693e46b2295478282394980377f04c2f3d08dc	src/main/10CA4.c	func_800204AC	190	c
rock_11	0x800ED79C	func_800ED79C	11	ee72e949e43887a07c0fcf223ea11b8c9414a6a1	src/main/items/item_10_spark_machine.c	spark_machine_broken	20	c
rock_11	0x800F20D4	func_800F20D4	19	092b78e20e4a8e3dd6f0100e81da3d0b6b44ca35	src/main/items/item_00_breakable_wall.c	breakable_wall_update	28	include_asm
rock_11	0x800F2120	func_800F2120	15	aad97fb234fe33354651730a18c7d90621ac4e6a	src/main/144A4.c	func_80023CA4	207	c
rock_11	0x800F22DC	func_800F22DC	8	7f693e46b2295478282394980377f04c2f3d08dc	src/main/10CA4.c	func_800204AC	190	c
rock_11	0x800F22FC	func_800F22FC	8	7f693e46b2295478282394980377f04c2f3d08dc	src/main/10CA4.c	func_800204AC	190	c
rock_11	0x800F231C	func_800F231C	15	6d5cbe2977a0458aae5ce636a33413369a570006	src/main/items/item_11_teleporter.c	teleporter_warp	205	c
rock_11	0x800F2518	func_800F2518	5	71839dba5adfae510f827704dccc949c6562ecd4	src/main/effects/effect_08_bg_zone_controller.c	bg_zone_controller_zone_1_enter	12	c
rock_11	0x800F2624	func_800F2624	5	5f81c885142a1e1a2930000e9f6331bc6d9f2cdc	src/main/layers/layer_02_train_tunnel.c	train_tunnel_section_3_wait	2	c
rock_11	0x800F2638	func_800F2638	5	71839dba5adfae510f827704dccc949c6562ecd4	src/main/effects/effect_08_bg_zone_controller.c	bg_zone_controller_zone_1_enter	12	c
rock_11	0x800F2680	func_800F2680	15	6d5cbe2977a0458aae5ce636a33413369a570006	src/main/items/item_11_teleporter.c	teleporter_warp	205	c
rock_11	0x800F2760	func_800F2760	15	6d5cbe2977a0458aae5ce636a33413369a570006	src/main/items/item_11_teleporter.c	teleporter_warp	205	c
rock_11	0x800F287C	func_800F287C	2	7678540574197b420f17571673856a74783eb9d5	src/main/10CA4.c	func_800204A4	93	c-empty
rock_11	0x800F2884	func_800F2884	15	6d5cbe2977a0458aae5ce636a33413369a570006	src/main/items/item_11_teleporter.c	teleporter_warp	205	c
rock_11	0x800F2B44	func_800F2B44	15	6d5cbe2977a0458aae5ce636a33413369a570006	src/main/items/item_11_teleporter.c	teleporter_warp	205	c
rock_11	0x800F2DB0	func_800F2DB0	15	6d5cbe2977a0458aae5ce636a33413369a570006	src/main/items/item_11_teleporter.c	teleporter_warp	205	c
rock_11	0x800F304C	func_800F304C	15	6d5cbe2977a0458aae5ce636a33413369a570006	src/main/items/item_11_teleporter.c	teleporter_warp	205	c
rock_11	0x800F32D8	func_800F32D8	15	6d5cbe2977a0458aae5ce636a33413369a570006	src/main/items/item_11_teleporter.c	teleporter_warp	205	c
rock_11	0x800F3508	func_800F3508	15	6d5cbe2977a0458aae5ce636a33413369a570006	src/main/items/item_11_teleporter.c	teleporter_warp	205	c
rock_11	0x800F35D4	func_800F35D4	15	6d5cbe2977a0458aae5ce636a33413369a570006	src/main/items/item_11_teleporter.c	teleporter_warp	205	c
rock_11	0x800F367C	func_800F367C	15	6d5cbe2977a0458aae5ce636a33413369a570006	src/main/items/item_11_teleporter.c	teleporter_warp	205	c
rock_11	0x800F37F8	func_800F37F8	15	6d5cbe2977a0458aae5ce636a33413369a570006	src/main/items/item_11_teleporter.c	teleporter_warp	205	c
rock_11	0x800F3834	func_800F3834	2	7678540574197b420f17571673856a74783eb9d5	src/main/10CA4.c	func_800204A4	93	c-empty
rock_11	0x800F383C	func_800F383C	2	7678540574197b420f17571673856a74783eb9d5	src/main/10CA4.c	func_800204A4	93	c-empty
rock_11	0x800F3844	func_800F3844	2	7678540574197b420f17571673856a74783eb9d5	src/main/10CA4.c	func_800204A4	93	c-empty
rock_11	0x800F39A0	func_800F39A0	2	7678540574197b420f17571673856a74783eb9d5	src/main/10CA4.c	func_800204A4	93	c-empty
rock_11	0x800F3B10	func_800F3B10	2	7678540574197b420f17571673856a74783eb9d5	src/main/10CA4.c	func_800204A4	93	c-empty
rock_11	0x800F3B18	func_800F3B18	15	6d5cbe2977a0458aae5ce636a33413369a570006	src/main/items/item_11_teleporter.c	teleporter_warp	205	c
rock_11	0x800F3D14	func_800F3D14	2	7678540574197b420f17571673856a74783eb9d5	src/main/10CA4.c	func_800204A4	93	c-empty
rock_11	0x800F3D1C	func_800F3D1C	2	7678540574197b420f17571673856a74783eb9d5	src/main/10CA4.c	func_800204A4	93	c-empty
rock_11	0x800F475C	func_800F475C	8	7f693e46b2295478282394980377f04c2f3d08dc	src/main/10CA4.c	func_800204AC	190	c
rock_11	0x800F477C	func_800F477C	15	6d5cbe2977a0458aae5ce636a33413369a570006	src/main/items/item_11_teleporter.c	teleporter_warp	205	c
rock_11	0x800F4894	func_800F4894	2	7678540574197b420f17571673856a74783eb9d5	src/main/10CA4.c	func_800204A4	93	c-empty
rock_11	0x800F489C	func_800F489C	2	7678540574197b420f17571673856a74783eb9d5	src/main/10CA4.c	func_800204A4	93	c-empty
rock_11	0x800F4A4C	func_800F4A4C	8	7f693e46b2295478282394980377f04c2f3d08dc	src/main/10CA4.c	func_800204AC	190	c
rock_11	0x800F4E10	func_800F4E10	2	7678540574197b420f17571673856a74783eb9d5	src/main/10CA4.c	func_800204A4	93	c-empty
rock_11	0x800F4E18	func_800F4E18	2	7678540574197b420f17571673856a74783eb9d5	src/main/10CA4.c	func_800204A4	93	c-empty
rock_11	0x800F57F4	func_800F57F4	19	9f9117540cf8878b2d76d0d98987edfffacdf368	src/main/layers/layer_02_train_tunnel.c	train_tunnel_update	15	include_asm
rock_11	0x800F59FC	func_800F59FC	15	6d5cbe2977a0458aae5ce636a33413369a570006	src/main/items/item_11_teleporter.c	teleporter_warp	205	c
rock_11	0x800F5A38	func_800F5A38	15	6d5cbe2977a0458aae5ce636a33413369a570006	src/main/items/item_11_teleporter.c	teleporter_warp	205	c
rock_11	0x800F5C14	func_800F5C14	8	7f693e46b2295478282394980377f04c2f3d08dc	src/main/10CA4.c	func_800204AC	190	c
rock_11	0x800F7EA8	func_800F7EA8	15	0d6e8e521f0380121f0695e97284a6903ad75c7c	src/main/effects/effect_09_bg_wind.c	bg_wind_main	41	c
rock_11	0x800F869C	func_800F869C	15	6d5cbe2977a0458aae5ce636a33413369a570006	src/main/items/item_11_teleporter.c	teleporter_warp	205	c
rock_11	0x800F8798	func_800F8798	15	6d5cbe2977a0458aae5ce636a33413369a570006	src/main/items/item_11_teleporter.c	teleporter_warp	205	c
rock_11	0x800F89AC	func_800F89AC	15	6d5cbe2977a0458aae5ce636a33413369a570006	src/main/items/item_11_teleporter.c	teleporter_warp	205	c
rock_11	0x800F8CD8	func_800F8CD8	15	6d5cbe2977a0458aae5ce636a33413369a570006	src/main/items/item_11_teleporter.c	teleporter_warp	205	c
rock_11	0x800F8D90	func_800F8D90	15	6d5cbe2977a0458aae5ce636a33413369a570006	src/main/items/item_11_teleporter.c	teleporter_warp	205	c
rock_11	0x800F8F78	func_800F8F78	15	6d5cbe2977a0458aae5ce636a33413369a570006	src/main/items/item_11_teleporter.c	teleporter_warp	205	c
rock_11	0x800F92A0	func_800F92A0	15	6d5cbe2977a0458aae5ce636a33413369a570006	src/main/items/item_11_teleporter.c	teleporter_warp	205	c
rock_11	0x800F94A0	func_800F94A0	15	6d5cbe2977a0458aae5ce636a33413369a570006	src/main/items/item_11_teleporter.c	teleporter_warp	205	c
rock_11	0x800F9588	func_800F9588	15	6d5cbe2977a0458aae5ce636a33413369a570006	src/main/items/item_11_teleporter.c	teleporter_warp	205	c
rock_11	0x800F9864	func_800F9864	15	6d5cbe2977a0458aae5ce636a33413369a570006	src/main/items/item_11_teleporter.c	teleporter_warp	205	c
rock_11	0x800F9910	func_800F9910	5	71839dba5adfae510f827704dccc949c6562ecd4	src/main/effects/effect_08_bg_zone_controller.c	bg_zone_controller_zone_1_enter	12	c
rock_11	0x800F9924	func_800F9924	5	71839dba5adfae510f827704dccc949c6562ecd4	src/main/effects/effect_08_bg_zone_controller.c	bg_zone_controller_zone_1_enter	12	c
rock_11	0x800F994C	func_800F994C	8	7f693e46b2295478282394980377f04c2f3d08dc	src/main/10CA4.c	func_800204AC	190	c
rock_11	0x800F996C	func_800F996C	15	6d5cbe2977a0458aae5ce636a33413369a570006	src/main/items/item_11_teleporter.c	teleporter_warp	205	c
rock_11	0x800F9C84	func_800F9C84	11	ee72e949e43887a07c0fcf223ea11b8c9414a6a1	src/main/items/item_10_spark_machine.c	spark_machine_broken	20	c
rock_11	0x800F9CB0	func_800F9CB0	15	6d5cbe2977a0458aae5ce636a33413369a570006	src/main/items/item_11_teleporter.c	teleporter_warp	205	c
rock_11	0x800F9DC8	func_800F9DC8	2	7678540574197b420f17571673856a74783eb9d5	src/main/10CA4.c	func_800204A4	93	c-empty
rock_11	0x800FA4C8	func_800FA4C8	12	3d82c3af21bbb95d722f3fba2cb6c1f7823838ca	src/main/mains/main_65_magma_dragoon.c	magma_dragoon_face_player	1	include_asm
rock_11	0x800FA82C	func_800FA82C	15	6d5cbe2977a0458aae5ce636a33413369a570006	src/main/items/item_11_teleporter.c	teleporter_warp	205	c
rock_11	0x800FA9E4	func_800FA9E4	15	6d5cbe2977a0458aae5ce636a33413369a570006	src/main/items/item_11_teleporter.c	teleporter_warp	205	c
rock_11	0x800FAAFC	func_800FAAFC	15	6d5cbe2977a0458aae5ce636a33413369a570006	src/main/items/item_11_teleporter.c	teleporter_warp	205	c
rock_11	0x800FAC14	func_800FAC14	15	6d5cbe2977a0458aae5ce636a33413369a570006	src/main/items/item_11_teleporter.c	teleporter_warp	205	c
rock_11	0x800FACD8	func_800FACD8	8	7f693e46b2295478282394980377f04c2f3d08dc	src/main/10CA4.c	func_800204AC	190	c
rock_11	0x800FAD90	func_800FAD90	8	7f693e46b2295478282394980377f04c2f3d08dc	src/main/10CA4.c	func_800204AC	190	c
rock_11	0x800FAF94	func_800FAF94	15	6d5cbe2977a0458aae5ce636a33413369a570006	src/main/items/item_11_teleporter.c	teleporter_warp	205	c
rock_11	0x800FB13C	func_800FB13C	15	aad97fb234fe33354651730a18c7d90621ac4e6a	src/main/144A4.c	func_80023CA4	207	c
rock_12	0x800E9E20	func_800E9E20	15	aad97fb234fe33354651730a18c7d90621ac4e6a	src/main/144A4.c	func_80023CA4	207	c
rock_12	0x800E9E5C	func_800E9E5C	15	aad97fb234fe33354651730a18c7d90621ac4e6a	src/main/144A4.c	func_80023CA4	207	c
rock_12	0x800E9E98	func_800E9E98	15	aad97fb234fe33354651730a18c7d90621ac4e6a	src/main/144A4.c	func_80023CA4	207	c
rock_12	0x800EA21C	func_800EA21C	2	7678540574197b420f17571673856a74783eb9d5	src/main/10CA4.c	func_800204A4	93	include_asm
rock_12	0x800EA224	func_800EA224	2	7678540574197b420f17571673856a74783eb9d5	src/main/10CA4.c	func_800204A4	93	include_asm
rock_12	0x800EA22C	func_800EA22C	2	7678540574197b420f17571673856a74783eb9d5	src/main/10CA4.c	func_800204A4	93	include_asm
rock_12	0x800EA234	func_800EA234	15	0d6e8e521f0380121f0695e97284a6903ad75c7c	src/main/effects/effect_09_bg_wind.c	bg_wind_main	41	c
rock_12	0x800EA304	func_800EA304	8	7f693e46b2295478282394980377f04c2f3d08dc	src/main/10CA4.c	func_800204AC	190	include_asm
rock_14	0x800E9AE0	func_800E9AE0	15	aad97fb234fe33354651730a18c7d90621ac4e6a	src/main/144A4.c	func_80023CA4	207	c
rock_14	0x800E9B48	func_800E9B48	8	7f693e46b2295478282394980377f04c2f3d08dc	src/main/10CA4.c	func_800204AC	190	c
rock_14	0x800EB2C4	func_800EB2C4	15	aad97fb234fe33354651730a18c7d90621ac4e6a	src/main/144A4.c	func_80023CA4	207	c
rock_14	0x800EB300	func_800EB300	15	aad97fb234fe33354651730a18c7d90621ac4e6a	src/main/144A4.c	func_80023CA4	207	c
rock_14	0x800EB33C	func_800EB33C	8	7f693e46b2295478282394980377f04c2f3d08dc	src/main/10CA4.c	func_800204AC	190	c
rock_14	0x800EB35C	func_800EB35C	8	7f693e46b2295478282394980377f04c2f3d08dc	src/main/10CA4.c	func_800204AC	190	c
rock_14	0x800EB404	func_800EB404	15	6d5cbe2977a0458aae5ce636a33413369a570006	src/main/items/item_11_teleporter.c	teleporter_warp	205	c
rock_14	0x800EB5E8	func_800EB5E8	2	7678540574197b420f17571673856a74783eb9d5	src/main/10CA4.c	func_800204A4	93	c-empty
rock_14	0x800EB6C8	func_800EB6C8	12	3d82c3af21bbb95d722f3fba2cb6c1f7823838ca	src/main/mains/main_65_magma_dragoon.c	magma_dragoon_face_player	1	include_asm
rock_14	0x800EB878	func_800EB878	8	7f693e46b2295478282394980377f04c2f3d08dc	src/main/10CA4.c	func_800204AC	190	c
rock_14	0x800EC410	func_800EC410	8	e996675da028c2f601a48b26ce0c10e019509d04	src/main/effects/effect_05_tile_scanner.c	tile_scanner_init	1	c
rock_14	0x800EC860	func_800EC860	19	092b78e20e4a8e3dd6f0100e81da3d0b6b44ca35	src/main/items/item_00_breakable_wall.c	breakable_wall_update	28	include_asm
rock_14	0x800EC8AC	func_800EC8AC	15	aad97fb234fe33354651730a18c7d90621ac4e6a	src/main/144A4.c	func_80023CA4	207	c
rock_14	0x800ECAC0	func_800ECAC0	2	7678540574197b420f17571673856a74783eb9d5	src/main/10CA4.c	func_800204A4	93	c-empty
rock_14	0x800ECAC8	func_800ECAC8	19	d78453aaa1779408cea3e70ceed2899260fd022e	src/main/mains/main_10_dragonfly.c	dragonfly_carry	13	include_asm
rock_14	0x800ECB7C	func_800ECB7C	8	7f693e46b2295478282394980377f04c2f3d08dc	src/main/10CA4.c	func_800204AC	190	c
rock_14	0x800ECB9C	func_800ECB9C	19	590ed0325c72277467183ee61d9754ac680efcd0	src/main/items/item_20_gravity_switch.c	gravity_switch_main	8	include_asm
rock_14	0x800ECBE8	func_800ECBE8	8	7f693e46b2295478282394980377f04c2f3d08dc	src/main/10CA4.c	func_800204AC	190	c
rock_14	0x800ECC60	func_800ECC60	11	ee72e949e43887a07c0fcf223ea11b8c9414a6a1	src/main/items/item_10_spark_machine.c	spark_machine_broken	20	c
rock_14	0x800ECC8C	func_800ECC8C	8	7f693e46b2295478282394980377f04c2f3d08dc	src/main/10CA4.c	func_800204AC	190	c
rock_15	0x800E9B60	func_800E9B60	15	aad97fb234fe33354651730a18c7d90621ac4e6a	src/main/144A4.c	func_80023CA4	207	c
rock_15	0x800E9BF0	func_800E9BF0	3	52d1973288727974453c3292b88edaeb6eda9415	src/main/mains/main_06_bulldozer.c	bulldozer_resume_step	15	c
rock_15	0x800E9BFC	func_800E9BFC	18	404516d3d41da670a5d411d79deec94513d1cdaf	src/main/mains/main_32_bomb_bat.c	bomb_bat_hover	5	include_asm
rock_15	0x800E9C44	func_800E9C44	14	c21d8b683171bb3abb52a614f4c9ba83e700a7ab	src/main/mains/main_32_bomb_bat.c	bomb_bat_hover_start	1	include_asm
rock_15	0x800E9D50	func_800E9D50	15	6d5cbe2977a0458aae5ce636a33413369a570006	src/main/items/item_11_teleporter.c	teleporter_warp	205	c
rock_15	0x800E9D8C	func_800E9D8C	20	32f9f02b5c881815c8dadab4958a83c428324aa3	src/main/mains/main_32_bomb_bat.c	bomb_bat_drop_start	1	include_asm
rock_15	0x800E9DDC	func_800E9DDC	23	b8c90aca8278ba81a040d5e540f69d3d3a0234c6	src/main/mains/main_32_bomb_bat.c	bomb_bat_drop_release	1	include_asm
rock_15	0x800E9E88	func_800E9E88	15	6d5cbe2977a0458aae5ce636a33413369a570006	src/main/items/item_11_teleporter.c	teleporter_warp	205	c
rock_15	0x800E9F20	func_800E9F20	11	ee72e949e43887a07c0fcf223ea11b8c9414a6a1	src/main/items/item_10_spark_machine.c	spark_machine_broken	20	c
rock_15	0x800E9F4C	func_800E9F4C	15	6d5cbe2977a0458aae5ce636a33413369a570006	src/main/items/item_11_teleporter.c	teleporter_warp	205	c
rock_15	0x800E9FF4	func_800E9FF4	11	ee72e949e43887a07c0fcf223ea11b8c9414a6a1	src/main/items/item_10_spark_machine.c	spark_machine_broken	20	c
rock_15	0x800EA020	func_800EA020	15	6d5cbe2977a0458aae5ce636a33413369a570006	src/main/items/item_11_teleporter.c	teleporter_warp	205	c
rock_15	0x800EA184	func_800EA184	14	551fe75c1ef02f5c219c50b96f81769024476729	src/main/mains/main_32_bomb_bat.c	bomb_bat_dive_fall	1	include_asm
rock_15	0x800EA1F4	func_800EA1F4	18	404516d3d41da670a5d411d79deec94513d1cdaf	src/main/mains/main_32_bomb_bat.c	bomb_bat_hover	5	include_asm
rock_15	0x800EA334	func_800EA334	12	d7798d86256f0afdabaae73146d796ab6b1bcb4c	src/main/mains/main_13_heavy_mech.c	heavy_mech_face_player	15	include_asm
rock_15	0x800EA40C	func_800EA40C	15	aad97fb234fe33354651730a18c7d90621ac4e6a	src/main/144A4.c	func_80023CA4	207	c
rock_15	0x800EA5BC	func_800EA5BC	8	7f693e46b2295478282394980377f04c2f3d08dc	src/main/10CA4.c	func_800204AC	190	c
rock_15	0x800EA5DC	func_800EA5DC	2	7678540574197b420f17571673856a74783eb9d5	src/main/10CA4.c	func_800204A4	93	c-empty
rock_15	0x800EAC50	func_800EAC50	19	9f9117540cf8878b2d76d0d98987edfffacdf368	src/main/layers/layer_02_train_tunnel.c	train_tunnel_update	15	include_asm
rock_15	0x800EB094	func_800EB094	8	7f693e46b2295478282394980377f04c2f3d08dc	src/main/10CA4.c	func_800204AC	190	c
rock_15	0x800EB0B4	func_800EB0B4	19	092b78e20e4a8e3dd6f0100e81da3d0b6b44ca35	src/main/items/item_00_breakable_wall.c	breakable_wall_update	28	include_asm
rock_15	0x800EB2D4	func_800EB2D4	19	092b78e20e4a8e3dd6f0100e81da3d0b6b44ca35	src/main/items/item_00_breakable_wall.c	breakable_wall_update	28	include_asm
rock_15	0x800EB3CC	func_800EB3CC	8	83f25a3faba9d1a448dcab6ccfeea86c476053a3	src/main/items/item_02_pickup.c	pickup_collected	8	c
rock_15	0x800EB3EC	func_800EB3EC	2	7678540574197b420f17571673856a74783eb9d5	src/main/10CA4.c	func_800204A4	93	c-empty
rock_15	0x800EBD70	func_800EBD70	19	9f9117540cf8878b2d76d0d98987edfffacdf368	src/main/layers/layer_02_train_tunnel.c	train_tunnel_update	15	include_asm
rock_15	0x800EBE88	func_800EBE88	3	52d1973288727974453c3292b88edaeb6eda9415	src/main/mains/main_06_bulldozer.c	bulldozer_resume_step	15	c
rock_15	0x800EBE94	func_800EBE94	15	6d5cbe2977a0458aae5ce636a33413369a570006	src/main/items/item_11_teleporter.c	teleporter_warp	205	c
rock_15	0x800EBFA4	func_800EBFA4	15	6d5cbe2977a0458aae5ce636a33413369a570006	src/main/items/item_11_teleporter.c	teleporter_warp	205	c
rock_15	0x800EC1BC	func_800EC1BC	15	6d5cbe2977a0458aae5ce636a33413369a570006	src/main/items/item_11_teleporter.c	teleporter_warp	205	c
rock_15	0x800EC2B0	func_800EC2B0	18	7c2510b0237822ef47751978cb63c983905c19ea	src/main/mains/main_51_fortress_cannon.c	fortress_cannon_volley_wait	1	include_asm
rock_15	0x800EC2F8	func_800EC2F8	15	6d5cbe2977a0458aae5ce636a33413369a570006	src/main/items/item_11_teleporter.c	teleporter_warp	205	c
rock_15	0x800EC378	func_800EC378	20	db765c44764d83ed87eb4051a5238b2d0fabc772	src/main/mains/main_51_fortress_cannon.c	fortress_cannon_lower_end	2	include_asm
rock_15	0x800EC3C8	func_800EC3C8	24	6c63f20ba27c692fb02750e7decec5b7c7ee67fe	src/main/mains/main_06_bulldozer.c	bulldozer_fall	2	include_asm
rock_15	0x800EC428	func_800EC428	20	838e32cf39338dd1f46285032805b4a2d4e987ea	src/main/mains/main_51_fortress_cannon.c	fortress_cannon_check_fall	1	include_asm
rock_15	0x800EC710	func_800EC710	15	aad97fb234fe33354651730a18c7d90621ac4e6a	src/main/144A4.c	func_80023CA4	207	c
rock_15	0x800EC74C	func_800EC74C	8	7f693e46b2295478282394980377f04c2f3d08dc	src/main/10CA4.c	func_800204AC	190	c
rock_15	0x800EC76C	func_800EC76C	2	7678540574197b420f17571673856a74783eb9d5	src/main/10CA4.c	func_800204A4	93	c-empty
rock_15	0x800EC81C	func_800EC81C	15	aad97fb234fe33354651730a18c7d90621ac4e6a	src/main/144A4.c	func_80023CA4	207	c
rock_15	0x800EC918	func_800EC918	8	7f693e46b2295478282394980377f04c2f3d08dc	src/main/10CA4.c	func_800204AC	190	c
rock_15	0x800EC938	func_800EC938	15	aad97fb234fe33354651730a18c7d90621ac4e6a	src/main/144A4.c	func_80023CA4	207	c
rock_15	0x800ECC10	func_800ECC10	8	7f693e46b2295478282394980377f04c2f3d08dc	src/main/10CA4.c	func_800204AC	190	c
rock_15	0x800ECC30	func_800ECC30	2	7678540574197b420f17571673856a74783eb9d5	src/main/10CA4.c	func_800204A4	93	c-empty
rock_15	0x800ECC38	func_800ECC38	16	12f3fa1a0a522e2eb79303fcb4fba5bff68e6ab2	src/main/effects/effect_03_palette_animator.c	palette_animator_update	13	c
rock_15	0x800EDE88	func_800EDE88	15	0d6e8e521f0380121f0695e97284a6903ad75c7c	src/main/effects/effect_09_bg_wind.c	bg_wind_main	41	c
rock_15	0x800EE3DC	func_800EE3DC	15	6d5cbe2977a0458aae5ce636a33413369a570006	src/main/items/item_11_teleporter.c	teleporter_warp	205	c
rock_15	0x800EE5EC	func_800EE5EC	15	6d5cbe2977a0458aae5ce636a33413369a570006	src/main/items/item_11_teleporter.c	teleporter_warp	205	c
rock_15	0x800EE738	func_800EE738	15	6d5cbe2977a0458aae5ce636a33413369a570006	src/main/items/item_11_teleporter.c	teleporter_warp	205	c
rock_15	0x800EE888	func_800EE888	15	6d5cbe2977a0458aae5ce636a33413369a570006	src/main/items/item_11_teleporter.c	teleporter_warp	205	c
rock_15	0x800EE9C8	func_800EE9C8	15	6d5cbe2977a0458aae5ce636a33413369a570006	src/main/items/item_11_teleporter.c	teleporter_warp	205	c
rock_15	0x800EED68	func_800EED68	11	ee72e949e43887a07c0fcf223ea11b8c9414a6a1	src/main/items/item_10_spark_machine.c	spark_machine_broken	20	c
rock_15	0x800EED94	func_800EED94	15	6d5cbe2977a0458aae5ce636a33413369a570006	src/main/items/item_11_teleporter.c	teleporter_warp	205	c
rock_15	0x800EF078	func_800EF078	2	7678540574197b420f17571673856a74783eb9d5	src/main/10CA4.c	func_800204A4	93	c-empty
rock_15	0x800EF2E8	func_800EF2E8	12	3d82c3af21bbb95d722f3fba2cb6c1f7823838ca	src/main/mains/main_65_magma_dragoon.c	magma_dragoon_face_player	1	include_asm
rock_15	0x800EF450	func_800EF450	15	6d5cbe2977a0458aae5ce636a33413369a570006	src/main/items/item_11_teleporter.c	teleporter_warp	205	c
rock_15	0x800EF5B4	func_800EF5B4	15	6d5cbe2977a0458aae5ce636a33413369a570006	src/main/items/item_11_teleporter.c	teleporter_warp	205	c
rock_15	0x800EF748	func_800EF748	8	7f693e46b2295478282394980377f04c2f3d08dc	src/main/10CA4.c	func_800204AC	190	c
rock_15	0x800EF768	func_800EF768	15	6d5cbe2977a0458aae5ce636a33413369a570006	src/main/items/item_11_teleporter.c	teleporter_warp	205	c
rock_15	0x800EF88C	func_800EF88C	15	6d5cbe2977a0458aae5ce636a33413369a570006	src/main/items/item_11_teleporter.c	teleporter_warp	205	c
rock_15	0x800EFA78	func_800EFA78	8	7f693e46b2295478282394980377f04c2f3d08dc	src/main/10CA4.c	func_800204AC	190	c
rock_15	0x800EFB20	func_800EFB20	8	7f693e46b2295478282394980377f04c2f3d08dc	src/main/10CA4.c	func_800204AC	190	c
rock_15	0x800EFBAC	func_800EFBAC	5	71839dba5adfae510f827704dccc949c6562ecd4	src/main/effects/effect_08_bg_zone_controller.c	bg_zone_controller_zone_1_enter	12	c
rock_15	0x800F2154	func_800F2154	23	3841861bc21ec5a06e7fe26f058b170fac036262	src/main/items/item_08_boss_door.c	boss_door_update	5	include_asm
rock_15	0x800F21B0	func_800F21B0	15	0d6e8e521f0380121f0695e97284a6903ad75c7c	src/main/effects/effect_09_bg_wind.c	bg_wind_main	41	c
rock_15	0x800F2574	func_800F2574	15	6d5cbe2977a0458aae5ce636a33413369a570006	src/main/items/item_11_teleporter.c	teleporter_warp	205	c
rock_15	0x800F2650	func_800F2650	2	7678540574197b420f17571673856a74783eb9d5	src/main/10CA4.c	func_800204A4	93	c-empty
rock_15	0x800F2658	func_800F2658	15	6d5cbe2977a0458aae5ce636a33413369a570006	src/main/items/item_11_teleporter.c	teleporter_warp	205	c
rock_15	0x800F2774	func_800F2774	15	6d5cbe2977a0458aae5ce636a33413369a570006	src/main/items/item_11_teleporter.c	teleporter_warp	205	c
rock_15	0x800F2A44	func_800F2A44	15	6d5cbe2977a0458aae5ce636a33413369a570006	src/main/items/item_11_teleporter.c	teleporter_warp	205	c
rock_15	0x800F2FEC	func_800F2FEC	15	6d5cbe2977a0458aae5ce636a33413369a570006	src/main/items/item_11_teleporter.c	teleporter_warp	205	c
rock_15	0x800F326C	func_800F326C	15	6d5cbe2977a0458aae5ce636a33413369a570006	src/main/items/item_11_teleporter.c	teleporter_warp	205	c
rock_15	0x800F3710	func_800F3710	15	6d5cbe2977a0458aae5ce636a33413369a570006	src/main/items/item_11_teleporter.c	teleporter_warp	205	c
rock_15	0x800F381C	func_800F381C	2	7678540574197b420f17571673856a74783eb9d5	src/main/10CA4.c	func_800204A4	93	c-empty
rock_15	0x800F3824	func_800F3824	12	3d82c3af21bbb95d722f3fba2cb6c1f7823838ca	src/main/mains/main_65_magma_dragoon.c	magma_dragoon_face_player	1	include_asm
rock_15	0x800F3854	func_800F3854	23	3841861bc21ec5a06e7fe26f058b170fac036262	src/main/items/item_08_boss_door.c	boss_door_update	5	include_asm
rock_15	0x800F38B0	func_800F38B0	8	7f693e46b2295478282394980377f04c2f3d08dc	src/main/10CA4.c	func_800204AC	190	c
rock_15	0x800F3CE4	func_800F3CE4	17	7d7e8abd4964ae3783409a5015b9c56f1f35d35c	src/main/mains/main_49_train_soldier.c	train_soldier_jump_crouch	2	include_asm
rock_15	0x800F3F7C	func_800F3F7C	15	6d5cbe2977a0458aae5ce636a33413369a570006	src/main/items/item_11_teleporter.c	teleporter_warp	205	c
rock_15	0x800F41D4	func_800F41D4	15	6d5cbe2977a0458aae5ce636a33413369a570006	src/main/items/item_11_teleporter.c	teleporter_warp	205	c
rock_15	0x800F4DA8	func_800F4DA8	15	6d5cbe2977a0458aae5ce636a33413369a570006	src/main/items/item_11_teleporter.c	teleporter_warp	205	c
rock_15	0x800F4E74	func_800F4E74	2	7678540574197b420f17571673856a74783eb9d5	src/main/10CA4.c	func_800204A4	93	c-empty
rock_15	0x800F4E7C	func_800F4E7C	2	7678540574197b420f17571673856a74783eb9d5	src/main/10CA4.c	func_800204A4	93	c-empty
rock_15	0x800F4E84	func_800F4E84	15	6d5cbe2977a0458aae5ce636a33413369a570006	src/main/items/item_11_teleporter.c	teleporter_warp	205	c
rock_15	0x800F4FBC	func_800F4FBC	15	6d5cbe2977a0458aae5ce636a33413369a570006	src/main/items/item_11_teleporter.c	teleporter_warp	205	c
rock_15	0x800F51CC	func_800F51CC	2	7678540574197b420f17571673856a74783eb9d5	src/main/10CA4.c	func_800204A4	93	c-empty
rock_16	0x800ECBF0	func_800ECBF0	15	4708499d7d0a3c90524997bce2ad33bc35d93603	src/main/character_select.c	character_select_state_2	11	c
rock_16	0x800ECE48	func_800ECE48	15	4708499d7d0a3c90524997bce2ad33bc35d93603	src/main/character_select.c	character_select_state_2	11	c
rock_16	0x800ED0D8	func_800ED0D8	15	4708499d7d0a3c90524997bce2ad33bc35d93603	src/main/character_select.c	character_select_state_2	11	c
rock_16	0x800ED170	func_800ED170	15	4708499d7d0a3c90524997bce2ad33bc35d93603	src/main/character_select.c	character_select_state_2	11	c
rock_16	0x800ED1F4	func_800ED1F4	15	4708499d7d0a3c90524997bce2ad33bc35d93603	src/main/character_select.c	character_select_state_2	11	c
rock_16	0x800ED460	func_800ED460	15	4708499d7d0a3c90524997bce2ad33bc35d93603	src/main/character_select.c	character_select_state_2	11	c
rock_16	0x800ED534	func_800ED534	15	4708499d7d0a3c90524997bce2ad33bc35d93603	src/main/character_select.c	character_select_state_2	11	c
rock_16	0x800ED60C	func_800ED60C	15	4708499d7d0a3c90524997bce2ad33bc35d93603	src/main/character_select.c	character_select_state_2	11	c
rock_16	0x800ED6E0	func_800ED6E0	15	4708499d7d0a3c90524997bce2ad33bc35d93603	src/main/character_select.c	character_select_state_2	11	c
rock_16	0x800EDBF4	func_800EDBF4	15	aad97fb234fe33354651730a18c7d90621ac4e6a	src/main/144A4.c	func_80023CA4	207	c
rock_16	0x800EDD54	func_800EDD54	15	6d5cbe2977a0458aae5ce636a33413369a570006	src/main/items/item_11_teleporter.c	teleporter_warp	205	c
rock_16	0x800EDF74	func_800EDF74	15	0d6e8e521f0380121f0695e97284a6903ad75c7c	src/main/effects/effect_09_bg_wind.c	bg_wind_main	41	c
rock_16	0x800EDFB0	func_800EDFB0	8	7f693e46b2295478282394980377f04c2f3d08dc	src/main/10CA4.c	func_800204AC	190	c
rock_16	0x800EE274	func_800EE274	2	7678540574197b420f17571673856a74783eb9d5	src/main/10CA4.c	func_800204A4	93	c-empty
rock_16	0x800EE27C	func_800EE27C	15	0d6e8e521f0380121f0695e97284a6903ad75c7c	src/main/effects/effect_09_bg_wind.c	bg_wind_main	41	c
rock_16	0x800EE408	func_800EE408	2	7678540574197b420f17571673856a74783eb9d5	src/main/10CA4.c	func_800204A4	93	c-empty
rock_16	0x800EE708	func_800EE708	15	aad97fb234fe33354651730a18c7d90621ac4e6a	src/main/144A4.c	func_80023CA4	207	c
rock_16	0x800EE7EC	func_800EE7EC	15	0d6e8e521f0380121f0695e97284a6903ad75c7c	src/main/effects/effect_09_bg_wind.c	bg_wind_main	41	c
rock_16	0x800EE828	func_800EE828	8	7f693e46b2295478282394980377f04c2f3d08dc	src/main/10CA4.c	func_800204AC	190	c
rock_16	0x800EF654	func_800EF654	15	0d6e8e521f0380121f0695e97284a6903ad75c7c	src/main/effects/effect_09_bg_wind.c	bg_wind_main	41	c
rock_16	0x800EF690	func_800EF690	8	7f693e46b2295478282394980377f04c2f3d08dc	src/main/10CA4.c	func_800204AC	190	c
rock_16	0x800F04A0	func_800F04A0	15	aad97fb234fe33354651730a18c7d90621ac4e6a	src/main/144A4.c	func_80023CA4	207	c
rock_16	0x800F04DC	func_800F04DC	15	0d6e8e521f0380121f0695e97284a6903ad75c7c	src/main/effects/effect_09_bg_wind.c	bg_wind_main	41	c
rock_16	0x800F0638	func_800F0638	8	7f693e46b2295478282394980377f04c2f3d08dc	src/main/10CA4.c	func_800204AC	190	c
rock_16	0x800F0658	func_800F0658	15	aad97fb234fe33354651730a18c7d90621ac4e6a	src/main/144A4.c	func_80023CA4	207	c
rock_16	0x800F093C	func_800F093C	8	7f693e46b2295478282394980377f04c2f3d08dc	src/main/10CA4.c	func_800204AC	190	c
rock_17	0x800E9FCC	func_800E9FCC	8	7f693e46b2295478282394980377f04c2f3d08dc	src/main/10CA4.c	func_800204AC	190	c
rock_17	0x800E9FEC	func_800E9FEC	15	6d5cbe2977a0458aae5ce636a33413369a570006	src/main/items/item_11_teleporter.c	teleporter_warp	205	c
rock_17	0x800EA160	func_800EA160	2	7678540574197b420f17571673856a74783eb9d5	src/main/10CA4.c	func_800204A4	93	c-empty
rock_17	0x800EA168	func_800EA168	15	6d5cbe2977a0458aae5ce636a33413369a570006	src/main/items/item_11_teleporter.c	teleporter_warp	205	c
rock_17	0x800EA234	func_800EA234	2	7678540574197b420f17571673856a74783eb9d5	src/main/10CA4.c	func_800204A4	93	c-empty
rock_17	0x800EA23C	func_800EA23C	15	aad97fb234fe33354651730a18c7d90621ac4e6a	src/main/144A4.c	func_80023CA4	207	c
rock_18	0x800ED330	func_800ED330	9	b05a02ff1ea53abb329a09417ef47252b157b2f3	src/main/game_info.c	func_8001DAD0	1	include_asm
rock_18	0x800EDB6C	func_800EDB6C	15	aad97fb234fe33354651730a18c7d90621ac4e6a	src/main/144A4.c	func_80023CA4	207	c
rock_18	0x800EDBA8	func_800EDBA8	8	7f693e46b2295478282394980377f04c2f3d08dc	src/main/10CA4.c	func_800204AC	190	include_asm
rock_18	0x800EF62C	func_800EF62C	15	aad97fb234fe33354651730a18c7d90621ac4e6a	src/main/144A4.c	func_80023CA4	207	c
rock_18	0x800EF668	func_800EF668	15	0d6e8e521f0380121f0695e97284a6903ad75c7c	src/main/effects/effect_09_bg_wind.c	bg_wind_main	41	c
rock_18	0x800EF6A4	func_800EF6A4	8	7f693e46b2295478282394980377f04c2f3d08dc	src/main/10CA4.c	func_800204AC	190	include_asm
rock_18	0x800F007C	func_800F007C	15	aad97fb234fe33354651730a18c7d90621ac4e6a	src/main/144A4.c	func_80023CA4	207	c
rock_18	0x800F00B8	func_800F00B8	15	0d6e8e521f0380121f0695e97284a6903ad75c7c	src/main/effects/effect_09_bg_wind.c	bg_wind_main	41	c
rock_18	0x800F00F4	func_800F00F4	8	7f693e46b2295478282394980377f04c2f3d08dc	src/main/10CA4.c	func_800204AC	190	include_asm
rock_18	0x800F0388	func_800F0388	15	0d6e8e521f0380121f0695e97284a6903ad75c7c	src/main/effects/effect_09_bg_wind.c	bg_wind_main	41	c
rock_18	0x800F03C4	func_800F03C4	8	7f693e46b2295478282394980377f04c2f3d08dc	src/main/10CA4.c	func_800204AC	190	include_asm
rock_18	0x800F07C0	func_800F07C0	15	aad97fb234fe33354651730a18c7d90621ac4e6a	src/main/144A4.c	func_80023CA4	207	c
rock_18	0x800F0870	func_800F0870	8	7f693e46b2295478282394980377f04c2f3d08dc	src/main/10CA4.c	func_800204AC	190	include_asm
rock_18	0x800F0890	func_800F0890	15	aad97fb234fe33354651730a18c7d90621ac4e6a	src/main/144A4.c	func_80023CA4	207	c
rock_19	0x800E9BDC	func_800E9BDC	21	ffde10626a32f1d66176a682150de1412c4c33e3	src/main/11184.c	func_80020AC8	4	include_asm
rock_19	0x800E9ED8	func_800E9ED8	15	aad97fb234fe33354651730a18c7d90621ac4e6a	src/main/144A4.c	func_80023CA4	207	c
rock_19	0x800EA108	func_800EA108	15	0d6e8e521f0380121f0695e97284a6903ad75c7c	src/main/effects/effect_09_bg_wind.c	bg_wind_main	41	c
rock_19	0x800EA144	func_800EA144	8	7f693e46b2295478282394980377f04c2f3d08dc	src/main/10CA4.c	func_800204AC	190	include_asm
rock_20	0x800EE95C	func_800EE95C	8	7f693e46b2295478282394980377f04c2f3d08dc	src/main/10CA4.c	func_800204AC	190	include_asm
rock_20	0x800EE9E0	func_800EE9E0	15	4708499d7d0a3c90524997bce2ad33bc35d93603	src/main/character_select.c	character_select_state_2	11	c
rock_20	0x800EEB58	func_800EEB58	15	4708499d7d0a3c90524997bce2ad33bc35d93603	src/main/character_select.c	character_select_state_2	11	c
rock_20	0x800EED30	func_800EED30	15	4708499d7d0a3c90524997bce2ad33bc35d93603	src/main/character_select.c	character_select_state_2	11	c
rock_20	0x800EF134	func_800EF134	15	4708499d7d0a3c90524997bce2ad33bc35d93603	src/main/character_select.c	character_select_state_2	11	c
rock_20	0x800EF24C	func_800EF24C	15	4708499d7d0a3c90524997bce2ad33bc35d93603	src/main/character_select.c	character_select_state_2	11	c
rock_20	0x800EF4F8	func_800EF4F8	15	4708499d7d0a3c90524997bce2ad33bc35d93603	src/main/character_select.c	character_select_state_2	11	c
rock_20	0x800EF638	func_800EF638	15	4708499d7d0a3c90524997bce2ad33bc35d93603	src/main/character_select.c	character_select_state_2	11	c
rock_20	0x800EF694	func_800EF694	15	4708499d7d0a3c90524997bce2ad33bc35d93603	src/main/character_select.c	character_select_state_2	11	c
rock_20	0x800EF704	func_800EF704	17	8d45f66608cd8878fb06231fbceaedf82bb0b2ab	src/main/engine.c	func_8001F9DC	1	include_asm
rock_20	0x800EF968	func_800EF968	15	4708499d7d0a3c90524997bce2ad33bc35d93603	src/main/character_select.c	character_select_state_2	11	c
rock_20	0x800EFBCC	func_800EFBCC	15	4708499d7d0a3c90524997bce2ad33bc35d93603	src/main/character_select.c	character_select_state_2	11	c
rock_20	0x800EFC74	func_800EFC74	77	e4a5fdbaa049e5e9a0bb6481800c76454257891a	src/main/menu.c	func_8001C5A8	1	include_asm
rock_20	0x800EFDA8	func_800EFDA8	15	4708499d7d0a3c90524997bce2ad33bc35d93603	src/main/character_select.c	character_select_state_2	11	c
rock_20	0x800EFE40	func_800EFE40	2	7678540574197b420f17571673856a74783eb9d5	src/main/10CA4.c	func_800204A4	93	include_asm
rock_20	0x800EFE48	func_800EFE48	15	4708499d7d0a3c90524997bce2ad33bc35d93603	src/main/character_select.c	character_select_state_2	11	c
rock_20	0x800F23CC	func_800F23CC	15	aad97fb234fe33354651730a18c7d90621ac4e6a	src/main/144A4.c	func_80023CA4	207	c
rock_20	0x800F2408	func_800F2408	15	0d6e8e521f0380121f0695e97284a6903ad75c7c	src/main/effects/effect_09_bg_wind.c	bg_wind_main	41	c
rock_20	0x800F2444	func_800F2444	8	7f693e46b2295478282394980377f04c2f3d08dc	src/main/10CA4.c	func_800204AC	190	include_asm
rock_20	0x800F2E1C	func_800F2E1C	15	aad97fb234fe33354651730a18c7d90621ac4e6a	src/main/144A4.c	func_80023CA4	207	c
rock_20	0x800F2E58	func_800F2E58	15	0d6e8e521f0380121f0695e97284a6903ad75c7c	src/main/effects/effect_09_bg_wind.c	bg_wind_main	41	c
rock_20	0x800F2E94	func_800F2E94	8	7f693e46b2295478282394980377f04c2f3d08dc	src/main/10CA4.c	func_800204AC	190	include_asm
rock_20	0x800F3128	func_800F3128	15	0d6e8e521f0380121f0695e97284a6903ad75c7c	src/main/effects/effect_09_bg_wind.c	bg_wind_main	41	c
rock_20	0x800F3164	func_800F3164	8	7f693e46b2295478282394980377f04c2f3d08dc	src/main/10CA4.c	func_800204AC	190	include_asm
rock_20	0x800F3560	func_800F3560	15	aad97fb234fe33354651730a18c7d90621ac4e6a	src/main/144A4.c	func_80023CA4	207	c
rock_20	0x800F3610	func_800F3610	8	7f693e46b2295478282394980377f04c2f3d08dc	src/main/10CA4.c	func_800204AC	190	include_asm
rock_20	0x800F3630	func_800F3630	15	aad97fb234fe33354651730a18c7d90621ac4e6a	src/main/144A4.c	func_80023CA4	207	c
rock_21	0x800ECA18	func_800ECA18	11	e6a37606d0a4e34a88b804cf4de592b651863e80	src/main/E47C.c	func_8001E690	2	include_asm
rock_21	0x800ECB8C	func_800ECB8C	8	83f25a3faba9d1a448dcab6ccfeea86c476053a3	src/main/items/item_02_pickup.c	pickup_collected	8	include_asm
rock_21	0x800ECBAC	func_800ECBAC	15	aad97fb234fe33354651730a18c7d90621ac4e6a	src/main/144A4.c	func_80023CA4	207	c
rock_22	0x800EA750	func_800EA750	8	e996675da028c2f601a48b26ce0c10e019509d04	src/main/effects/effect_05_tile_scanner.c	tile_scanner_init	1	c
rock_22	0x800EBBF8	func_800EBBF8	19	092b78e20e4a8e3dd6f0100e81da3d0b6b44ca35	src/main/items/item_00_breakable_wall.c	breakable_wall_update	28	include_asm
rock_22	0x800EBC44	func_800EBC44	8	7f693e46b2295478282394980377f04c2f3d08dc	src/main/10CA4.c	func_800204AC	190	c
rock_22	0x800EBC64	func_800EBC64	2	7678540574197b420f17571673856a74783eb9d5	src/main/10CA4.c	func_800204A4	93	c-empty
rock_22	0x800EC1A4	func_800EC1A4	15	6d5cbe2977a0458aae5ce636a33413369a570006	src/main/items/item_11_teleporter.c	teleporter_warp	205	c
rock_22	0x800EC438	func_800EC438	2	7678540574197b420f17571673856a74783eb9d5	src/main/10CA4.c	func_800204A4	93	c-empty
rock_22	0x800EE140	func_800EE140	2	7678540574197b420f17571673856a74783eb9d5	src/main/10CA4.c	func_800204A4	93	c-empty
rock_22	0x800EE360	func_800EE360	8	7f693e46b2295478282394980377f04c2f3d08dc	src/main/10CA4.c	func_800204AC	190	c
rock_22	0x800EE380	func_800EE380	8	7f693e46b2295478282394980377f04c2f3d08dc	src/main/10CA4.c	func_800204AC	190	c
rock_22	0x800EE48C	func_800EE48C	8	7f693e46b2295478282394980377f04c2f3d08dc	src/main/10CA4.c	func_800204AC	190	c
rock_22	0x800EE7A4	func_800EE7A4	15	aad97fb234fe33354651730a18c7d90621ac4e6a	src/main/144A4.c	func_80023CA4	207	c
rock_22	0x800EE834	func_800EE834	3	52d1973288727974453c3292b88edaeb6eda9415	src/main/mains/main_06_bulldozer.c	bulldozer_resume_step	15	c
rock_22	0x800EE840	func_800EE840	18	404516d3d41da670a5d411d79deec94513d1cdaf	src/main/mains/main_32_bomb_bat.c	bomb_bat_hover	5	include_asm
rock_22	0x800EE888	func_800EE888	14	c21d8b683171bb3abb52a614f4c9ba83e700a7ab	src/main/mains/main_32_bomb_bat.c	bomb_bat_hover_start	1	include_asm
rock_22	0x800EE994	func_800EE994	15	6d5cbe2977a0458aae5ce636a33413369a570006	src/main/items/item_11_teleporter.c	teleporter_warp	205	c
rock_22	0x800EE9D0	func_800EE9D0	20	32f9f02b5c881815c8dadab4958a83c428324aa3	src/main/mains/main_32_bomb_bat.c	bomb_bat_drop_start	1	include_asm
rock_22	0x800EEA20	func_800EEA20	23	b8c90aca8278ba81a040d5e540f69d3d3a0234c6	src/main/mains/main_32_bomb_bat.c	bomb_bat_drop_release	1	include_asm
rock_22	0x800EEACC	func_800EEACC	15	6d5cbe2977a0458aae5ce636a33413369a570006	src/main/items/item_11_teleporter.c	teleporter_warp	205	c
rock_22	0x800EEB64	func_800EEB64	11	ee72e949e43887a07c0fcf223ea11b8c9414a6a1	src/main/items/item_10_spark_machine.c	spark_machine_broken	20	c
rock_22	0x800EEB90	func_800EEB90	15	6d5cbe2977a0458aae5ce636a33413369a570006	src/main/items/item_11_teleporter.c	teleporter_warp	205	c
rock_22	0x800EEC38	func_800EEC38	11	ee72e949e43887a07c0fcf223ea11b8c9414a6a1	src/main/items/item_10_spark_machine.c	spark_machine_broken	20	c
rock_22	0x800EEC64	func_800EEC64	15	6d5cbe2977a0458aae5ce636a33413369a570006	src/main/items/item_11_teleporter.c	teleporter_warp	205	c
rock_22	0x800EEDC8	func_800EEDC8	14	551fe75c1ef02f5c219c50b96f81769024476729	src/main/mains/main_32_bomb_bat.c	bomb_bat_dive_fall	1	include_asm
rock_22	0x800EEE38	func_800EEE38	18	404516d3d41da670a5d411d79deec94513d1cdaf	src/main/mains/main_32_bomb_bat.c	bomb_bat_hover	5	include_asm
rock_22	0x800EEF78	func_800EEF78	12	d7798d86256f0afdabaae73146d796ab6b1bcb4c	src/main/mains/main_13_heavy_mech.c	heavy_mech_face_player	15	include_asm
rock_22	0x800EF050	func_800EF050	15	aad97fb234fe33354651730a18c7d90621ac4e6a	src/main/144A4.c	func_80023CA4	207	c
rock_22	0x800EF200	func_800EF200	8	7f693e46b2295478282394980377f04c2f3d08dc	src/main/10CA4.c	func_800204AC	190	c
rock_22	0x800EF220	func_800EF220	2	7678540574197b420f17571673856a74783eb9d5	src/main/10CA4.c	func_800204A4	93	c-empty
rock_22	0x800F19E4	func_800F19E4	15	aad97fb234fe33354651730a18c7d90621ac4e6a	src/main/144A4.c	func_80023CA4	207	c
rock_22	0x800F1A20	func_800F1A20	15	aad97fb234fe33354651730a18c7d90621ac4e6a	src/main/144A4.c	func_80023CA4	207	c
rock_22	0x800F1C28	func_800F1C28	15	6d5cbe2977a0458aae5ce636a33413369a570006	src/main/items/item_11_teleporter.c	teleporter_warp	205	c
rock_22	0x800F1CFC	func_800F1CFC	10	8cebceb7e09cf535b027efc5bc961c2065b6a764	src/main/mains/main_43_web_spider.c	web_spider_swing_wait	1	include_asm
rock_22	0x800F1D24	func_800F1D24	15	6d5cbe2977a0458aae5ce636a33413369a570006	src/main/items/item_11_teleporter.c	teleporter_warp	205	c
rock_22	0x800F1ED8	func_800F1ED8	2	7678540574197b420f17571673856a74783eb9d5	src/main/10CA4.c	func_800204A4	93	c-empty
rock_22	0x800F1F40	func_800F1F40	15	6d5cbe2977a0458aae5ce636a33413369a570006	src/main/items/item_11_teleporter.c	teleporter_warp	205	c
rock_22	0x800F1F8C	func_800F1F8C	15	6d5cbe2977a0458aae5ce636a33413369a570006	src/main/items/item_11_teleporter.c	teleporter_warp	205	c
rock_22	0x800F1FC8	func_800F1FC8	2	7678540574197b420f17571673856a74783eb9d5	src/main/10CA4.c	func_800204A4	93	c-empty
rock_22	0x800F2374	func_800F2374	2	7678540574197b420f17571673856a74783eb9d5	src/main/10CA4.c	func_800204A4	93	c-empty
rock_22	0x800F237C	func_800F237C	8	7f693e46b2295478282394980377f04c2f3d08dc	src/main/10CA4.c	func_800204AC	190	c
rock_22	0x800F23F0	func_800F23F0	8	7f693e46b2295478282394980377f04c2f3d08dc	src/main/10CA4.c	func_800204AC	190	c
rock_22	0x800F3B38	func_800F3B38	30	a46c53ea422938f47520ff97e9f8680646072ecc	src/main/mains/main_19_surface_hopper.c	surface_hopper_update	1	include_asm
rock_22	0x800F3BB0	func_800F3BB0	8	7f693e46b2295478282394980377f04c2f3d08dc	src/main/10CA4.c	func_800204AC	190	c
rock_22	0x800F3BD0	func_800F3BD0	37	279ef001821430de2f0a69b60aab2c767db5c5ca	src/main/mains/main_19_surface_hopper.c	surface_hopper_appear	1	include_asm
rock_22	0x800F3C64	func_800F3C64	18	6c2ea09cdb15c17bc30119a8dc1c24ac4d961608	src/main/mains/main_19_surface_hopper.c	surface_hopper_crawl	1	include_asm
rock_22	0x800F3CAC	func_800F3CAC	30	c738d9c59df1b90571076164ca182775584fd1b9	src/main/mains/main_19_surface_hopper.c	surface_hopper_crawl_turn	1	include_asm
rock_22	0x800F3D24	func_800F3D24	20	f1c046e43f2b080dc67779c75f9e951acb25baa2	src/main/mains/main_19_surface_hopper.c	surface_hopper_crawl_turn_end	1	include_asm
rock_22	0x800F3E34	func_800F3E34	14	5d6a22875d3e2d3048990b0294770b19bf5a3abf	src/main/mains/main_19_surface_hopper.c	surface_hopper_crawl_finish	1	c
rock_22	0x800F3EB0	func_800F3EB0	15	6d5cbe2977a0458aae5ce636a33413369a570006	src/main/items/item_11_teleporter.c	teleporter_warp	205	c
rock_22	0x800F3EEC	func_800F3EEC	19	f3e8264e3395d5d0906cc90d4a5c080c781d9a4b	src/main/mains/main_19_surface_hopper.c	surface_hopper_leap_start	1	include_asm
rock_22	0x800F4094	func_800F4094	19	bc88cc45895ff691e655e3f84d0eb2fd4c13f41d	src/main/mains/main_19_surface_hopper.c	surface_hopper_probe_tile	1	include_asm
rock_22	0x800F40E0	func_800F40E0	67	636a950af3be114c1b54533cc19bd1b5b44ab806	src/main/mains/main_19_surface_hopper.c	surface_hopper_set_launch	1	include_asm
rock_22	0x800F41EC	func_800F41EC	15	aad97fb234fe33354651730a18c7d90621ac4e6a	src/main/144A4.c	func_80023CA4	207	c
rock_22	0x800F4380	func_800F4380	8	7f693e46b2295478282394980377f04c2f3d08dc	src/main/10CA4.c	func_800204AC	190	c
rock_22	0x800F4BA4	func_800F4BA4	19	9f9117540cf8878b2d76d0d98987edfffacdf368	src/main/layers/layer_02_train_tunnel.c	train_tunnel_update	15	include_asm
rock_22	0x800F4CBC	func_800F4CBC	3	52d1973288727974453c3292b88edaeb6eda9415	src/main/mains/main_06_bulldozer.c	bulldozer_resume_step	15	c
rock_22	0x800F4CC8	func_800F4CC8	15	6d5cbe2977a0458aae5ce636a33413369a570006	src/main/items/item_11_teleporter.c	teleporter_warp	205	c
rock_22	0x800F4DD8	func_800F4DD8	15	6d5cbe2977a0458aae5ce636a33413369a570006	src/main/items/item_11_teleporter.c	teleporter_warp	205	c
rock_22	0x800F4FF0	func_800F4FF0	15	6d5cbe2977a0458aae5ce636a33413369a570006	src/main/items/item_11_teleporter.c	teleporter_warp	205	c
rock_22	0x800F50E4	func_800F50E4	18	7c2510b0237822ef47751978cb63c983905c19ea	src/main/mains/main_51_fortress_cannon.c	fortress_cannon_volley_wait	1	include_asm
rock_22	0x800F512C	func_800F512C	15	6d5cbe2977a0458aae5ce636a33413369a570006	src/main/items/item_11_teleporter.c	teleporter_warp	205	c
rock_22	0x800F51AC	func_800F51AC	20	db765c44764d83ed87eb4051a5238b2d0fabc772	src/main/mains/main_51_fortress_cannon.c	fortress_cannon_lower_end	2	include_asm
rock_22	0x800F51FC	func_800F51FC	24	6c63f20ba27c692fb02750e7decec5b7c7ee67fe	src/main/mains/main_06_bulldozer.c	bulldozer_fall	2	include_asm
rock_22	0x800F525C	func_800F525C	20	838e32cf39338dd1f46285032805b4a2d4e987ea	src/main/mains/main_51_fortress_cannon.c	fortress_cannon_check_fall	1	include_asm
rock_22	0x800F5544	func_800F5544	15	aad97fb234fe33354651730a18c7d90621ac4e6a	src/main/144A4.c	func_80023CA4	207	c
rock_22	0x800F5580	func_800F5580	8	7f693e46b2295478282394980377f04c2f3d08dc	src/main/10CA4.c	func_800204AC	190	c
rock_22	0x800F55A0	func_800F55A0	2	7678540574197b420f17571673856a74783eb9d5	src/main/10CA4.c	func_800204A4	93	c-empty
rock_22	0x800F5650	func_800F5650	15	aad97fb234fe33354651730a18c7d90621ac4e6a	src/main/144A4.c	func_80023CA4	207	c
rock_22	0x800F574C	func_800F574C	8	7f693e46b2295478282394980377f04c2f3d08dc	src/main/10CA4.c	func_800204AC	190	c
rock_22	0x800F576C	func_800F576C	15	aad97fb234fe33354651730a18c7d90621ac4e6a	src/main/144A4.c	func_80023CA4	207	c
rock_22	0x800F5A44	func_800F5A44	8	7f693e46b2295478282394980377f04c2f3d08dc	src/main/10CA4.c	func_800204AC	190	c
rock_22	0x800F5A64	func_800F5A64	2	7678540574197b420f17571673856a74783eb9d5	src/main/10CA4.c	func_800204A4	93	c-empty
rock_22	0x800F5A6C	func_800F5A6C	16	12f3fa1a0a522e2eb79303fcb4fba5bff68e6ab2	src/main/effects/effect_03_palette_animator.c	palette_animator_update	13	c
rock_22	0x800F8DC8	func_800F8DC8	23	3841861bc21ec5a06e7fe26f058b170fac036262	src/main/items/item_08_boss_door.c	boss_door_update	5	include_asm
rock_22	0x800F8E24	func_800F8E24	15	0d6e8e521f0380121f0695e97284a6903ad75c7c	src/main/effects/effect_09_bg_wind.c	bg_wind_main	41	c
rock_22	0x800F9060	func_800F9060	15	6d5cbe2977a0458aae5ce636a33413369a570006	src/main/items/item_11_teleporter.c	teleporter_warp	205	c
rock_22	0x800F92EC	func_800F92EC	5	71839dba5adfae510f827704dccc949c6562ecd4	src/main/effects/effect_08_bg_zone_controller.c	bg_zone_controller_zone_1_enter	12	c
rock_22	0x800F9300	func_800F9300	2	7678540574197b420f17571673856a74783eb9d5	src/main/10CA4.c	func_800204A4	93	c-empty
rock_22	0x800F93A4	func_800F93A4	15	6d5cbe2977a0458aae5ce636a33413369a570006	src/main/items/item_11_teleporter.c	teleporter_warp	205	c
rock_22	0x800F95EC	func_800F95EC	15	6d5cbe2977a0458aae5ce636a33413369a570006	src/main/items/item_11_teleporter.c	teleporter_warp	205	c
rock_22	0x800F9838	func_800F9838	15	6d5cbe2977a0458aae5ce636a33413369a570006	src/main/items/item_11_teleporter.c	teleporter_warp	205	c
rock_22	0x800F997C	func_800F997C	2	7678540574197b420f17571673856a74783eb9d5	src/main/10CA4.c	func_800204A4	93	c-empty
rock_22	0x800F9984	func_800F9984	2	7678540574197b420f17571673856a74783eb9d5	src/main/10CA4.c	func_800204A4	93	c-empty
rock_22	0x800F998C	func_800F998C	2	7678540574197b420f17571673856a74783eb9d5	src/main/10CA4.c	func_800204A4	93	c-empty
rock_22	0x800F9994	func_800F9994	2	7678540574197b420f17571673856a74783eb9d5	src/main/10CA4.c	func_800204A4	93	c-empty
rock_22	0x800F9C20	func_800F9C20	15	6d5cbe2977a0458aae5ce636a33413369a570006	src/main/items/item_11_teleporter.c	teleporter_warp	205	c
rock_22	0x800F9C5C	func_800F9C5C	15	6d5cbe2977a0458aae5ce636a33413369a570006	src/main/items/item_11_teleporter.c	teleporter_warp	205	c
rock_22	0x800F9D68	func_800F9D68	15	6d5cbe2977a0458aae5ce636a33413369a570006	src/main/items/item_11_teleporter.c	teleporter_warp	205	c
rock_22	0x800F9F38	func_800F9F38	15	6d5cbe2977a0458aae5ce636a33413369a570006	src/main/items/item_11_teleporter.c	teleporter_warp	205	c
rock_22	0x800FA108	func_800FA108	2	7678540574197b420f17571673856a74783eb9d5	src/main/10CA4.c	func_800204A4	93	c-empty
rock_22	0x800FA188	func_800FA188	2	7678540574197b420f17571673856a74783eb9d5	src/main/10CA4.c	func_800204A4	93	c-empty
rock_22	0x800FA190	func_800FA190	23	3841861bc21ec5a06e7fe26f058b170fac036262	src/main/items/item_08_boss_door.c	boss_door_update	5	include_asm
rock_22	0x800FA8A0	func_800FA8A0	8	83f25a3faba9d1a448dcab6ccfeea86c476053a3	src/main/items/item_02_pickup.c	pickup_collected	8	c
rock_22	0x800FAA2C	func_800FAA2C	8	7f693e46b2295478282394980377f04c2f3d08dc	src/main/10CA4.c	func_800204AC	190	c
rock_23	0x800E9B8C	func_800E9B8C	19	092b78e20e4a8e3dd6f0100e81da3d0b6b44ca35	src/main/items/item_00_breakable_wall.c	breakable_wall_update	28	include_asm
rock_23	0x800E9C84	func_800E9C84	8	83f25a3faba9d1a448dcab6ccfeea86c476053a3	src/main/items/item_02_pickup.c	pickup_collected	8	c
rock_23	0x800E9CA4	func_800E9CA4	2	7678540574197b420f17571673856a74783eb9d5	src/main/10CA4.c	func_800204A4	93	c-empty
rock_23	0x800EA3A0	func_800EA3A0	19	092b78e20e4a8e3dd6f0100e81da3d0b6b44ca35	src/main/items/item_00_breakable_wall.c	breakable_wall_update	28	include_asm
rock_23	0x800EAF7C	func_800EAF7C	19	9f9117540cf8878b2d76d0d98987edfffacdf368	src/main/layers/layer_02_train_tunnel.c	train_tunnel_update	15	include_asm
rock_23	0x800EB094	func_800EB094	3	52d1973288727974453c3292b88edaeb6eda9415	src/main/mains/main_06_bulldozer.c	bulldozer_resume_step	15	c
rock_23	0x800EB0A0	func_800EB0A0	15	6d5cbe2977a0458aae5ce636a33413369a570006	src/main/items/item_11_teleporter.c	teleporter_warp	205	c
rock_23	0x800EB1B0	func_800EB1B0	15	6d5cbe2977a0458aae5ce636a33413369a570006	src/main/items/item_11_teleporter.c	teleporter_warp	205	c
rock_23	0x800EB3C8	func_800EB3C8	15	6d5cbe2977a0458aae5ce636a33413369a570006	src/main/items/item_11_teleporter.c	teleporter_warp	205	c
rock_23	0x800EB4BC	func_800EB4BC	18	7c2510b0237822ef47751978cb63c983905c19ea	src/main/mains/main_51_fortress_cannon.c	fortress_cannon_volley_wait	1	include_asm
rock_23	0x800EB504	func_800EB504	15	6d5cbe2977a0458aae5ce636a33413369a570006	src/main/items/item_11_teleporter.c	teleporter_warp	205	c
rock_23	0x800EB584	func_800EB584	20	db765c44764d83ed87eb4051a5238b2d0fabc772	src/main/mains/main_51_fortress_cannon.c	fortress_cannon_lower_end	2	include_asm
rock_23	0x800EB5D4	func_800EB5D4	24	6c63f20ba27c692fb02750e7decec5b7c7ee67fe	src/main/mains/main_06_bulldozer.c	bulldozer_fall	2	include_asm
rock_23	0x800EB634	func_800EB634	20	838e32cf39338dd1f46285032805b4a2d4e987ea	src/main/mains/main_51_fortress_cannon.c	fortress_cannon_check_fall	1	include_asm
rock_23	0x800EB91C	func_800EB91C	15	aad97fb234fe33354651730a18c7d90621ac4e6a	src/main/144A4.c	func_80023CA4	207	c
rock_23	0x800EB958	func_800EB958	8	7f693e46b2295478282394980377f04c2f3d08dc	src/main/10CA4.c	func_800204AC	190	c
rock_23	0x800EB978	func_800EB978	2	7678540574197b420f17571673856a74783eb9d5	src/main/10CA4.c	func_800204A4	93	c-empty
rock_23	0x800EBA28	func_800EBA28	15	aad97fb234fe33354651730a18c7d90621ac4e6a	src/main/144A4.c	func_80023CA4	207	c
rock_23	0x800EBB24	func_800EBB24	8	7f693e46b2295478282394980377f04c2f3d08dc	src/main/10CA4.c	func_800204AC	190	c
rock_23	0x800EBB44	func_800EBB44	15	aad97fb234fe33354651730a18c7d90621ac4e6a	src/main/144A4.c	func_80023CA4	207	c
rock_23	0x800EBE1C	func_800EBE1C	8	7f693e46b2295478282394980377f04c2f3d08dc	src/main/10CA4.c	func_800204AC	190	c
rock_23	0x800EBE3C	func_800EBE3C	2	7678540574197b420f17571673856a74783eb9d5	src/main/10CA4.c	func_800204A4	93	c-empty
rock_23	0x800EBE44	func_800EBE44	16	12f3fa1a0a522e2eb79303fcb4fba5bff68e6ab2	src/main/effects/effect_03_palette_animator.c	palette_animator_update	13	c
rock_23	0x800ED734	func_800ED734	15	aad97fb234fe33354651730a18c7d90621ac4e6a	src/main/144A4.c	func_80023CA4	207	c
rock_23	0x800ED770	func_800ED770	15	aad97fb234fe33354651730a18c7d90621ac4e6a	src/main/144A4.c	func_80023CA4	207	c
rock_23	0x800ED7AC	func_800ED7AC	8	7f693e46b2295478282394980377f04c2f3d08dc	src/main/10CA4.c	func_800204AC	190	c
rock_23	0x800ED7CC	func_800ED7CC	8	7f693e46b2295478282394980377f04c2f3d08dc	src/main/10CA4.c	func_800204AC	190	c
rock_23	0x800ED874	func_800ED874	15	6d5cbe2977a0458aae5ce636a33413369a570006	src/main/items/item_11_teleporter.c	teleporter_warp	205	c
rock_23	0x800EDA58	func_800EDA58	2	7678540574197b420f17571673856a74783eb9d5	src/main/10CA4.c	func_800204A4	93	c-empty
rock_23	0x800EDB38	func_800EDB38	12	3d82c3af21bbb95d722f3fba2cb6c1f7823838ca	src/main/mains/main_65_magma_dragoon.c	magma_dragoon_face_player	1	include_asm
rock_23	0x800EDCE8	func_800EDCE8	8	7f693e46b2295478282394980377f04c2f3d08dc	src/main/10CA4.c	func_800204AC	190	c
rock_23	0x800EFBA4	func_800EFBA4	8	7f693e46b2295478282394980377f04c2f3d08dc	src/main/10CA4.c	func_800204AC	190	c
rock_23	0x800EFF9C	func_800EFF9C	15	934bc010d75ff6624b443c96f9ef85d99ffbc7fa	src/main/layers/layer_05_airship_bob.c	airship_bob_sway	2	c
rock_23	0x800EFFD8	func_800EFFD8	15	934bc010d75ff6624b443c96f9ef85d99ffbc7fa	src/main/layers/layer_05_airship_bob.c	airship_bob_sway	2	c
rock_23	0x800F028C	func_800F028C	8	7f693e46b2295478282394980377f04c2f3d08dc	src/main/10CA4.c	func_800204AC	190	c
rock_23	0x800F03D0	func_800F03D0	8	83f25a3faba9d1a448dcab6ccfeea86c476053a3	src/main/items/item_02_pickup.c	pickup_collected	8	c
rock_23	0x800F03F0	func_800F03F0	15	aad97fb234fe33354651730a18c7d90621ac4e6a	src/main/144A4.c	func_80023CA4	207	c
rock_23	0x800F3E78	func_800F3E78	23	3841861bc21ec5a06e7fe26f058b170fac036262	src/main/items/item_08_boss_door.c	boss_door_update	5	include_asm
rock_23	0x800F3ED4	func_800F3ED4	15	0d6e8e521f0380121f0695e97284a6903ad75c7c	src/main/effects/effect_09_bg_wind.c	bg_wind_main	41	c
rock_23	0x800F4088	func_800F4088	15	6d5cbe2977a0458aae5ce636a33413369a570006	src/main/items/item_11_teleporter.c	teleporter_warp	205	c
rock_23	0x800F40C4	func_800F40C4	5	71839dba5adfae510f827704dccc949c6562ecd4	src/main/effects/effect_08_bg_zone_controller.c	bg_zone_controller_zone_1_enter	12	c
rock_23	0x800F453C	func_800F453C	15	6d5cbe2977a0458aae5ce636a33413369a570006	src/main/items/item_11_teleporter.c	teleporter_warp	205	c
rock_23	0x800F48C8	func_800F48C8	15	6d5cbe2977a0458aae5ce636a33413369a570006	src/main/items/item_11_teleporter.c	teleporter_warp	205	c
rock_23	0x800F49CC	func_800F49CC	15	6d5cbe2977a0458aae5ce636a33413369a570006	src/main/items/item_11_teleporter.c	teleporter_warp	205	c
rock_23	0x800F4ADC	func_800F4ADC	15	6d5cbe2977a0458aae5ce636a33413369a570006	src/main/items/item_11_teleporter.c	teleporter_warp	205	c
rock_23	0x800F4DF8	func_800F4DF8	15	6d5cbe2977a0458aae5ce636a33413369a570006	src/main/items/item_11_teleporter.c	teleporter_warp	205	c
rock_23	0x800F51C8	func_800F51C8	15	6d5cbe2977a0458aae5ce636a33413369a570006	src/main/items/item_11_teleporter.c	teleporter_warp	205	c
rock_23	0x800F52E4	func_800F52E4	15	6d5cbe2977a0458aae5ce636a33413369a570006	src/main/items/item_11_teleporter.c	teleporter_warp	205	c
rock_23	0x800F58E8	func_800F58E8	15	6d5cbe2977a0458aae5ce636a33413369a570006	src/main/items/item_11_teleporter.c	teleporter_warp	205	c
rock_23	0x800F5D7C	func_800F5D7C	15	6d5cbe2977a0458aae5ce636a33413369a570006	src/main/items/item_11_teleporter.c	teleporter_warp	205	c
rock_23	0x800F5F44	func_800F5F44	15	6d5cbe2977a0458aae5ce636a33413369a570006	src/main/items/item_11_teleporter.c	teleporter_warp	205	c
rock_23	0x800F623C	func_800F623C	15	6d5cbe2977a0458aae5ce636a33413369a570006	src/main/items/item_11_teleporter.c	teleporter_warp	205	c
rock_23	0x800F6484	func_800F6484	15	6d5cbe2977a0458aae5ce636a33413369a570006	src/main/items/item_11_teleporter.c	teleporter_warp	205	c
rock_23	0x800F67F8	func_800F67F8	15	6d5cbe2977a0458aae5ce636a33413369a570006	src/main/items/item_11_teleporter.c	teleporter_warp	205	c
rock_23	0x800F6BC8	func_800F6BC8	15	6d5cbe2977a0458aae5ce636a33413369a570006	src/main/items/item_11_teleporter.c	teleporter_warp	205	c
rock_23	0x800F7038	func_800F7038	2	7678540574197b420f17571673856a74783eb9d5	src/main/10CA4.c	func_800204A4	93	c-empty
rock_23	0x800F7040	func_800F7040	23	3841861bc21ec5a06e7fe26f058b170fac036262	src/main/items/item_08_boss_door.c	boss_door_update	5	include_asm
rock_23	0x800F767C	func_800F767C	15	6d5cbe2977a0458aae5ce636a33413369a570006	src/main/items/item_11_teleporter.c	teleporter_warp	205	c
rock_23	0x800F784C	func_800F784C	8	7f693e46b2295478282394980377f04c2f3d08dc	src/main/10CA4.c	func_800204AC	190	c
rock_23	0x800F786C	func_800F786C	15	6d5cbe2977a0458aae5ce636a33413369a570006	src/main/items/item_11_teleporter.c	teleporter_warp	205	c
rock_24	0x800EA424	func_800EA424	8	7f693e46b2295478282394980377f04c2f3d08dc	src/main/10CA4.c	func_800204AC	190	c
rock_24	0x800EA444	func_800EA444	8	7f693e46b2295478282394980377f04c2f3d08dc	src/main/10CA4.c	func_800204AC	190	c
rock_24	0x800EA62C	func_800EA62C	15	6d5cbe2977a0458aae5ce636a33413369a570006	src/main/items/item_11_teleporter.c	teleporter_warp	205	c
rock_24	0x800EB19C	func_800EB19C	15	aad97fb234fe33354651730a18c7d90621ac4e6a	src/main/144A4.c	func_80023CA4	207	c
rock_24	0x800EB1D8	func_800EB1D8	15	aad97fb234fe33354651730a18c7d90621ac4e6a	src/main/144A4.c	func_80023CA4	207	c
rock_24	0x800EB304	func_800EB304	8	7f693e46b2295478282394980377f04c2f3d08dc	src/main/10CA4.c	func_800204AC	190	c
rock_24	0x800EB324	func_800EB324	8	7f693e46b2295478282394980377f04c2f3d08dc	src/main/10CA4.c	func_800204AC	190	c
rock_24	0x800EB344	func_800EB344	8	7f693e46b2295478282394980377f04c2f3d08dc	src/main/10CA4.c	func_800204AC	190	c
rock_24	0x800EB464	func_800EB464	2	7678540574197b420f17571673856a74783eb9d5	src/main/10CA4.c	func_800204A4	93	c-empty
rock_24	0x800EB504	func_800EB504	8	7f693e46b2295478282394980377f04c2f3d08dc	src/main/10CA4.c	func_800204AC	190	c
rock_24	0x800EB524	func_800EB524	15	6d5cbe2977a0458aae5ce636a33413369a570006	src/main/items/item_11_teleporter.c	teleporter_warp	205	c
rock_24	0x800EB638	func_800EB638	8	7f693e46b2295478282394980377f04c2f3d08dc	src/main/10CA4.c	func_800204AC	190	c
rock_24	0x800EB764	func_800EB764	2	7678540574197b420f17571673856a74783eb9d5	src/main/10CA4.c	func_800204A4	93	c-empty
rock_24	0x800EB8B8	func_800EB8B8	12	3d82c3af21bbb95d722f3fba2cb6c1f7823838ca	src/main/mains/main_65_magma_dragoon.c	magma_dragoon_face_player	1	include_asm
rock_24	0x800EB994	func_800EB994	8	7f693e46b2295478282394980377f04c2f3d08dc	src/main/10CA4.c	func_800204AC	190	c
rock_24	0x800EC020	func_800EC020	19	9f9117540cf8878b2d76d0d98987edfffacdf368	src/main/layers/layer_02_train_tunnel.c	train_tunnel_update	15	include_asm
rock_24	0x800EC464	func_800EC464	8	7f693e46b2295478282394980377f04c2f3d08dc	src/main/10CA4.c	func_800204AC	190	c
rock_24	0x800EC484	func_800EC484	19	092b78e20e4a8e3dd6f0100e81da3d0b6b44ca35	src/main/items/item_00_breakable_wall.c	breakable_wall_update	28	include_asm
rock_24	0x800ECAF0	func_800ECAF0	19	092b78e20e4a8e3dd6f0100e81da3d0b6b44ca35	src/main/items/item_00_breakable_wall.c	breakable_wall_update	28	include_asm
rock_24	0x800ECB3C	func_800ECB3C	8	7f693e46b2295478282394980377f04c2f3d08dc	src/main/10CA4.c	func_800204AC	190	c
rock_24	0x800ECF5C	func_800ECF5C	19	092b78e20e4a8e3dd6f0100e81da3d0b6b44ca35	src/main/items/item_00_breakable_wall.c	breakable_wall_update	28	include_asm
rock_24	0x800ECFA8	func_800ECFA8	15	aad97fb234fe33354651730a18c7d90621ac4e6a	src/main/144A4.c	func_80023CA4	207	c
rock_24	0x800ED054	func_800ED054	8	7f693e46b2295478282394980377f04c2f3d08dc	src/main/10CA4.c	func_800204AC	190	c
rock_24	0x800ED074	func_800ED074	21	45fa9bb77d1e370fbcd4deeb09f690d79b684ebf	src/main/mains/main_02_item_carrier.c	item_carrier_hover	7	include_asm
rock_24	0x800ED454	func_800ED454	17	76d90a83ca68029a289593d059cc5a7436e23089	src/main/shots/shot_55_general_shot.c	general_dust_end	1	include_asm
rock_24	0x800ED498	func_800ED498	19	590ed0325c72277467183ee61d9754ac680efcd0	src/main/items/item_20_gravity_switch.c	gravity_switch_main	8	include_asm
rock_24	0x800ED4E4	func_800ED4E4	8	7f693e46b2295478282394980377f04c2f3d08dc	src/main/10CA4.c	func_800204AC	190	c
rock_24	0x800EDA08	func_800EDA08	2	7678540574197b420f17571673856a74783eb9d5	src/main/10CA4.c	func_800204A4	93	c-empty
rock_24	0x800EDC70	func_800EDC70	2	7678540574197b420f17571673856a74783eb9d5	src/main/10CA4.c	func_800204A4	93	c-empty
rock_24	0x800EDC78	func_800EDC78	2	7678540574197b420f17571673856a74783eb9d5	src/main/10CA4.c	func_800204A4	93	c-empty
rock_24	0x800EEFC0	func_800EEFC0	19	9f9117540cf8878b2d76d0d98987edfffacdf368	src/main/layers/layer_02_train_tunnel.c	train_tunnel_update	15	include_asm
rock_24	0x800EF1C8	func_800EF1C8	15	6d5cbe2977a0458aae5ce636a33413369a570006	src/main/items/item_11_teleporter.c	teleporter_warp	205	c
rock_24	0x800EF204	func_800EF204	15	6d5cbe2977a0458aae5ce636a33413369a570006	src/main/items/item_11_teleporter.c	teleporter_warp	205	c
rock_24	0x800EF3E0	func_800EF3E0	8	7f693e46b2295478282394980377f04c2f3d08dc	src/main/10CA4.c	func_800204AC	190	c
rock_24	0x800F4A50	func_800F4A50	2	7678540574197b420f17571673856a74783eb9d5	src/main/10CA4.c	func_800204A4	93	c-empty
rock_24	0x800F4A58	func_800F4A58	15	6d5cbe2977a0458aae5ce636a33413369a570006	src/main/items/item_11_teleporter.c	teleporter_warp	205	c
rock_24	0x800F50E4	func_800F50E4	15	0d6e8e521f0380121f0695e97284a6903ad75c7c	src/main/effects/effect_09_bg_wind.c	bg_wind_main	41	c
rock_24	0x800F53C8	func_800F53C8	10	b47cb2a2b624eb8e9724f1fa92c121c97c7ccc9e	src/main/misc/misc_53_final_cutscene.c	final_cutscene_despawn	1	c
rock_24	0x800F55F4	func_800F55F4	8	7f693e46b2295478282394980377f04c2f3d08dc	src/main/10CA4.c	func_800204AC	190	c
rock_24	0x800F5684	func_800F5684	8	7f693e46b2295478282394980377f04c2f3d08dc	src/main/10CA4.c	func_800204AC	190	c
rock_24	0x800F5764	func_800F5764	8	7f693e46b2295478282394980377f04c2f3d08dc	src/main/10CA4.c	func_800204AC	190	c
rock_24	0x800F5784	func_800F5784	8	7f693e46b2295478282394980377f04c2f3d08dc	src/main/10CA4.c	func_800204AC	190	c
rock_24	0x800F57A4	func_800F57A4	8	7f693e46b2295478282394980377f04c2f3d08dc	src/main/10CA4.c	func_800204AC	190	c
rock_24	0x800F57C4	func_800F57C4	8	7f693e46b2295478282394980377f04c2f3d08dc	src/main/10CA4.c	func_800204AC	190	c
rock_24	0x800F5894	func_800F5894	8	7f693e46b2295478282394980377f04c2f3d08dc	src/main/10CA4.c	func_800204AC	190	c
rock_25	0x800EA184	func_800EA184	15	aad97fb234fe33354651730a18c7d90621ac4e6a	src/main/144A4.c	func_80023CA4	207	c
rock_25	0x800EA1C0	func_800EA1C0	15	aad97fb234fe33354651730a18c7d90621ac4e6a	src/main/144A4.c	func_80023CA4	207	c
rock_25	0x800EA1FC	func_800EA1FC	15	aad97fb234fe33354651730a18c7d90621ac4e6a	src/main/144A4.c	func_80023CA4	207	c
rock_25	0x800EA324	func_800EA324	8	7f693e46b2295478282394980377f04c2f3d08dc	src/main/10CA4.c	func_800204AC	190	c
rock_25	0x800EA344	func_800EA344	8	7f693e46b2295478282394980377f04c2f3d08dc	src/main/10CA4.c	func_800204AC	190	c
rock_25	0x800EA364	func_800EA364	15	6d5cbe2977a0458aae5ce636a33413369a570006	src/main/items/item_11_teleporter.c	teleporter_warp	205	c
rock_25	0x800EA484	func_800EA484	15	6d5cbe2977a0458aae5ce636a33413369a570006	src/main/items/item_11_teleporter.c	teleporter_warp	205	c
rock_25	0x800EA4EC	func_800EA4EC	15	6d5cbe2977a0458aae5ce636a33413369a570006	src/main/items/item_11_teleporter.c	teleporter_warp	205	c
rock_25	0x800EA648	func_800EA648	15	6d5cbe2977a0458aae5ce636a33413369a570006	src/main/items/item_11_teleporter.c	teleporter_warp	205	c
rock_25	0x800EA754	func_800EA754	15	6d5cbe2977a0458aae5ce636a33413369a570006	src/main/items/item_11_teleporter.c	teleporter_warp	205	c
rock_25	0x800EA830	func_800EA830	11	ab19d9ae77b7f52d23df8d60be93b12a98615572	src/main/mains/main_57_frost_walrus.c	frost_walrus_blizzard_finish	2	include_asm
rock_25	0x800EA85C	func_800EA85C	15	6d5cbe2977a0458aae5ce636a33413369a570006	src/main/items/item_11_teleporter.c	teleporter_warp	205	c
rock_25	0x800EAA34	func_800EAA34	8	7f693e46b2295478282394980377f04c2f3d08dc	src/main/10CA4.c	func_800204AC	190	c
rock_25	0x800EAA54	func_800EAA54	2	7678540574197b420f17571673856a74783eb9d5	src/main/10CA4.c	func_800204A4	93	c-empty
rock_25	0x800EABD0	func_800EABD0	12	3d82c3af21bbb95d722f3fba2cb6c1f7823838ca	src/main/mains/main_65_magma_dragoon.c	magma_dragoon_face_player	1	include_asm
rock_25	0x800EACEC	func_800EACEC	8	7f693e46b2295478282394980377f04c2f3d08dc	src/main/10CA4.c	func_800204AC	190	c
rock_25	0x800EAD0C	func_800EAD0C	8	7f693e46b2295478282394980377f04c2f3d08dc	src/main/10CA4.c	func_800204AC	190	c
rock_25	0x800EB1E8	func_800EB1E8	15	aad97fb234fe33354651730a18c7d90621ac4e6a	src/main/144A4.c	func_80023CA4	207	c
rock_25	0x800EB224	func_800EB224	15	aad97fb234fe33354651730a18c7d90621ac4e6a	src/main/144A4.c	func_80023CA4	207	c
rock_25	0x800EB260	func_800EB260	15	aad97fb234fe33354651730a18c7d90621ac4e6a	src/main/144A4.c	func_80023CA4	207	c
rock_25	0x800EB49C	func_800EB49C	8	7f693e46b2295478282394980377f04c2f3d08dc	src/main/10CA4.c	func_800204AC	190	c
rock_25	0x800EB4BC	func_800EB4BC	8	7f693e46b2295478282394980377f04c2f3d08dc	src/main/10CA4.c	func_800204AC	190	c
rock_25	0x800EB4DC	func_800EB4DC	15	6d5cbe2977a0458aae5ce636a33413369a570006	src/main/items/item_11_teleporter.c	teleporter_warp	205	c
rock_25	0x800EB648	func_800EB648	15	6d5cbe2977a0458aae5ce636a33413369a570006	src/main/items/item_11_teleporter.c	teleporter_warp	205	c
rock_25	0x800EB6C8	func_800EB6C8	15	6d5cbe2977a0458aae5ce636a33413369a570006	src/main/items/item_11_teleporter.c	teleporter_warp	205	c
rock_25	0x800EB8A4	func_800EB8A4	2	7678540574197b420f17571673856a74783eb9d5	src/main/10CA4.c	func_800204A4	93	c-empty
rock_25	0x800EB8AC	func_800EB8AC	15	6d5cbe2977a0458aae5ce636a33413369a570006	src/main/items/item_11_teleporter.c	teleporter_warp	205	c
rock_25	0x800EBB40	func_800EBB40	12	3d82c3af21bbb95d722f3fba2cb6c1f7823838ca	src/main/mains/main_65_magma_dragoon.c	magma_dragoon_face_player	1	include_asm
rock_25	0x800EBCA0	func_800EBCA0	8	7f693e46b2295478282394980377f04c2f3d08dc	src/main/10CA4.c	func_800204AC	190	c
rock_25	0x800EBE6C	func_800EBE6C	8	7f693e46b2295478282394980377f04c2f3d08dc	src/main/10CA4.c	func_800204AC	190	c
rock_25	0x800EC354	func_800EC354	8	7f693e46b2295478282394980377f04c2f3d08dc	src/main/10CA4.c	func_800204AC	190	c
rock_25	0x800EC374	func_800EC374	8	7f693e46b2295478282394980377f04c2f3d08dc	src/main/10CA4.c	func_800204AC	190	c
rock_25	0x800EC61C	func_800EC61C	15	934bc010d75ff6624b443c96f9ef85d99ffbc7fa	src/main/layers/layer_05_airship_bob.c	airship_bob_sway	2	c
rock_25	0x800ED624	func_800ED624	23	3841861bc21ec5a06e7fe26f058b170fac036262	src/main/items/item_08_boss_door.c	boss_door_update	5	include_asm
rock_25	0x800ED790	func_800ED790	15	6d5cbe2977a0458aae5ce636a33413369a570006	src/main/items/item_11_teleporter.c	teleporter_warp	205	c
rock_25	0x800ED7CC	func_800ED7CC	15	6d5cbe2977a0458aae5ce636a33413369a570006	src/main/items/item_11_teleporter.c	teleporter_warp	205	c
rock_25	0x800ED808	func_800ED808	15	6d5cbe2977a0458aae5ce636a33413369a570006	src/main/items/item_11_teleporter.c	teleporter_warp	205	c
rock_25	0x800EDC0C	func_800EDC0C	8	7f693e46b2295478282394980377f04c2f3d08dc	src/main/10CA4.c	func_800204AC	190	c
rock_25	0x800EDC2C	func_800EDC2C	8	7f693e46b2295478282394980377f04c2f3d08dc	src/main/10CA4.c	func_800204AC	190	c
rock_25	0x800EDC4C	func_800EDC4C	23	3841861bc21ec5a06e7fe26f058b170fac036262	src/main/items/item_08_boss_door.c	boss_door_update	5	include_asm
rock_25	0x800EDEA0	func_800EDEA0	15	6d5cbe2977a0458aae5ce636a33413369a570006	src/main/items/item_11_teleporter.c	teleporter_warp	205	c
rock_25	0x800EDEDC	func_800EDEDC	15	6d5cbe2977a0458aae5ce636a33413369a570006	src/main/items/item_11_teleporter.c	teleporter_warp	205	c
rock_25	0x800EE038	func_800EE038	15	6d5cbe2977a0458aae5ce636a33413369a570006	src/main/items/item_11_teleporter.c	teleporter_warp	205	c
rock_25	0x800EE2E8	func_800EE2E8	19	092b78e20e4a8e3dd6f0100e81da3d0b6b44ca35	src/main/items/item_00_breakable_wall.c	breakable_wall_update	28	include_asm
rock_25	0x800EE334	func_800EE334	15	0d6e8e521f0380121f0695e97284a6903ad75c7c	src/main/effects/effect_09_bg_wind.c	bg_wind_main	41	c
rock_25	0x800EE370	func_800EE370	8	7f693e46b2295478282394980377f04c2f3d08dc	src/main/10CA4.c	func_800204AC	190	c
rock_25	0x800EE998	func_800EE998	16	38e1a722ce8eb22c0c91e96517429c593bfa9d95	src/main/mains/main_62_flame_jet.c	flame_jet_update	8	include_asm
rock_25	0x800EE9D8	func_800EE9D8	8	7f693e46b2295478282394980377f04c2f3d08dc	src/main/10CA4.c	func_800204AC	190	c
rock_26	0x800EB5B4	func_800EB5B4	2	7678540574197b420f17571673856a74783eb9d5	src/main/10CA4.c	func_800204A4	93	c-empty
rock_26	0x800EB7D4	func_800EB7D4	8	7f693e46b2295478282394980377f04c2f3d08dc	src/main/10CA4.c	func_800204AC	190	c
rock_26	0x800EB7F4	func_800EB7F4	8	7f693e46b2295478282394980377f04c2f3d08dc	src/main/10CA4.c	func_800204AC	190	c
rock_26	0x800EB900	func_800EB900	8	7f693e46b2295478282394980377f04c2f3d08dc	src/main/10CA4.c	func_800204AC	190	c
rock_26	0x800EC498	func_800EC498	8	e996675da028c2f601a48b26ce0c10e019509d04	src/main/effects/effect_05_tile_scanner.c	tile_scanner_init	1	c
rock_26	0x800ED334	func_800ED334	8	7f693e46b2295478282394980377f04c2f3d08dc	src/main/10CA4.c	func_800204AC	190	c
rock_26	0x800EDB10	func_800EDB10	15	aad97fb234fe33354651730a18c7d90621ac4e6a	src/main/144A4.c	func_80023CA4	207	c
rock_26	0x800EDC14	func_800EDC14	8	7f693e46b2295478282394980377f04c2f3d08dc	src/main/10CA4.c	func_800204AC	190	c
rock_26	0x800EDC88	func_800EDC88	11	ee72e949e43887a07c0fcf223ea11b8c9414a6a1	src/main/items/item_10_spark_machine.c	spark_machine_broken	20	c
rock_26	0x800EE2D4	func_800EE2D4	23	3841861bc21ec5a06e7fe26f058b170fac036262	src/main/items/item_08_boss_door.c	boss_door_update	5	include_asm
rock_26	0x800EE46C	func_800EE46C	8	7f693e46b2295478282394980377f04c2f3d08dc	src/main/10CA4.c	func_800204AC	190	c
rock_26	0x800EE48C	func_800EE48C	8	7f693e46b2295478282394980377f04c2f3d08dc	src/main/10CA4.c	func_800204AC	190	c
rock_26	0x800EE4AC	func_800EE4AC	15	6d5cbe2977a0458aae5ce636a33413369a570006	src/main/items/item_11_teleporter.c	teleporter_warp	205	c
rock_26	0x800EEB4C	func_800EEB4C	8	7f693e46b2295478282394980377f04c2f3d08dc	src/main/10CA4.c	func_800204AC	190	c
rock_26	0x800EEB6C	func_800EEB6C	15	aad97fb234fe33354651730a18c7d90621ac4e6a	src/main/144A4.c	func_80023CA4	207	c
rock_26	0x800EECD4	func_800EECD4	8	7f693e46b2295478282394980377f04c2f3d08dc	src/main/10CA4.c	func_800204AC	190	c
rock_27	0x800E9C78	func_800E9C78	15	aad97fb234fe33354651730a18c7d90621ac4e6a	src/main/144A4.c	func_80023CA4	207	c
rock_27	0x800E9D7C	func_800E9D7C	8	7f693e46b2295478282394980377f04c2f3d08dc	src/main/10CA4.c	func_800204AC	190	c
rock_27	0x800E9D9C	func_800E9D9C	2	7678540574197b420f17571673856a74783eb9d5	src/main/10CA4.c	func_800204A4	93	c-empty
rock_27	0x800E9DA4	func_800E9DA4	15	6d5cbe2977a0458aae5ce636a33413369a570006	src/main/items/item_11_teleporter.c	teleporter_warp	205	c
rock_27	0x800E9E3C	func_800E9E3C	11	5870cc71888cb456d9e6e7dbfe77f8f5536fd9b0	src/main/mains/main_56_jet_stingray.c	jet_stingray_vortex_finish	1	include_asm
rock_27	0x800E9E68	func_800E9E68	15	6d5cbe2977a0458aae5ce636a33413369a570006	src/main/items/item_11_teleporter.c	teleporter_warp	205	c
rock_27	0x800EA390	func_800EA390	19	092b78e20e4a8e3dd6f0100e81da3d0b6b44ca35	src/main/items/item_00_breakable_wall.c	breakable_wall_update	28	include_asm
rock_27	0x800EA4D8	func_800EA4D8	8	7f693e46b2295478282394980377f04c2f3d08dc	src/main/10CA4.c	func_800204AC	190	c
rock_27	0x800EA920	func_800EA920	8	7f693e46b2295478282394980377f04c2f3d08dc	src/main/10CA4.c	func_800204AC	190	c
rock_28	0x800EA000	func_800EA000	19	092b78e20e4a8e3dd6f0100e81da3d0b6b44ca35	src/main/items/item_00_breakable_wall.c	breakable_wall_update	28	include_asm
rock_28	0x800EA04C	func_800EA04C	8	7f693e46b2295478282394980377f04c2f3d08dc	src/main/10CA4.c	func_800204AC	190	include_asm
rock_28	0x800EA698	func_800EA698	19	092b78e20e4a8e3dd6f0100e81da3d0b6b44ca35	src/main/items/item_00_breakable_wall.c	breakable_wall_update	28	include_asm
rock_28	0x800EA6E4	func_800EA6E4	8	7f693e46b2295478282394980377f04c2f3d08dc	src/main/10CA4.c	func_800204AC	190	include_asm
rock_28	0x800EA704	func_800EA704	8	7f693e46b2295478282394980377f04c2f3d08dc	src/main/10CA4.c	func_800204AC	190	include_asm
rock_28	0x800EA724	func_800EA724	15	aad97fb234fe33354651730a18c7d90621ac4e6a	src/main/144A4.c	func_80023CA4	207	c
rock_28	0x800EA760	func_800EA760	21	6eac507027d5b41d0db720a611a00549d2c56516	src/main/visuals/visual_12_ride_dust.c	ride_dust_init	1	include_asm
rock_28	0x800EA84C	func_800EA84C	8	7f693e46b2295478282394980377f04c2f3d08dc	src/main/10CA4.c	func_800204AC	190	include_asm
rock_28	0x800EB0FC	func_800EB0FC	15	aad97fb234fe33354651730a18c7d90621ac4e6a	src/main/144A4.c	func_80023CA4	207	c
rock_28	0x800EB548	func_800EB548	15	aad97fb234fe33354651730a18c7d90621ac4e6a	src/main/144A4.c	func_80023CA4	207	c
rock_28	0x800EB704	func_800EB704	8	7f693e46b2295478282394980377f04c2f3d08dc	src/main/10CA4.c	func_800204AC	190	include_asm
rock_28	0x800EBA48	func_800EBA48	19	9f9117540cf8878b2d76d0d98987edfffacdf368	src/main/layers/layer_02_train_tunnel.c	train_tunnel_update	15	include_asm
rock_28	0x800EBE8C	func_800EBE8C	8	7f693e46b2295478282394980377f04c2f3d08dc	src/main/10CA4.c	func_800204AC	190	include_asm
rock_28	0x800EBEAC	func_800EBEAC	15	aad97fb234fe33354651730a18c7d90621ac4e6a	src/main/144A4.c	func_80023CA4	207	c
rock_28	0x800EFA10	func_800EFA10	74	9ca41e24053816f24e4cc9b835a290981105b651	src/main/mech.c	func_8003FF9C	1	include_asm
rock_28	0x800F0474	func_800F0474	19	020323399ced02706467798c778f7c269e1681d8	src/main/mech.c	func_8003F648	1	include_asm
rock_28	0x800F2288	func_800F2288	2	7678540574197b420f17571673856a74783eb9d5	src/main/10CA4.c	func_800204A4	93	include_asm
rock_29	0x800E9F54	func_800E9F54	19	9f9117540cf8878b2d76d0d98987edfffacdf368	src/main/layers/layer_02_train_tunnel.c	train_tunnel_update	15	include_asm
rock_29	0x800EA17C	func_800EA17C	11	ee72e949e43887a07c0fcf223ea11b8c9414a6a1	src/main/items/item_10_spark_machine.c	spark_machine_broken	20	c
rock_29	0x800EA1A8	func_800EA1A8	15	6d5cbe2977a0458aae5ce636a33413369a570006	src/main/items/item_11_teleporter.c	teleporter_warp	205	c
rock_29	0x800EA7C0	func_800EA7C0	19	092b78e20e4a8e3dd6f0100e81da3d0b6b44ca35	src/main/items/item_00_breakable_wall.c	breakable_wall_update	28	include_asm
rock_29	0x800EA80C	func_800EA80C	8	83f25a3faba9d1a448dcab6ccfeea86c476053a3	src/main/items/item_02_pickup.c	pickup_collected	8	c
rock_29	0x800EA82C	func_800EA82C	2	7678540574197b420f17571673856a74783eb9d5	src/main/10CA4.c	func_800204A4	93	c-empty
rock_29	0x800EABD0	func_800EABD0	8	7f693e46b2295478282394980377f04c2f3d08dc	src/main/10CA4.c	func_800204AC	190	c
rock_29	0x800EB008	func_800EB008	19	092b78e20e4a8e3dd6f0100e81da3d0b6b44ca35	src/main/items/item_00_breakable_wall.c	breakable_wall_update	28	include_asm
rock_29	0x800EB054	func_800EB054	15	0d6e8e521f0380121f0695e97284a6903ad75c7c	src/main/effects/effect_09_bg_wind.c	bg_wind_main	41	c
rock_29	0x800EB090	func_800EB090	8	7f693e46b2295478282394980377f04c2f3d08dc	src/main/10CA4.c	func_800204AC	190	c
rock_29	0x800EB81C	func_800EB81C	19	092b78e20e4a8e3dd6f0100e81da3d0b6b44ca35	src/main/items/item_00_breakable_wall.c	breakable_wall_update	28	include_asm
rock_30	0x800E9F18	func_800E9F18	19	9f9117540cf8878b2d76d0d98987edfffacdf368	src/main/layers/layer_02_train_tunnel.c	train_tunnel_update	15	include_asm
rock_30	0x800EA35C	func_800EA35C	8	7f693e46b2295478282394980377f04c2f3d08dc	src/main/10CA4.c	func_800204AC	190	c
rock_30	0x800EA37C	func_800EA37C	19	092b78e20e4a8e3dd6f0100e81da3d0b6b44ca35	src/main/items/item_00_breakable_wall.c	breakable_wall_update	28	include_asm
rock_30	0x800EA69C	func_800EA69C	15	aad97fb234fe33354651730a18c7d90621ac4e6a	src/main/144A4.c	func_80023CA4	207	c
rock_30	0x800EA6D8	func_800EA6D8	15	aad97fb234fe33354651730a18c7d90621ac4e6a	src/main/144A4.c	func_80023CA4	207	c
rock_30	0x800EA8E8	func_800EA8E8	8	7f693e46b2295478282394980377f04c2f3d08dc	src/main/10CA4.c	func_800204AC	190	c
rock_30	0x800EA908	func_800EA908	8	7f693e46b2295478282394980377f04c2f3d08dc	src/main/10CA4.c	func_800204AC	190	c
rock_30	0x800EA928	func_800EA928	15	6d5cbe2977a0458aae5ce636a33413369a570006	src/main/items/item_11_teleporter.c	teleporter_warp	205	c
rock_30	0x800EAAD0	func_800EAAD0	19	d78453aaa1779408cea3e70ceed2899260fd022e	src/main/mains/main_10_dragonfly.c	dragonfly_carry	13	include_asm
rock_30	0x800EAD1C	func_800EAD1C	2	7678540574197b420f17571673856a74783eb9d5	src/main/10CA4.c	func_800204A4	93	c-empty
rock_30	0x800EAD24	func_800EAD24	2	7678540574197b420f17571673856a74783eb9d5	src/main/10CA4.c	func_800204A4	93	c-empty
rock_30	0x800EADCC	func_800EADCC	12	3d82c3af21bbb95d722f3fba2cb6c1f7823838ca	src/main/mains/main_65_magma_dragoon.c	magma_dragoon_face_player	1	include_asm
rock_30	0x800EADFC	func_800EADFC	8	7f693e46b2295478282394980377f04c2f3d08dc	src/main/10CA4.c	func_800204AC	190	c
rock_30	0x800EB320	func_800EB320	2	7678540574197b420f17571673856a74783eb9d5	src/main/10CA4.c	func_800204A4	93	c-empty
rock_30	0x800EB588	func_800EB588	2	7678540574197b420f17571673856a74783eb9d5	src/main/10CA4.c	func_800204A4	93	c-empty
rock_30	0x800EB590	func_800EB590	2	7678540574197b420f17571673856a74783eb9d5	src/main/10CA4.c	func_800204A4	93	c-empty
rock_30	0x800EBDE4	func_800EBDE4	15	aad97fb234fe33354651730a18c7d90621ac4e6a	src/main/144A4.c	func_80023CA4	207	c
rock_30	0x800EBE74	func_800EBE74	3	52d1973288727974453c3292b88edaeb6eda9415	src/main/mains/main_06_bulldozer.c	bulldozer_resume_step	15	c
rock_30	0x800EBE80	func_800EBE80	18	404516d3d41da670a5d411d79deec94513d1cdaf	src/main/mains/main_32_bomb_bat.c	bomb_bat_hover	5	include_asm
rock_30	0x800EBEC8	func_800EBEC8	14	c21d8b683171bb3abb52a614f4c9ba83e700a7ab	src/main/mains/main_32_bomb_bat.c	bomb_bat_hover_start	1	include_asm
rock_30	0x800EBFD4	func_800EBFD4	15	6d5cbe2977a0458aae5ce636a33413369a570006	src/main/items/item_11_teleporter.c	teleporter_warp	205	c
rock_30	0x800EC010	func_800EC010	20	32f9f02b5c881815c8dadab4958a83c428324aa3	src/main/mains/main_32_bomb_bat.c	bomb_bat_drop_start	1	include_asm
rock_30	0x800EC060	func_800EC060	23	b8c90aca8278ba81a040d5e540f69d3d3a0234c6	src/main/mains/main_32_bomb_bat.c	bomb_bat_drop_release	1	include_asm
rock_30	0x800EC10C	func_800EC10C	15	6d5cbe2977a0458aae5ce636a33413369a570006	src/main/items/item_11_teleporter.c	teleporter_warp	205	c
rock_30	0x800EC1A4	func_800EC1A4	11	ee72e949e43887a07c0fcf223ea11b8c9414a6a1	src/main/items/item_10_spark_machine.c	spark_machine_broken	20	c
rock_30	0x800EC1D0	func_800EC1D0	15	6d5cbe2977a0458aae5ce636a33413369a570006	src/main/items/item_11_teleporter.c	teleporter_warp	205	c
rock_30	0x800EC278	func_800EC278	11	ee72e949e43887a07c0fcf223ea11b8c9414a6a1	src/main/items/item_10_spark_machine.c	spark_machine_broken	20	c
rock_30	0x800EC2A4	func_800EC2A4	15	6d5cbe2977a0458aae5ce636a33413369a570006	src/main/items/item_11_teleporter.c	teleporter_warp	205	c
rock_30	0x800EC408	func_800EC408	14	551fe75c1ef02f5c219c50b96f81769024476729	src/main/mains/main_32_bomb_bat.c	bomb_bat_dive_fall	1	include_asm
rock_30	0x800EC478	func_800EC478	18	404516d3d41da670a5d411d79deec94513d1cdaf	src/main/mains/main_32_bomb_bat.c	bomb_bat_hover	5	include_asm
rock_30	0x800EC5B8	func_800EC5B8	12	d7798d86256f0afdabaae73146d796ab6b1bcb4c	src/main/mains/main_13_heavy_mech.c	heavy_mech_face_player	15	include_asm
rock_30	0x800EC690	func_800EC690	15	aad97fb234fe33354651730a18c7d90621ac4e6a	src/main/144A4.c	func_80023CA4	207	c
rock_30	0x800EC840	func_800EC840	8	7f693e46b2295478282394980377f04c2f3d08dc	src/main/10CA4.c	func_800204AC	190	c
rock_30	0x800EC860	func_800EC860	2	7678540574197b420f17571673856a74783eb9d5	src/main/10CA4.c	func_800204A4	93	c-empty
rock_30	0x800ECA3C	func_800ECA3C	19	092b78e20e4a8e3dd6f0100e81da3d0b6b44ca35	src/main/items/item_00_breakable_wall.c	breakable_wall_update	28	include_asm
rock_30	0x800ECB34	func_800ECB34	8	83f25a3faba9d1a448dcab6ccfeea86c476053a3	src/main/items/item_02_pickup.c	pickup_collected	8	c
rock_30	0x800ECB54	func_800ECB54	2	7678540574197b420f17571673856a74783eb9d5	src/main/10CA4.c	func_800204A4	93	c-empty
rock_30	0x800ED2D0	func_800ED2D0	15	aad97fb234fe33354651730a18c7d90621ac4e6a	src/main/144A4.c	func_80023CA4	207	c
rock_30	0x800ED358	func_800ED358	8	7f693e46b2295478282394980377f04c2f3d08dc	src/main/10CA4.c	func_800204AC	190	c
rock_30	0x800ED714	func_800ED714	8	7f693e46b2295478282394980377f04c2f3d08dc	src/main/10CA4.c	func_800204AC	190	c
rock_30	0x800EDCD8	func_800EDCD8	19	092b78e20e4a8e3dd6f0100e81da3d0b6b44ca35	src/main/items/item_00_breakable_wall.c	breakable_wall_update	28	include_asm
rock_30	0x800EDD24	func_800EDD24	15	aad97fb234fe33354651730a18c7d90621ac4e6a	src/main/144A4.c	func_80023CA4	207	c
rock_30	0x800EDDD0	func_800EDDD0	8	7f693e46b2295478282394980377f04c2f3d08dc	src/main/10CA4.c	func_800204AC	190	c
rock_30	0x800EDDF0	func_800EDDF0	21	45fa9bb77d1e370fbcd4deeb09f690d79b684ebf	src/main/mains/main_02_item_carrier.c	item_carrier_hover	7	include_asm
rock_30	0x800EE1D0	func_800EE1D0	17	76d90a83ca68029a289593d059cc5a7436e23089	src/main/shots/shot_55_general_shot.c	general_dust_end	1	include_asm
rock_30	0x800EE214	func_800EE214	19	590ed0325c72277467183ee61d9754ac680efcd0	src/main/items/item_20_gravity_switch.c	gravity_switch_main	8	include_asm
rock_30	0x800EE260	func_800EE260	8	7f693e46b2295478282394980377f04c2f3d08dc	src/main/10CA4.c	func_800204AC	190	c
rock_30	0x800EE8A0	func_800EE8A0	23	3841861bc21ec5a06e7fe26f058b170fac036262	src/main/items/item_08_boss_door.c	boss_door_update	5	include_asm
rock_30	0x800EEA38	func_800EEA38	8	7f693e46b2295478282394980377f04c2f3d08dc	src/main/10CA4.c	func_800204AC	190	c
rock_30	0x800EEA58	func_800EEA58	8	7f693e46b2295478282394980377f04c2f3d08dc	src/main/10CA4.c	func_800204AC	190	c
rock_30	0x800EEA78	func_800EEA78	15	6d5cbe2977a0458aae5ce636a33413369a570006	src/main/items/item_11_teleporter.c	teleporter_warp	205	c
rock_30	0x800EEF38	func_800EEF38	16	38e1a722ce8eb22c0c91e96517429c593bfa9d95	src/main/mains/main_62_flame_jet.c	flame_jet_update	8	include_asm
rock_30	0x800EEF78	func_800EEF78	8	7f693e46b2295478282394980377f04c2f3d08dc	src/main/10CA4.c	func_800204AC	190	c
rock_31	0x800EC3F4	func_800EC3F4	15	aad97fb234fe33354651730a18c7d90621ac4e6a	src/main/144A4.c	func_80023CA4	207	c
rock_31	0x800EC430	func_800EC430	15	aad97fb234fe33354651730a18c7d90621ac4e6a	src/main/144A4.c	func_80023CA4	207	c
rock_31	0x800EC638	func_800EC638	15	6d5cbe2977a0458aae5ce636a33413369a570006	src/main/items/item_11_teleporter.c	teleporter_warp	205	c
rock_31	0x800EC70C	func_800EC70C	10	8cebceb7e09cf535b027efc5bc961c2065b6a764	src/main/mains/main_43_web_spider.c	web_spider_swing_wait	1	include_asm
rock_31	0x800EC734	func_800EC734	15	6d5cbe2977a0458aae5ce636a33413369a570006	src/main/items/item_11_teleporter.c	teleporter_warp	205	c
rock_31	0x800EC8E8	func_800EC8E8	2	7678540574197b420f17571673856a74783eb9d5	src/main/10CA4.c	func_800204A4	93	c-empty
rock_31	0x800EC950	func_800EC950	15	6d5cbe2977a0458aae5ce636a33413369a570006	src/main/items/item_11_teleporter.c	teleporter_warp	205	c
rock_31	0x800EC99C	func_800EC99C	15	6d5cbe2977a0458aae5ce636a33413369a570006	src/main/items/item_11_teleporter.c	teleporter_warp	205	c
rock_31	0x800EC9D8	func_800EC9D8	2	7678540574197b420f17571673856a74783eb9d5	src/main/10CA4.c	func_800204A4	93	c-empty
rock_31	0x800ECD84	func_800ECD84	2	7678540574197b420f17571673856a74783eb9d5	src/main/10CA4.c	func_800204A4	93	c-empty
rock_31	0x800ECD8C	func_800ECD8C	8	7f693e46b2295478282394980377f04c2f3d08dc	src/main/10CA4.c	func_800204AC	190	c
rock_31	0x800ECE00	func_800ECE00	8	7f693e46b2295478282394980377f04c2f3d08dc	src/main/10CA4.c	func_800204AC	190	c
rock_31	0x800ECE20	func_800ECE20	15	aad97fb234fe33354651730a18c7d90621ac4e6a	src/main/144A4.c	func_80023CA4	207	c
rock_31	0x800ECFA8	func_800ECFA8	8	7f693e46b2295478282394980377f04c2f3d08dc	src/main/10CA4.c	func_800204AC	190	c
rock_31	0x800EDDE8	func_800EDDE8	15	aad97fb234fe33354651730a18c7d90621ac4e6a	src/main/144A4.c	func_80023CA4	207	c
rock_31	0x800EE020	func_800EE020	16	e9c7e1dc557eae2ee9d922f351457cb85cda1314	src/main/mains/main_48_sentry_drone.c	sentry_drone_wait_for_player	1	c
rock_31	0x800EE060	func_800EE060	2	7678540574197b420f17571673856a74783eb9d5	src/main/10CA4.c	func_800204A4	93	c-empty
rock_31	0x800EE068	func_800EE068	15	6d5cbe2977a0458aae5ce636a33413369a570006	src/main/items/item_11_teleporter.c	teleporter_warp	205	c
rock_31	0x800EE0A4	func_800EE0A4	25	85e8100d55936f7112b4c230e6bb6d66b9ebc803	src/main/mains/main_48_sentry_drone.c	sentry_drone_drift_start	1	include_asm
rock_31	0x800EE108	func_800EE108	23	a6e79c949180f6c50b2b3c9650945314517ab2b8	src/main/mains/main_48_sentry_drone.c	sentry_drone_drift_move	1	include_asm
rock_31	0x800EE164	func_800EE164	15	6d5cbe2977a0458aae5ce636a33413369a570006	src/main/items/item_11_teleporter.c	teleporter_warp	205	c
rock_31	0x800EE1A0	func_800EE1A0	31	327f58c0753afe156aa464b5c67385d099b1f987	src/main/mains/main_48_sentry_drone.c	sentry_drone_dash_start	1	include_asm
rock_31	0x800EE21C	func_800EE21C	25	0de043eb011495b64acf69985dc05595fefbed6f	src/main/mains/main_48_sentry_drone.c	sentry_drone_dash_move	1	include_asm
rock_31	0x800EE280	func_800EE280	19	d78453aaa1779408cea3e70ceed2899260fd022e	src/main/mains/main_10_dragonfly.c	dragonfly_carry	13	include_asm
rock_31	0x800EE31C	func_800EE31C	10	e789ebcec5791086976395f230e4b870ec93ea2c	src/main/mains/main_48_sentry_drone.c	sentry_drone_burst_wait	1	c
rock_31	0x800EE344	func_800EE344	34	b51be65f31c0447c2d29d3ec1a3aa8b6269a0613	src/main/mains/main_48_sentry_drone.c	sentry_drone_burst_repeat	1	include_asm
rock_31	0x800EE43C	func_800EE43C	19	d78453aaa1779408cea3e70ceed2899260fd022e	src/main/mains/main_10_dragonfly.c	dragonfly_carry	13	include_asm
rock_31	0x800EE664	func_800EE664	24	be9839e079ddb5ee5645ebcfb9190469b845356f	src/main/mains/main_48_sentry_drone.c	sentry_drone_spread_repeat	1	include_asm
rock_31	0x800EE6C4	func_800EE6C4	5	71839dba5adfae510f827704dccc949c6562ecd4	src/main/effects/effect_08_bg_zone_controller.c	bg_zone_controller_zone_1_enter	12	c
rock_31	0x800EE6D8	func_800EE6D8	6	615c4ab6942cc5ee6560dc81fa1b8ffc53687a37	src/main/mains/main_48_sentry_drone.c	sentry_drone_spread_end	1	c
rock_31	0x800EE6F0	func_800EE6F0	15	6d5cbe2977a0458aae5ce636a33413369a570006	src/main/items/item_11_teleporter.c	teleporter_warp	205	c
rock_31	0x800EE72C	func_800EE72C	16	0565770c6716d04ca8277154008a74f0bca73283	src/main/mains/main_48_sentry_drone.c	sentry_drone_drop_start	1	include_asm
rock_31	0x800EE76C	func_800EE76C	11	ee72e949e43887a07c0fcf223ea11b8c9414a6a1	src/main/items/item_10_spark_machine.c	spark_machine_broken	20	c
rock_31	0x800EEB18	func_800EEB18	8	7f693e46b2295478282394980377f04c2f3d08dc	src/main/10CA4.c	func_800204AC	190	c
rock_31	0x800EEB38	func_800EEB38	2	7678540574197b420f17571673856a74783eb9d5	src/main/10CA4.c	func_800204A4	93	c-empty
rock_31	0x800EEB40	func_800EEB40	19	092b78e20e4a8e3dd6f0100e81da3d0b6b44ca35	src/main/items/item_00_breakable_wall.c	breakable_wall_update	28	include_asm
rock_31	0x800EEB8C	func_800EEB8C	24	7ce572c2f092152843edffa9b7486accb1c1db88	src/main/misc/misc_25_sentry_flash.c	sentry_flash_animate	1	include_asm
rock_31	0x800EEBEC	func_800EEBEC	8	7f693e46b2295478282394980377f04c2f3d08dc	src/main/10CA4.c	func_800204AC	190	c
rock_31	0x800EF1BC	func_800EF1BC	15	aad97fb234fe33354651730a18c7d90621ac4e6a	src/main/144A4.c	func_80023CA4	207	c
rock_31	0x800EF1F8	func_800EF1F8	27	7e98e0cffd71ae6f09409e2bee990d8e1b8ff600	src/main/mains/main_27_dash_gunner.c	dash_gunner_explode	1	include_asm
rock_31	0x800EF2B4	func_800EF2B4	2	7678540574197b420f17571673856a74783eb9d5	src/main/10CA4.c	func_800204A4	93	c-empty
rock_31	0x800EF2BC	func_800EF2BC	15	6d5cbe2977a0458aae5ce636a33413369a570006	src/main/items/item_11_teleporter.c	teleporter_warp	205	c
rock_31	0x800EF40C	func_800EF40C	15	6d5cbe2977a0458aae5ce636a33413369a570006	src/main/items/item_11_teleporter.c	teleporter_warp	205	c
rock_31	0x800EF500	func_800EF500	15	6d5cbe2977a0458aae5ce636a33413369a570006	src/main/items/item_11_teleporter.c	teleporter_warp	205	c
rock_31	0x800EF6F4	func_800EF6F4	2	7678540574197b420f17571673856a74783eb9d5	src/main/10CA4.c	func_800204A4	93	c-empty
rock_31	0x800EF6FC	func_800EF6FC	15	6d5cbe2977a0458aae5ce636a33413369a570006	src/main/items/item_11_teleporter.c	teleporter_warp	205	c
rock_31	0x800EF738	func_800EF738	2	7678540574197b420f17571673856a74783eb9d5	src/main/10CA4.c	func_800204A4	93	c-empty
rock_31	0x800EF740	func_800EF740	2	7678540574197b420f17571673856a74783eb9d5	src/main/10CA4.c	func_800204A4	93	c-empty
rock_31	0x800EF748	func_800EF748	2	7678540574197b420f17571673856a74783eb9d5	src/main/10CA4.c	func_800204A4	93	c-empty
rock_31	0x800EF750	func_800EF750	2	7678540574197b420f17571673856a74783eb9d5	src/main/10CA4.c	func_800204A4	93	c-empty
rock_31	0x800EF758	func_800EF758	3	52d1973288727974453c3292b88edaeb6eda9415	src/main/mains/main_06_bulldozer.c	bulldozer_resume_step	15	c
rock_31	0x800EF788	func_800EF788	15	aad97fb234fe33354651730a18c7d90621ac4e6a	src/main/144A4.c	func_80023CA4	207	c
rock_31	0x800EF954	func_800EF954	8	7f693e46b2295478282394980377f04c2f3d08dc	src/main/10CA4.c	func_800204AC	190	c
rock_31	0x800F0204	func_800F0204	15	aad97fb234fe33354651730a18c7d90621ac4e6a	src/main/144A4.c	func_80023CA4	207	c
rock_31	0x800F0650	func_800F0650	15	aad97fb234fe33354651730a18c7d90621ac4e6a	src/main/144A4.c	func_80023CA4	207	c
rock_31	0x800F080C	func_800F080C	8	7f693e46b2295478282394980377f04c2f3d08dc	src/main/10CA4.c	func_800204AC	190	c
rock_31	0x800F1EC4	func_800F1EC4	2	7678540574197b420f17571673856a74783eb9d5	src/main/10CA4.c	func_800204A4	93	c-empty
rock_31	0x800F2224	func_800F2224	19	092b78e20e4a8e3dd6f0100e81da3d0b6b44ca35	src/main/items/item_00_breakable_wall.c	breakable_wall_update	28	include_asm
rock_31	0x800F236C	func_800F236C	8	7f693e46b2295478282394980377f04c2f3d08dc	src/main/10CA4.c	func_800204AC	190	c
rock_32	0x800EA16C	func_800EA16C	15	aad97fb234fe33354651730a18c7d90621ac4e6a	src/main/144A4.c	func_80023CA4	207	c
rock_32	0x800EA1A8	func_800EA1A8	15	aad97fb234fe33354651730a18c7d90621ac4e6a	src/main/144A4.c	func_80023CA4	207	c
rock_32	0x800EA2D4	func_800EA2D4	8	7f693e46b2295478282394980377f04c2f3d08dc	src/main/10CA4.c	func_800204AC	190	c
rock_32	0x800EA2F4	func_800EA2F4	8	7f693e46b2295478282394980377f04c2f3d08dc	src/main/10CA4.c	func_800204AC	190	c
rock_32	0x800EA314	func_800EA314	8	7f693e46b2295478282394980377f04c2f3d08dc	src/main/10CA4.c	func_800204AC	190	c
rock_32	0x800EA434	func_800EA434	2	7678540574197b420f17571673856a74783eb9d5	src/main/10CA4.c	func_800204A4	93	c-empty
rock_32	0x800EA4D4	func_800EA4D4	8	7f693e46b2295478282394980377f04c2f3d08dc	src/main/10CA4.c	func_800204AC	190	c
rock_32	0x800EA4F4	func_800EA4F4	15	6d5cbe2977a0458aae5ce636a33413369a570006	src/main/items/item_11_teleporter.c	teleporter_warp	205	c
rock_32	0x800EA608	func_800EA608	8	7f693e46b2295478282394980377f04c2f3d08dc	src/main/10CA4.c	func_800204AC	190	c
rock_32	0x800EA734	func_800EA734	2	7678540574197b420f17571673856a74783eb9d5	src/main/10CA4.c	func_800204A4	93	c-empty
rock_32	0x800EA888	func_800EA888	12	3d82c3af21bbb95d722f3fba2cb6c1f7823838ca	src/main/mains/main_65_magma_dragoon.c	magma_dragoon_face_player	1	include_asm
rock_32	0x800EA964	func_800EA964	8	7f693e46b2295478282394980377f04c2f3d08dc	src/main/10CA4.c	func_800204AC	190	c
rock_32	0x800EC0E0	func_800EC0E0	15	aad97fb234fe33354651730a18c7d90621ac4e6a	src/main/144A4.c	func_80023CA4	207	c
rock_32	0x800EC11C	func_800EC11C	15	aad97fb234fe33354651730a18c7d90621ac4e6a	src/main/144A4.c	func_80023CA4	207	c
rock_32	0x800EC158	func_800EC158	8	7f693e46b2295478282394980377f04c2f3d08dc	src/main/10CA4.c	func_800204AC	190	c
rock_32	0x800EC178	func_800EC178	8	7f693e46b2295478282394980377f04c2f3d08dc	src/main/10CA4.c	func_800204AC	190	c
rock_32	0x800EC220	func_800EC220	15	6d5cbe2977a0458aae5ce636a33413369a570006	src/main/items/item_11_teleporter.c	teleporter_warp	205	c
rock_32	0x800EC404	func_800EC404	2	7678540574197b420f17571673856a74783eb9d5	src/main/10CA4.c	func_800204A4	93	c-empty
rock_32	0x800EC4E4	func_800EC4E4	12	3d82c3af21bbb95d722f3fba2cb6c1f7823838ca	src/main/mains/main_65_magma_dragoon.c	magma_dragoon_face_player	1	include_asm
rock_32	0x800EC694	func_800EC694	8	7f693e46b2295478282394980377f04c2f3d08dc	src/main/10CA4.c	func_800204AC	190	c
rock_32	0x800ECA50	func_800ECA50	8	7f693e46b2295478282394980377f04c2f3d08dc	src/main/10CA4.c	func_800204AC	190	c
rock_32	0x800ED308	func_800ED308	15	aad97fb234fe33354651730a18c7d90621ac4e6a	src/main/144A4.c	func_80023CA4	207	c
rock_32	0x800ED40C	func_800ED40C	8	7f693e46b2295478282394980377f04c2f3d08dc	src/main/10CA4.c	func_800204AC	190	c
rock_32	0x800ED480	func_800ED480	11	ee72e949e43887a07c0fcf223ea11b8c9414a6a1	src/main/items/item_10_spark_machine.c	spark_machine_broken	20	c
rock_32	0x800ED4AC	func_800ED4AC	15	aad97fb234fe33354651730a18c7d90621ac4e6a	src/main/144A4.c	func_80023CA4	207	c
rock_33	0x800FEA04	func_800FEA04	2	7678540574197b420f17571673856a74783eb9d5	src/main/10CA4.c	func_800204A4	93	c-empty
rock_33	0x800FEA0C	func_800FEA0C	15	6d5cbe2977a0458aae5ce636a33413369a570006	src/main/items/item_11_teleporter.c	teleporter_warp	205	c
rock_33	0x800FEF98	func_800FEF98	2	7678540574197b420f17571673856a74783eb9d5	src/main/10CA4.c	func_800204A4	93	c-empty
rock_33	0x800FFD64	func_800FFD64	15	0d6e8e521f0380121f0695e97284a6903ad75c7c	src/main/effects/effect_09_bg_wind.c	bg_wind_main	41	c
rock_33	0x8010007C	func_8010007C	8	7f693e46b2295478282394980377f04c2f3d08dc	src/main/10CA4.c	func_800204AC	190	c
rock_33	0x80100188	func_80100188	8	7f693e46b2295478282394980377f04c2f3d08dc	src/main/10CA4.c	func_800204AC	190	c
rock_33	0x80100358	func_80100358	8	7f693e46b2295478282394980377f04c2f3d08dc	src/main/10CA4.c	func_800204AC	190	c
rock_33	0x80100430	func_80100430	8	7f693e46b2295478282394980377f04c2f3d08dc	src/main/10CA4.c	func_800204AC	190	c
rock_33	0x801005F8	func_801005F8	8	7f693e46b2295478282394980377f04c2f3d08dc	src/main/10CA4.c	func_800204AC	190	c
rock_33	0x80100764	func_80100764	8	7f693e46b2295478282394980377f04c2f3d08dc	src/main/10CA4.c	func_800204AC	190	c
rock_34	0x800FB9E4	func_800FB9E4	23	3841861bc21ec5a06e7fe26f058b170fac036262	src/main/items/item_08_boss_door.c	boss_door_update	5	include_asm
rock_34	0x800FBA40	func_800FBA40	15	0d6e8e521f0380121f0695e97284a6903ad75c7c	src/main/effects/effect_09_bg_wind.c	bg_wind_main	41	c
rock_34	0x800FBB08	func_800FBB08	61	f2023113f31242d5558bca99b4cfb9fd7ad95758	src/main/mains/main_57_frost_walrus.c	frost_walrus_death_explode	1	include_asm
rock_34	0x800FBEC0	func_800FBEC0	8	7f693e46b2295478282394980377f04c2f3d08dc	src/main/10CA4.c	func_800204AC	190	c
rock_34	0x800FBEE0	func_800FBEE0	15	6d5cbe2977a0458aae5ce636a33413369a570006	src/main/items/item_11_teleporter.c	teleporter_warp	205	c
rock_34	0x800FBF94	func_800FBF94	15	6d5cbe2977a0458aae5ce636a33413369a570006	src/main/items/item_11_teleporter.c	teleporter_warp	205	c
rock_34	0x800FC1A0	func_800FC1A0	15	6d5cbe2977a0458aae5ce636a33413369a570006	src/main/items/item_11_teleporter.c	teleporter_warp	205	c
rock_34	0x800FC394	func_800FC394	15	6d5cbe2977a0458aae5ce636a33413369a570006	src/main/items/item_11_teleporter.c	teleporter_warp	205	c
rock_34	0x800FC814	func_800FC814	15	6d5cbe2977a0458aae5ce636a33413369a570006	src/main/items/item_11_teleporter.c	teleporter_warp	205	c
rock_34	0x800FC9CC	func_800FC9CC	15	6d5cbe2977a0458aae5ce636a33413369a570006	src/main/items/item_11_teleporter.c	teleporter_warp	205	c
rock_34	0x800FCBEC	func_800FCBEC	15	6d5cbe2977a0458aae5ce636a33413369a570006	src/main/items/item_11_teleporter.c	teleporter_warp	205	c
rock_34	0x800FCD18	func_800FCD18	15	6d5cbe2977a0458aae5ce636a33413369a570006	src/main/items/item_11_teleporter.c	teleporter_warp	205	c
rock_34	0x800FCF1C	func_800FCF1C	15	6d5cbe2977a0458aae5ce636a33413369a570006	src/main/items/item_11_teleporter.c	teleporter_warp	205	c
rock_34	0x800FD110	func_800FD110	15	6d5cbe2977a0458aae5ce636a33413369a570006	src/main/items/item_11_teleporter.c	teleporter_warp	205	c
rock_34	0x800FD42C	func_800FD42C	15	6d5cbe2977a0458aae5ce636a33413369a570006	src/main/items/item_11_teleporter.c	teleporter_warp	205	c
rock_34	0x800FD924	func_800FD924	11	ee72e949e43887a07c0fcf223ea11b8c9414a6a1	src/main/items/item_10_spark_machine.c	spark_machine_broken	20	c
rock_34	0x800FD950	func_800FD950	15	6d5cbe2977a0458aae5ce636a33413369a570006	src/main/items/item_11_teleporter.c	teleporter_warp	205	c
rock_34	0x800FDB28	func_800FDB28	2	7678540574197b420f17571673856a74783eb9d5	src/main/10CA4.c	func_800204A4	93	c-empty
rock_34	0x800FDFE0	func_800FDFE0	12	3d82c3af21bbb95d722f3fba2cb6c1f7823838ca	src/main/mains/main_65_magma_dragoon.c	magma_dragoon_face_player	1	include_asm
rock_34	0x800FE050	func_800FE050	19	092b78e20e4a8e3dd6f0100e81da3d0b6b44ca35	src/main/items/item_00_breakable_wall.c	breakable_wall_update	28	include_asm
rock_34	0x800FE09C	func_800FE09C	8	7f693e46b2295478282394980377f04c2f3d08dc	src/main/10CA4.c	func_800204AC	190	c
rock_34	0x800FE0BC	func_800FE0BC	15	6d5cbe2977a0458aae5ce636a33413369a570006	src/main/items/item_11_teleporter.c	teleporter_warp	205	c
rock_34	0x800FE0F8	func_800FE0F8	8	7f693e46b2295478282394980377f04c2f3d08dc	src/main/10CA4.c	func_800204AC	190	c
rock_34	0x800FE118	func_800FE118	15	6d5cbe2977a0458aae5ce636a33413369a570006	src/main/items/item_11_teleporter.c	teleporter_warp	205	c
rock_34	0x800FE1E8	func_800FE1E8	15	6d5cbe2977a0458aae5ce636a33413369a570006	src/main/items/item_11_teleporter.c	teleporter_warp	205	c
rock_34	0x800FE478	func_800FE478	8	7f693e46b2295478282394980377f04c2f3d08dc	src/main/10CA4.c	func_800204AC	190	c
rock_34	0x800FE4F4	func_800FE4F4	15	aad97fb234fe33354651730a18c7d90621ac4e6a	src/main/144A4.c	func_80023CA4	207	c
rock_35	0x800FCAD0	func_800FCAD0	23	3841861bc21ec5a06e7fe26f058b170fac036262	src/main/items/item_08_boss_door.c	boss_door_update	5	include_asm
rock_35	0x800FCC20	func_800FCC20	15	6d5cbe2977a0458aae5ce636a33413369a570006	src/main/items/item_11_teleporter.c	teleporter_warp	205	c
rock_35	0x800FCF9C	func_800FCF9C	15	6d5cbe2977a0458aae5ce636a33413369a570006	src/main/items/item_11_teleporter.c	teleporter_warp	205	c
rock_35	0x800FD210	func_800FD210	15	6d5cbe2977a0458aae5ce636a33413369a570006	src/main/items/item_11_teleporter.c	teleporter_warp	205	c
rock_35	0x800FD3F8	func_800FD3F8	15	6d5cbe2977a0458aae5ce636a33413369a570006	src/main/items/item_11_teleporter.c	teleporter_warp	205	c
rock_35	0x800FD628	func_800FD628	15	6d5cbe2977a0458aae5ce636a33413369a570006	src/main/items/item_11_teleporter.c	teleporter_warp	205	c
rock_35	0x800FDA34	func_800FDA34	15	6d5cbe2977a0458aae5ce636a33413369a570006	src/main/items/item_11_teleporter.c	teleporter_warp	205	c
rock_35	0x800FDD54	func_800FDD54	15	6d5cbe2977a0458aae5ce636a33413369a570006	src/main/items/item_11_teleporter.c	teleporter_warp	205	c
rock_35	0x800FE158	func_800FE158	15	6d5cbe2977a0458aae5ce636a33413369a570006	src/main/items/item_11_teleporter.c	teleporter_warp	205	c
rock_35	0x800FE2C8	func_800FE2C8	2	7678540574197b420f17571673856a74783eb9d5	src/main/10CA4.c	func_800204A4	93	c-empty
rock_35	0x800FE2D0	func_800FE2D0	23	3841861bc21ec5a06e7fe26f058b170fac036262	src/main/items/item_08_boss_door.c	boss_door_update	5	include_asm
rock_35	0x800FE64C	func_800FE64C	8	7f693e46b2295478282394980377f04c2f3d08dc	src/main/10CA4.c	func_800204AC	190	c
rock_36	0x800FC4E0	func_800FC4E0	23	3841861bc21ec5a06e7fe26f058b170fac036262	src/main/items/item_08_boss_door.c	boss_door_update	5	include_asm
rock_36	0x800FC53C	func_800FC53C	15	0d6e8e521f0380121f0695e97284a6903ad75c7c	src/main/effects/effect_09_bg_wind.c	bg_wind_main	41	c
rock_36	0x800FC610	func_800FC610	61	f2023113f31242d5558bca99b4cfb9fd7ad95758	src/main/mains/main_57_frost_walrus.c	frost_walrus_death_explode	1	include_asm
rock_36	0x800FC740	func_800FC740	15	6d5cbe2977a0458aae5ce636a33413369a570006	src/main/items/item_11_teleporter.c	teleporter_warp	205	c
rock_36	0x800FCB7C	func_800FCB7C	11	ee72e949e43887a07c0fcf223ea11b8c9414a6a1	src/main/items/item_10_spark_machine.c	spark_machine_broken	20	c
rock_36	0x800FCBA8	func_800FCBA8	15	6d5cbe2977a0458aae5ce636a33413369a570006	src/main/items/item_11_teleporter.c	teleporter_warp	205	c
rock_36	0x800FCD88	func_800FCD88	15	6d5cbe2977a0458aae5ce636a33413369a570006	src/main/items/item_11_teleporter.c	teleporter_warp	205	c
rock_36	0x800FCF74	func_800FCF74	15	6d5cbe2977a0458aae5ce636a33413369a570006	src/main/items/item_11_teleporter.c	teleporter_warp	205	c
rock_36	0x800FD1CC	func_800FD1CC	15	6d5cbe2977a0458aae5ce636a33413369a570006	src/main/items/item_11_teleporter.c	teleporter_warp	205	c
rock_36	0x800FD534	func_800FD534	15	6d5cbe2977a0458aae5ce636a33413369a570006	src/main/items/item_11_teleporter.c	teleporter_warp	205	c
rock_36	0x800FD86C	func_800FD86C	15	6d5cbe2977a0458aae5ce636a33413369a570006	src/main/items/item_11_teleporter.c	teleporter_warp	205	c
rock_36	0x800FDC20	func_800FDC20	15	6d5cbe2977a0458aae5ce636a33413369a570006	src/main/items/item_11_teleporter.c	teleporter_warp	205	c
rock_36	0x800FDF44	func_800FDF44	2	7678540574197b420f17571673856a74783eb9d5	src/main/10CA4.c	func_800204A4	93	c-empty
rock_36	0x800FDF4C	func_800FDF4C	15	6d5cbe2977a0458aae5ce636a33413369a570006	src/main/items/item_11_teleporter.c	teleporter_warp	205	c
rock_36	0x800FDFD8	func_800FDFD8	5	71839dba5adfae510f827704dccc949c6562ecd4	src/main/effects/effect_08_bg_zone_controller.c	bg_zone_controller_zone_1_enter	12	c
rock_36	0x800FE22C	func_800FE22C	15	6d5cbe2977a0458aae5ce636a33413369a570006	src/main/items/item_11_teleporter.c	teleporter_warp	205	c
rock_36	0x800FE5C8	func_800FE5C8	15	6d5cbe2977a0458aae5ce636a33413369a570006	src/main/items/item_11_teleporter.c	teleporter_warp	205	c
rock_36	0x800FF0F8	func_800FF0F8	12	3d82c3af21bbb95d722f3fba2cb6c1f7823838ca	src/main/mains/main_65_magma_dragoon.c	magma_dragoon_face_player	1	include_asm
rock_36	0x800FF348	func_800FF348	15	6d5cbe2977a0458aae5ce636a33413369a570006	src/main/items/item_11_teleporter.c	teleporter_warp	205	c
rock_36	0x800FF384	func_800FF384	8	7f693e46b2295478282394980377f04c2f3d08dc	src/main/10CA4.c	func_800204AC	190	c
rock_36	0x800FF3A4	func_800FF3A4	15	6d5cbe2977a0458aae5ce636a33413369a570006	src/main/items/item_11_teleporter.c	teleporter_warp	205	c
rock_36	0x800FF664	func_800FF664	15	6d5cbe2977a0458aae5ce636a33413369a570006	src/main/items/item_11_teleporter.c	teleporter_warp	205	c
rock_36	0x800FF774	func_800FF774	15	6d5cbe2977a0458aae5ce636a33413369a570006	src/main/items/item_11_teleporter.c	teleporter_warp	205	c
rock_36	0x800FF8D0	func_800FF8D0	15	6d5cbe2977a0458aae5ce636a33413369a570006	src/main/items/item_11_teleporter.c	teleporter_warp	205	c
rock_37	0x800FBCC8	func_800FBCC8	15	aad97fb234fe33354651730a18c7d90621ac4e6a	src/main/144A4.c	func_80023CA4	207	c
rock_37	0x800FBD04	func_800FBD04	15	0d6e8e521f0380121f0695e97284a6903ad75c7c	src/main/effects/effect_09_bg_wind.c	bg_wind_main	41	c
rock_37	0x800FBDBC	func_800FBDBC	61	df30c9a4d6e84dd6872fe36a56130e5e2a3ecfe0	src/main/mains/main_54_slash_beast.c	slash_beast_death_blink	1	include_asm
rock_37	0x800FC054	func_800FC054	2	7678540574197b420f17571673856a74783eb9d5	src/main/10CA4.c	func_800204A4	93	c-empty
rock_37	0x800FC05C	func_800FC05C	2	7678540574197b420f17571673856a74783eb9d5	src/main/10CA4.c	func_800204A4	93	c-empty
rock_37	0x800FC064	func_800FC064	15	6d5cbe2977a0458aae5ce636a33413369a570006	src/main/items/item_11_teleporter.c	teleporter_warp	205	c
rock_37	0x800FC6C8	func_800FC6C8	15	6d5cbe2977a0458aae5ce636a33413369a570006	src/main/items/item_11_teleporter.c	teleporter_warp	205	c
rock_37	0x800FCA64	func_800FCA64	2	7678540574197b420f17571673856a74783eb9d5	src/main/10CA4.c	func_800204A4	93	c-empty
rock_37	0x800FCA6C	func_800FCA6C	2	7678540574197b420f17571673856a74783eb9d5	src/main/10CA4.c	func_800204A4	93	c-empty
rock_37	0x800FCA74	func_800FCA74	2	7678540574197b420f17571673856a74783eb9d5	src/main/10CA4.c	func_800204A4	93	c-empty
rock_37	0x800FCA7C	func_800FCA7C	15	6d5cbe2977a0458aae5ce636a33413369a570006	src/main/items/item_11_teleporter.c	teleporter_warp	205	c
rock_37	0x800FCDDC	func_800FCDDC	2	7678540574197b420f17571673856a74783eb9d5	src/main/10CA4.c	func_800204A4	93	c-empty
rock_37	0x800FCDE4	func_800FCDE4	15	6d5cbe2977a0458aae5ce636a33413369a570006	src/main/items/item_11_teleporter.c	teleporter_warp	205	c
rock_37	0x800FCF6C	func_800FCF6C	8	7f693e46b2295478282394980377f04c2f3d08dc	src/main/10CA4.c	func_800204AC	190	c
rock_37	0x800FD310	func_800FD310	12	d7798d86256f0afdabaae73146d796ab6b1bcb4c	src/main/mains/main_13_heavy_mech.c	heavy_mech_face_player	15	include_asm
rock_37	0x800FD340	func_800FD340	4	661663f17153055cf7760036e4092903fd7741f1	src/main/effects/effect_19_bg_zone_controller_c.c	bg_zone_controller_c_zone_0_done	16	c
rock_37	0x800FD350	func_800FD350	19	092b78e20e4a8e3dd6f0100e81da3d0b6b44ca35	src/main/items/item_00_breakable_wall.c	breakable_wall_update	28	include_asm
rock_37	0x800FD39C	func_800FD39C	8	7f693e46b2295478282394980377f04c2f3d08dc	src/main/10CA4.c	func_800204AC	190	c
rock_37	0x800FD448	func_800FD448	15	6d5cbe2977a0458aae5ce636a33413369a570006	src/main/items/item_11_teleporter.c	teleporter_warp	205	c
rock_37	0x800FD52C	func_800FD52C	15	6d5cbe2977a0458aae5ce636a33413369a570006	src/main/items/item_11_teleporter.c	teleporter_warp	205	c
rock_37	0x800FD5E8	func_800FD5E8	15	6d5cbe2977a0458aae5ce636a33413369a570006	src/main/items/item_11_teleporter.c	teleporter_warp	205	c
rock_38	0x800FCABC	func_800FCABC	2	7678540574197b420f17571673856a74783eb9d5	src/main/10CA4.c	func_800204A4	93	c-empty
rock_38	0x800FCAC4	func_800FCAC4	15	6d5cbe2977a0458aae5ce636a33413369a570006	src/main/items/item_11_teleporter.c	teleporter_warp	205	c
rock_38	0x800FD020	func_800FD020	2	7678540574197b420f17571673856a74783eb9d5	src/main/10CA4.c	func_800204A4	93	c-empty
rock_38	0x800FE32C	func_800FE32C	15	0d6e8e521f0380121f0695e97284a6903ad75c7c	src/main/effects/effect_09_bg_wind.c	bg_wind_main	41	c
rock_38	0x800FE5C4	func_800FE5C4	8	7f693e46b2295478282394980377f04c2f3d08dc	src/main/10CA4.c	func_800204AC	190	c
rock_38	0x800FE5E4	func_800FE5E4	8	7f693e46b2295478282394980377f04c2f3d08dc	src/main/10CA4.c	func_800204AC	190	c
rock_38	0x800FE6AC	func_800FE6AC	8	7f693e46b2295478282394980377f04c2f3d08dc	src/main/10CA4.c	func_800204AC	190	c
rock_38	0x800FE74C	func_800FE74C	8	7f693e46b2295478282394980377f04c2f3d08dc	src/main/10CA4.c	func_800204AC	190	c
rock_38	0x800FE76C	func_800FE76C	8	7f693e46b2295478282394980377f04c2f3d08dc	src/main/10CA4.c	func_800204AC	190	c
rock_38	0x800FE80C	func_800FE80C	8	7f693e46b2295478282394980377f04c2f3d08dc	src/main/10CA4.c	func_800204AC	190	c
rock_39	0x800FD4D4	func_800FD4D4	15	0d6e8e521f0380121f0695e97284a6903ad75c7c	src/main/effects/effect_09_bg_wind.c	bg_wind_main	41	c
rock_39	0x800FD59C	func_800FD59C	61	f2023113f31242d5558bca99b4cfb9fd7ad95758	src/main/mains/main_57_frost_walrus.c	frost_walrus_death_explode	1	include_asm
rock_39	0x800FD918	func_800FD918	8	7f693e46b2295478282394980377f04c2f3d08dc	src/main/10CA4.c	func_800204AC	190	c
rock_39	0x800FD938	func_800FD938	15	6d5cbe2977a0458aae5ce636a33413369a570006	src/main/items/item_11_teleporter.c	teleporter_warp	205	c
rock_39	0x800FDC7C	func_800FDC7C	15	6d5cbe2977a0458aae5ce636a33413369a570006	src/main/items/item_11_teleporter.c	teleporter_warp	205	c
rock_39	0x800FDF34	func_800FDF34	15	6d5cbe2977a0458aae5ce636a33413369a570006	src/main/items/item_11_teleporter.c	teleporter_warp	205	c
rock_39	0x800FE42C	func_800FE42C	15	6d5cbe2977a0458aae5ce636a33413369a570006	src/main/items/item_11_teleporter.c	teleporter_warp	205	c
rock_39	0x800FE6C4	func_800FE6C4	8	7f693e46b2295478282394980377f04c2f3d08dc	src/main/10CA4.c	func_800204AC	190	c
rock_39	0x800FE6E4	func_800FE6E4	15	6d5cbe2977a0458aae5ce636a33413369a570006	src/main/items/item_11_teleporter.c	teleporter_warp	205	c
rock_39	0x800FEC74	func_800FEC74	15	6d5cbe2977a0458aae5ce636a33413369a570006	src/main/items/item_11_teleporter.c	teleporter_warp	205	c
rock_39	0x800FEFF8	func_800FEFF8	15	6d5cbe2977a0458aae5ce636a33413369a570006	src/main/items/item_11_teleporter.c	teleporter_warp	205	c
rock_39	0x800FF388	func_800FF388	11	ee72e949e43887a07c0fcf223ea11b8c9414a6a1	src/main/items/item_10_spark_machine.c	spark_machine_broken	20	c
rock_39	0x800FF3B4	func_800FF3B4	15	6d5cbe2977a0458aae5ce636a33413369a570006	src/main/items/item_11_teleporter.c	teleporter_warp	205	c
rock_39	0x800FF5A4	func_800FF5A4	8	7f693e46b2295478282394980377f04c2f3d08dc	src/main/10CA4.c	func_800204AC	190	c
rock_39	0x800FF9AC	func_800FF9AC	12	d7798d86256f0afdabaae73146d796ab6b1bcb4c	src/main/mains/main_13_heavy_mech.c	heavy_mech_face_player	15	include_asm
rock_39	0x800FF9DC	func_800FF9DC	2	7678540574197b420f17571673856a74783eb9d5	src/main/10CA4.c	func_800204A4	93	c-empty
rock_39	0x800FFB8C	func_800FFB8C	19	092b78e20e4a8e3dd6f0100e81da3d0b6b44ca35	src/main/items/item_00_breakable_wall.c	breakable_wall_update	28	include_asm
rock_39	0x800FFC74	func_800FFC74	8	7f693e46b2295478282394980377f04c2f3d08dc	src/main/10CA4.c	func_800204AC	190	c
rock_39	0x800FFC94	func_800FFC94	15	6d5cbe2977a0458aae5ce636a33413369a570006	src/main/items/item_11_teleporter.c	teleporter_warp	205	c
rock_39	0x800FFEE8	func_800FFEE8	15	6d5cbe2977a0458aae5ce636a33413369a570006	src/main/items/item_11_teleporter.c	teleporter_warp	205	c
rock_39	0x800FFFD4	func_800FFFD4	15	6d5cbe2977a0458aae5ce636a33413369a570006	src/main/items/item_11_teleporter.c	teleporter_warp	205	c
rock_39	0x801001C4	func_801001C4	8	7f693e46b2295478282394980377f04c2f3d08dc	src/main/10CA4.c	func_800204AC	190	c
rock_39	0x801001E4	func_801001E4	2	7678540574197b420f17571673856a74783eb9d5	src/main/10CA4.c	func_800204A4	93	c-empty
rock_39	0x80100340	func_80100340	8	7f693e46b2295478282394980377f04c2f3d08dc	src/main/10CA4.c	func_800204AC	190	c
rock_39	0x8010046C	func_8010046C	15	aad97fb234fe33354651730a18c7d90621ac4e6a	src/main/144A4.c	func_80023CA4	207	c
rock_40	0x800FC3D4	func_800FC3D4	15	0d6e8e521f0380121f0695e97284a6903ad75c7c	src/main/effects/effect_09_bg_wind.c	bg_wind_main	41	c
rock_40	0x800FCBC8	func_800FCBC8	15	6d5cbe2977a0458aae5ce636a33413369a570006	src/main/items/item_11_teleporter.c	teleporter_warp	205	c
rock_40	0x800FCCC4	func_800FCCC4	15	6d5cbe2977a0458aae5ce636a33413369a570006	src/main/items/item_11_teleporter.c	teleporter_warp	205	c
rock_40	0x800FCED8	func_800FCED8	15	6d5cbe2977a0458aae5ce636a33413369a570006	src/main/items/item_11_teleporter.c	teleporter_warp	205	c
rock_40	0x800FD204	func_800FD204	15	6d5cbe2977a0458aae5ce636a33413369a570006	src/main/items/item_11_teleporter.c	teleporter_warp	205	c
rock_40	0x800FD2BC	func_800FD2BC	15	6d5cbe2977a0458aae5ce636a33413369a570006	src/main/items/item_11_teleporter.c	teleporter_warp	205	c
rock_40	0x800FD4A4	func_800FD4A4	15	6d5cbe2977a0458aae5ce636a33413369a570006	src/main/items/item_11_teleporter.c	teleporter_warp	205	c
rock_40	0x800FD7CC	func_800FD7CC	15	6d5cbe2977a0458aae5ce636a33413369a570006	src/main/items/item_11_teleporter.c	teleporter_warp	205	c
rock_40	0x800FD9CC	func_800FD9CC	15	6d5cbe2977a0458aae5ce636a33413369a570006	src/main/items/item_11_teleporter.c	teleporter_warp	205	c
rock_40	0x800FDAB4	func_800FDAB4	15	6d5cbe2977a0458aae5ce636a33413369a570006	src/main/items/item_11_teleporter.c	teleporter_warp	205	c
rock_40	0x800FDD90	func_800FDD90	15	6d5cbe2977a0458aae5ce636a33413369a570006	src/main/items/item_11_teleporter.c	teleporter_warp	205	c
rock_40	0x800FDE3C	func_800FDE3C	5	71839dba5adfae510f827704dccc949c6562ecd4	src/main/effects/effect_08_bg_zone_controller.c	bg_zone_controller_zone_1_enter	12	c
rock_40	0x800FDE50	func_800FDE50	5	71839dba5adfae510f827704dccc949c6562ecd4	src/main/effects/effect_08_bg_zone_controller.c	bg_zone_controller_zone_1_enter	12	c
rock_40	0x800FDE78	func_800FDE78	8	7f693e46b2295478282394980377f04c2f3d08dc	src/main/10CA4.c	func_800204AC	190	c
rock_40	0x800FDE98	func_800FDE98	15	6d5cbe2977a0458aae5ce636a33413369a570006	src/main/items/item_11_teleporter.c	teleporter_warp	205	c
rock_40	0x800FE1B0	func_800FE1B0	11	ee72e949e43887a07c0fcf223ea11b8c9414a6a1	src/main/items/item_10_spark_machine.c	spark_machine_broken	20	c
rock_40	0x800FE1DC	func_800FE1DC	15	6d5cbe2977a0458aae5ce636a33413369a570006	src/main/items/item_11_teleporter.c	teleporter_warp	205	c
rock_40	0x800FE2F4	func_800FE2F4	2	7678540574197b420f17571673856a74783eb9d5	src/main/10CA4.c	func_800204A4	93	c-empty
rock_40	0x800FE9F4	func_800FE9F4	12	3d82c3af21bbb95d722f3fba2cb6c1f7823838ca	src/main/mains/main_65_magma_dragoon.c	magma_dragoon_face_player	1	include_asm
rock_40	0x800FED58	func_800FED58	15	6d5cbe2977a0458aae5ce636a33413369a570006	src/main/items/item_11_teleporter.c	teleporter_warp	205	c
rock_40	0x800FEF10	func_800FEF10	15	6d5cbe2977a0458aae5ce636a33413369a570006	src/main/items/item_11_teleporter.c	teleporter_warp	205	c
rock_40	0x800FF028	func_800FF028	15	6d5cbe2977a0458aae5ce636a33413369a570006	src/main/items/item_11_teleporter.c	teleporter_warp	205	c
rock_40	0x800FF140	func_800FF140	15	6d5cbe2977a0458aae5ce636a33413369a570006	src/main/items/item_11_teleporter.c	teleporter_warp	205	c
rock_40	0x800FF204	func_800FF204	8	7f693e46b2295478282394980377f04c2f3d08dc	src/main/10CA4.c	func_800204AC	190	c
rock_40	0x800FF2BC	func_800FF2BC	8	7f693e46b2295478282394980377f04c2f3d08dc	src/main/10CA4.c	func_800204AC	190	c
rock_40	0x800FF4C0	func_800FF4C0	15	6d5cbe2977a0458aae5ce636a33413369a570006	src/main/items/item_11_teleporter.c	teleporter_warp	205	c
rock_43	0x800FC188	func_800FC188	2	7678540574197b420f17571673856a74783eb9d5	src/main/10CA4.c	func_800204A4	93	c-empty
rock_43	0x800FC190	func_800FC190	15	6d5cbe2977a0458aae5ce636a33413369a570006	src/main/items/item_11_teleporter.c	teleporter_warp	205	c
rock_43	0x800FC500	func_800FC500	2	7678540574197b420f17571673856a74783eb9d5	src/main/10CA4.c	func_800204A4	93	c-empty
rock_43	0x800FC508	func_800FC508	15	6d5cbe2977a0458aae5ce636a33413369a570006	src/main/items/item_11_teleporter.c	teleporter_warp	205	c
rock_43	0x800FC800	func_800FC800	15	6d5cbe2977a0458aae5ce636a33413369a570006	src/main/items/item_11_teleporter.c	teleporter_warp	205	c
rock_43	0x800FCC18	func_800FCC18	15	6d5cbe2977a0458aae5ce636a33413369a570006	src/main/items/item_11_teleporter.c	teleporter_warp	205	c
rock_43	0x800FD264	func_800FD264	15	6d5cbe2977a0458aae5ce636a33413369a570006	src/main/items/item_11_teleporter.c	teleporter_warp	205	c
rock_43	0x800FD3EC	func_800FD3EC	15	0d6e8e521f0380121f0695e97284a6903ad75c7c	src/main/effects/effect_09_bg_wind.c	bg_wind_main	41	c
rock_43	0x800FD6F0	func_800FD6F0	8	7f693e46b2295478282394980377f04c2f3d08dc	src/main/10CA4.c	func_800204AC	190	c
rock_43	0x800FD710	func_800FD710	8	7f693e46b2295478282394980377f04c2f3d08dc	src/main/10CA4.c	func_800204AC	190	c
rock_43	0x800FD7C4	func_800FD7C4	8	7f693e46b2295478282394980377f04c2f3d08dc	src/main/10CA4.c	func_800204AC	190	c
rock_43	0x800FD8D4	func_800FD8D4	8	7f693e46b2295478282394980377f04c2f3d08dc	src/main/10CA4.c	func_800204AC	190	c
rock_43	0x800FD8F4	func_800FD8F4	8	7f693e46b2295478282394980377f04c2f3d08dc	src/main/10CA4.c	func_800204AC	190	c
rock_43	0x800FDA6C	func_800FDA6C	8	7f693e46b2295478282394980377f04c2f3d08dc	src/main/10CA4.c	func_800204AC	190	c
rock_43	0x800FDA8C	func_800FDA8C	8	7f693e46b2295478282394980377f04c2f3d08dc	src/main/10CA4.c	func_800204AC	190	c
rock_43	0x800FDB44	func_800FDB44	8	7f693e46b2295478282394980377f04c2f3d08dc	src/main/10CA4.c	func_800204AC	190	c
rock_44	0x800FDA98	func_800FDA98	23	3841861bc21ec5a06e7fe26f058b170fac036262	src/main/items/item_08_boss_door.c	boss_door_update	5	include_asm
rock_44	0x800FDAF4	func_800FDAF4	15	0d6e8e521f0380121f0695e97284a6903ad75c7c	src/main/effects/effect_09_bg_wind.c	bg_wind_main	41	c
rock_44	0x800FDCA8	func_800FDCA8	15	6d5cbe2977a0458aae5ce636a33413369a570006	src/main/items/item_11_teleporter.c	teleporter_warp	205	c
rock_44	0x800FDCE4	func_800FDCE4	5	71839dba5adfae510f827704dccc949c6562ecd4	src/main/effects/effect_08_bg_zone_controller.c	bg_zone_controller_zone_1_enter	12	c
rock_44	0x800FE15C	func_800FE15C	15	6d5cbe2977a0458aae5ce636a33413369a570006	src/main/items/item_11_teleporter.c	teleporter_warp	205	c
rock_44	0x800FE4E8	func_800FE4E8	15	6d5cbe2977a0458aae5ce636a33413369a570006	src/main/items/item_11_teleporter.c	teleporter_warp	205	c
rock_44	0x800FE5EC	func_800FE5EC	15	6d5cbe2977a0458aae5ce636a33413369a570006	src/main/items/item_11_teleporter.c	teleporter_warp	205	c
rock_44	0x800FE6FC	func_800FE6FC	15	6d5cbe2977a0458aae5ce636a33413369a570006	src/main/items/item_11_teleporter.c	teleporter_warp	205	c
rock_44	0x800FEA18	func_800FEA18	15	6d5cbe2977a0458aae5ce636a33413369a570006	src/main/items/item_11_teleporter.c	teleporter_warp	205	c
rock_44	0x800FEDE8	func_800FEDE8	15	6d5cbe2977a0458aae5ce636a33413369a570006	src/main/items/item_11_teleporter.c	teleporter_warp	205	c
rock_44	0x800FEF04	func_800FEF04	15	6d5cbe2977a0458aae5ce636a33413369a570006	src/main/items/item_11_teleporter.c	teleporter_warp	205	c
rock_44	0x800FF508	func_800FF508	15	6d5cbe2977a0458aae5ce636a33413369a570006	src/main/items/item_11_teleporter.c	teleporter_warp	205	c
rock_44	0x800FF99C	func_800FF99C	15	6d5cbe2977a0458aae5ce636a33413369a570006	src/main/items/item_11_teleporter.c	teleporter_warp	205	c
rock_44	0x800FFB64	func_800FFB64	15	6d5cbe2977a0458aae5ce636a33413369a570006	src/main/items/item_11_teleporter.c	teleporter_warp	205	c
rock_44	0x800FFE5C	func_800FFE5C	15	6d5cbe2977a0458aae5ce636a33413369a570006	src/main/items/item_11_teleporter.c	teleporter_warp	205	c
rock_44	0x801000A4	func_801000A4	15	6d5cbe2977a0458aae5ce636a33413369a570006	src/main/items/item_11_teleporter.c	teleporter_warp	205	c
rock_44	0x80100418	func_80100418	15	6d5cbe2977a0458aae5ce636a33413369a570006	src/main/items/item_11_teleporter.c	teleporter_warp	205	c
rock_44	0x801007E8	func_801007E8	15	6d5cbe2977a0458aae5ce636a33413369a570006	src/main/items/item_11_teleporter.c	teleporter_warp	205	c
rock_44	0x80100C58	func_80100C58	2	7678540574197b420f17571673856a74783eb9d5	src/main/10CA4.c	func_800204A4	93	c-empty
rock_44	0x80100C60	func_80100C60	23	3841861bc21ec5a06e7fe26f058b170fac036262	src/main/items/item_08_boss_door.c	boss_door_update	5	include_asm
rock_44	0x8010129C	func_8010129C	15	6d5cbe2977a0458aae5ce636a33413369a570006	src/main/items/item_11_teleporter.c	teleporter_warp	205	c
rock_44	0x8010146C	func_8010146C	8	7f693e46b2295478282394980377f04c2f3d08dc	src/main/10CA4.c	func_800204AC	190	c
rock_44	0x8010148C	func_8010148C	15	6d5cbe2977a0458aae5ce636a33413369a570006	src/main/items/item_11_teleporter.c	teleporter_warp	205	c
rock_45	0x800FB274	func_800FB274	2	7678540574197b420f17571673856a74783eb9d5	src/main/10CA4.c	func_800204A4	93	c-empty
rock_45	0x800FB27C	func_800FB27C	15	6d5cbe2977a0458aae5ce636a33413369a570006	src/main/items/item_11_teleporter.c	teleporter_warp	205	c
rock_45	0x800FBCF8	func_800FBCF8	21	98a46ba8d11d44fdbaf28711d823599218357dcb	src/main/mains/main_65_magma_dragoon.c	magma_dragoon_breath	13	include_asm
rock_45	0x800FC3C0	func_800FC3C0	15	0d6e8e521f0380121f0695e97284a6903ad75c7c	src/main/effects/effect_09_bg_wind.c	bg_wind_main	41	c
rock_45	0x800FCA64	func_800FCA64	8	7f693e46b2295478282394980377f04c2f3d08dc	src/main/10CA4.c	func_800204AC	190	c
