SLUS_013.95	0x800120A0	func_800120A0	unique	37/129	m2c	undrawn
SLUS_013.95	0x800122A4	func_800122A4	unique	nocompile	m2c	undrawn
SLUS_013.95	0x800123D0	func_800123D0	unique	nocompile	m2c	undrawn
SLUS_013.95	0x80012658	func_80012658	unique	9/142	m2c	undrawn
SLUS_013.95	0x80012890	func_80012890	unique	52/105	m2c	undrawn
SLUS_013.95	0x80012A34	func_80012A34	unique	nocompile	m2c	undrawn
SLUS_013.95	0x80012C54	func_80012C54	unique	15/82	m2c	undrawn
SLUS_013.95	0x80012D9C	func_80012D9C	unique	3/70	m2c	undrawn
SLUS_013.95	0x80012EB4	func_80012EB4	unique	0/59	m2c	undrawn
SLUS_013.95	0x80012FE4	func_80012FE4	unique	9/9	m2c	plumbing:R2
SLUS_013.95	0x80013064	func_80013064	unique	3/49	m2c	undrawn
SLUS_013.95	0x80013128	func_80013128	unique	0/33	m2c	undrawn
SLUS_013.95	0x800131AC	func_800131AC	unique	7/85	m2c	undrawn
SLUS_013.95	0x80013300	func_80013300	unique	nocompile	m2c	undrawn
SLUS_013.95	0x80013360	func_80013360	unique	16/16	m2c	plumbing:R3
SLUS_013.95	0x800133A0	func_800133A0	x4	21/21	m2c	plumbing:R2
SLUS_013.95	0x800133F4	func_800133F4	unique	nocompile	m2c	undrawn
SLUS_013.95	0x8001344C	func_8001344C	x4	2/13	m2c	undrawn
SLUS_013.95	0x80013480	func_80013480	x4	nocompile	m2c	undrawn
SLUS_013.95	0x800134A4	func_800134A4	x4	nocompile	m2c	member-of:SLUS_013.95:0x80013480
SLUS_013.95	0x800134D8	func_800134D8	unique	nocompile	m2c	undrawn
SLUS_013.95	0x80013530	func_80013530	unique	3/284	m2c	undrawn
SLUS_013.95	0x800139A0	func_800139A0	family:7acf9f6c4f8e10efc58ce4a3fc44b1d56d719ab8	2/21	m2c	undrawn
SLUS_013.95	0x800139F4	func_800139F4	family:7acf9f6c4f8e10efc58ce4a3fc44b1d56d719ab8	2/21	m2c	member-of:SLUS_013.95:0x800139A0
SLUS_013.95	0x80013AE0	func_80013AE0	unique	nocompile	m2c	undrawn
SLUS_013.95	0x80013B04	func_80013B04	unique	0/6	m2c	undrawn
SLUS_013.95	0x80013B20	func_80013B20	unique	nocompile	m2c	undrawn
SLUS_013.95	0x80013B40	func_80013B40	unique	nocompile	m2c	undrawn
SLUS_013.95	0x80013B78	func_80013B78	unique	nocompile	m2c	undrawn
SLUS_013.95	0x80013BD0	func_80013BD0	unique	nocompile	m2c	undrawn
SLUS_013.95	0x80013BE4	func_80013BE4	unique	0/3	m2c	undrawn
SLUS_013.95	0x80013BF0	func_80013BF0	unique	6/72	m2c	undrawn
SLUS_013.95	0x80013D10	func_80013D10	unique	5/54	m2c	undrawn
SLUS_013.95	0x80013DE8	func_80013DE8	unique	nocompile	m2c	undrawn
SLUS_013.95	0x800144DC	func_800144DC	unique	nocompile	m2c	undrawn
SLUS_013.95	0x8001466C	func_8001466C	unique	4/34	m2c	undrawn
SLUS_013.95	0x800146F4	func_800146F4	unique	10/55	m2c	undrawn
SLUS_013.95	0x800147D0	func_800147D0	unique	nocompile	m2c	undrawn
SLUS_013.95	0x8001494C	func_8001494C	unique	0/139	m2c	undrawn
SLUS_013.95	0x80014B78	func_80014B78	unique	30/118	m2c	undrawn
SLUS_013.95	0x80014D50	func_80014D50	x4	nocompile	m2c	undrawn
SLUS_013.95	0x80014E60	func_80014E60	unique	67/68	m2c	undrawn
SLUS_013.95	0x80014F70	func_80014F70	unique	nocompile	m2c	jtbl-uncarved
SLUS_013.95	0x80015230	func_80015230	unique	48/59	m2c	jtbl-uncarved
SLUS_013.95	0x8001531C	func_8001531C	unique	nocompile	m2c	undrawn
SLUS_013.95	0x80015630	func_80015630	unique	0/71	m2c	undrawn
SLUS_013.95	0x8001574C	func_8001574C	unique	nocompile	m2c	undrawn
SLUS_013.95	0x80015A0C	func_80015A0C	unique	24/148	m2c	undrawn
SLUS_013.95	0x80015C5C	func_80015C5C	unique	nocompile	m2c	undrawn
SLUS_013.95	0x80015DA0	func_80015DA0	x4	1/72	m2c	undrawn
SLUS_013.95	0x80015EC0	func_80015EC0	unique	9/174	m2c	undrawn
SLUS_013.95	0x80016178	func_80016178	unique	22/139	m2c	undrawn
SLUS_013.95	0x800163A4	func_800163A4	unique	32/34	m2c	undrawn
SLUS_013.95	0x8001642C	func_8001642C	unique	0/60	m2c	undrawn
SLUS_013.95	0x80016548	func_80016548	unique	9/10	m2c	undrawn
SLUS_013.95	0x800165A4	func_800165A4	unique	22/58	m2c	undrawn
SLUS_013.95	0x8001668C	func_8001668C	x4	24/28	m2c	undrawn
SLUS_013.95	0x80016704	func_80016704	unique	1/31	m2c	undrawn
SLUS_013.95	0x80016780	func_80016780	unique	1/54	m2c	undrawn
SLUS_013.95	0x80016858	func_80016858	unique	0/62	m2c	undrawn
SLUS_013.95	0x80016950	func_80016950	unique	2/63	m2c	undrawn
SLUS_013.95	0x80016A4C	func_80016A4C	unique	13/60	m2c	undrawn
SLUS_013.95	0x80016B3C	func_80016B3C	unique	4/67	m2c	undrawn
SLUS_013.95	0x80016C48	func_80016C48	unique	3/59	m2c	undrawn
SLUS_013.95	0x80016D34	func_80016D34	unique	nocompile	m2c	undrawn
SLUS_013.95	0x80017008	func_80017008	unique	0/93	m2c	undrawn
SLUS_013.95	0x8001717C	func_8001717C	unique	nocompile	m2c	undrawn
SLUS_013.95	0x8001731C	func_8001731C	unique	8/91	m2c	undrawn
SLUS_013.95	0x800174D4	func_800174D4	x4	13/14	m2c	undrawn
SLUS_013.95	0x8001750C	func_8001750C	unique	13/57	m2c	undrawn
SLUS_013.95	0x800175F0	func_800175F0	unique	12/16	m2c	undrawn
SLUS_013.95	0x80017630	func_80017630	unique	nocompile	m2c	undrawn
SLUS_013.95	0x800179A4	func_800179A4	unique	nocompile	m2c	undrawn
SLUS_013.95	0x800179D0	func_800179D0	unique	nocompile	m2c	undrawn
SLUS_013.95	0x80017A04	func_80017A04	x4	3/17	m2c	undrawn
SLUS_013.95	0x80017A48	func_80017A48	x4	9/16	m2c	undrawn
SLUS_013.95	0x80017A88	func_80017A88	x4	4/31	m2c	undrawn
SLUS_013.95	0x80017B04	func_80017B04	unique	nocompile	m2c	undrawn
SLUS_013.95	0x80017C40	func_80017C40	unique	38/38	m2c	plumbing:R3
SLUS_013.95	0x80017CD8	func_80017CD8	unique	nocompile	m2c	undrawn
SLUS_013.95	0x80017E24	func_80017E24	family:79afb55d775d87298d85b4d443e9b154d5d9f71e	nocompile	m2c	undrawn
SLUS_013.95	0x80017E98	func_80017E98	unique	34/35	m2c	undrawn
SLUS_013.95	0x80017F24	func_80017F24	family:79afb55d775d87298d85b4d443e9b154d5d9f71e	nocompile	m2c	member-of:SLUS_013.95:0x80017E24
SLUS_013.95	0x80017F6C	func_80017F6C	unique	4/61	m2c	undrawn
SLUS_013.95	0x80018060	func_80018060	family:d51e62aaf57b6996c40626d62932b50338e21f01	nocompile	m2c	undrawn
SLUS_013.95	0x80018178	func_80018178	family:d51e62aaf57b6996c40626d62932b50338e21f01	nocompile	m2c	member-of:SLUS_013.95:0x80018060
SLUS_013.95	0x80018290	func_80018290	unique	nocompile	m2c	undrawn
SLUS_013.95	0x80018444	func_80018444	unique	20/33	m2c	undrawn
SLUS_013.95	0x800184F4	func_800184F4	x4	1/12	m2c	undrawn
SLUS_013.95	0x80018524	func_80018524	unique	0/10	m2c	member-of:SLUS_013.95:0x80049E50
SLUS_013.95	0x8001854C	func_8001854C	unique	1/26	m2c	undrawn
SLUS_013.95	0x800185B4	func_800185B4	unique	57/61	m2c	undrawn
SLUS_013.95	0x80018774	func_80018774	unique	11/11	m2c	plumbing:R2
SLUS_013.95	0x800187A0	func_800187A0	x4	31/31	m2c	plumbing:R2
SLUS_013.95	0x800189E4	func_800189E4	unique	22/43	m2c	undrawn
SLUS_013.95	0x80018B60	func_80018B60	x4	31/32	m2c	undrawn
SLUS_013.95	0x80018BE0	func_80018BE0	unique	nocompile	m2c	undrawn
SLUS_013.95	0x80018CBC	func_80018CBC	unique	3/183	m2c	undrawn
SLUS_013.95	0x80018F98	func_80018F98	unique	80/89	m2c	undrawn
SLUS_013.95	0x800190FC	func_800190FC	unique	0/116	m2c	undrawn
SLUS_013.95	0x800192CC	func_800192CC	unique	nocompile	m2c	undrawn
SLUS_013.95	0x800199E0	func_800199E0	unique	nocompile	m2c	undrawn
SLUS_013.95	0x80019C84	func_80019C84	unique	nocompile	m2c	undrawn
SLUS_013.95	0x8001A278	func_8001A278	unique	30/46	m2c	undrawn
SLUS_013.95	0x8001A330	func_8001A330	unique	nocompile	m2c	jtbl-uncarved
SLUS_013.95	0x8001A3D4	func_8001A3D4	unique	nocompile	m2c	undrawn
SLUS_013.95	0x8001A494	func_8001A494	unique	6/26	m2c	undrawn
SLUS_013.95	0x8001A4FC	func_8001A4FC	unique	1/29	m2c	undrawn
SLUS_013.95	0x8001A570	func_8001A570	unique	3/34	m2c	undrawn
SLUS_013.95	0x8001A604	func_8001A604	unique	19/28	m2c	undrawn
SLUS_013.95	0x8001A674	func_8001A674	unique	18/22	m2c	member-of:rock_10:0x800EC970
SLUS_013.95	0x8001A6CC	func_8001A6CC	unique	nocompile	m2c	undrawn
SLUS_013.95	0x8001A9B0	func_8001A9B0	unique	nocompile	m2c	undrawn
SLUS_013.95	0x8001ACC4	func_8001ACC4	unique	0/96	m2c	undrawn
SLUS_013.95	0x8001AE44	func_8001AE44	unique	21/208	m2c	undrawn
SLUS_013.95	0x8001B184	func_8001B184	unique	0/169	m2c	undrawn
SLUS_013.95	0x8001B428	func_8001B428	x4	27/62	m2c	undrawn
SLUS_013.95	0x8001B520	func_8001B520	unique	22/55	m2c	undrawn
SLUS_013.95	0x8001B5FC	func_8001B5FC	x4	50/53	m2c	undrawn
SLUS_013.95	0x8001B6D0	func_8001B6D0	x4	25/45	m2c	undrawn
SLUS_013.95	0x8001B784	func_8001B784	x4	3/9	m2c	undrawn
SLUS_013.95	0x8001B7A8	func_8001B7A8	unique	40/41	m2c	undrawn
SLUS_013.95	0x8001B84C	func_8001B84C	unique	6/45	m2c	undrawn
SLUS_013.95	0x8001B90C	func_8001B90C	x4	30/30	m2c	plumbing:R2
SLUS_013.95	0x8001B984	func_8001B984	unique	0/32	m2c	undrawn
SLUS_013.95	0x8001BA1C	func_8001BA1C	unique	nocompile	m2c	undrawn
SLUS_013.95	0x8001BD40	func_8001BD40	unique	nocompile	m2c	undrawn
SLUS_013.95	0x8001C1AC	func_8001C1AC	unique	nocompile	m2c	undrawn
SLUS_013.95	0x8001C384	func_8001C384	unique	2/79	m2c	undrawn
SLUS_013.95	0x8001C4C0	func_8001C4C0	unique	nocompile	m2c	undrawn
SLUS_013.95	0x8001C5EC	func_8001C5EC	dup:c86a15de2d6834003d51de364270755a2a4f0c5a	nocompile	m2c	undrawn
SLUS_013.95	0x8001C6C0	func_8001C6C0	x4	1/22	m2c	undrawn
SLUS_013.95	0x8001C718	func_8001C718	unique	65/67	m2c	undrawn
SLUS_013.95	0x8001C824	func_8001C824	x4	24/40	m2c	undrawn
SLUS_013.95	0x8001C8C4	func_8001C8C4	unique	3/29	m2c	undrawn
SLUS_013.95	0x8001C938	func_8001C938	dup:c86a15de2d6834003d51de364270755a2a4f0c5a	nocompile	m2c	member-of:SLUS_013.95:0x8001C5EC
SLUS_013.95	0x8001CAAC	func_8001CAAC	unique	3/36	m2c	undrawn
SLUS_013.95	0x8001CB3C	func_8001CB3C	unique	0/41	m2c	undrawn
SLUS_013.95	0x8001CC1C	func_8001CC1C	unique	nocompile	m2c	undrawn
SLUS_013.95	0x8001CD5C	func_8001CD5C	unique	13/67	m2c	undrawn
SLUS_013.95	0x8001CE68	func_8001CE68	unique	2/68	m2c	undrawn
SLUS_013.95	0x8001CF78	func_8001CF78	unique	45/91	m2c	undrawn
SLUS_013.95	0x8001D0E4	func_8001D0E4	unique	nocompile	m2c	undrawn
SLUS_013.95	0x8001D218	func_8001D218	x4	17/17	m2c	plumbing:R2
SLUS_013.95	0x8001D2CC	func_8001D2CC	unique	24/27	m2c	member-of:SLUS_013.95:0x8001DC04
SLUS_013.95	0x8001D338	func_8001D338	unique	20/34	m2c	undrawn
SLUS_013.95	0x8001D3C0	func_8001D3C0	unique	3/21	m2c	undrawn
SLUS_013.95	0x8001D460	func_8001D460	unique	22/47	m2c	undrawn
SLUS_013.95	0x8001D51C	func_8001D51C	unique	40/60	m2c	undrawn
SLUS_013.95	0x8001D60C	func_8001D60C	unique	4/51	m2c	undrawn
SLUS_013.95	0x8001D6D8	func_8001D6D8	unique	22/34	m2c	undrawn
SLUS_013.95	0x8001D760	func_8001D760	family:f127f342187e65a71fede33bcf47433f4a45a112	11/19	m2c	undrawn
SLUS_013.95	0x8001D7AC	func_8001D7AC	unique	nocompile	m2c	undrawn
SLUS_013.95	0x8001D8A0	func_8001D8A0	x4	5/19	m2c	undrawn
SLUS_013.95	0x8001D8EC	func_8001D8EC	x4	8/17	m2c	undrawn
SLUS_013.95	0x8001D930	func_8001D930	x4	12/39	m2c	undrawn
SLUS_013.95	0x8001D9CC	func_8001D9CC	dup:ffde10626a32f1d66176a682150de1412c4c33e3	13/21	m2c	member-of:SLUS_013.95:0x8001D760
SLUS_013.95	0x8001DA20	func_8001DA20	unique	23/54	m2c	undrawn
SLUS_013.95	0x8001DAF8	func_8001DAF8	unique	9/45	m2c	undrawn
SLUS_013.95	0x8001DC04	func_8001DC04	unique	23/26	m2c	undrawn
SLUS_013.95	0x8001DC6C	func_8001DC6C	unique	35/35	m2c	plumbing:R2
SLUS_013.95	0x8001DCF8	func_8001DCF8	unique	4/31	m2c	undrawn
SLUS_013.95	0x8001DD74	func_8001DD74	unique	2/15	m2c	member-of:rock_17:0x800E9D04
SLUS_013.95	0x8001DE10	func_8001DE10	unique	32/42	m2c	undrawn
SLUS_013.95	0x8001DEB8	func_8001DEB8	unique	15/41	m2c	undrawn
SLUS_013.95	0x8001DF5C	func_8001DF5C	family:49ab892cdc50aaf9ae4f052579f1a3fe339be672	7/21	m2c	member-of:rock_00:0x801F3640
SLUS_013.95	0x8001DFDC	func_8001DFDC	x4	15/18	m2c	undrawn
SLUS_013.95	0x8001E024	func_8001E024	dup:ff5c564d5260ae1492aa120510695f843264d630	17/25	m2c	member-of:SLUS_013.95:0x8001D760
SLUS_013.95	0x8001E088	func_8001E088	unique	1/77	m2c	undrawn
SLUS_013.95	0x8001E1BC	func_8001E1BC	unique	5/92	m2c	undrawn
SLUS_013.95	0x8001E32C	func_8001E32C	unique	34/238	m2c	undrawn
SLUS_013.95	0x8001E6E4	func_8001E6E4	unique	nocompile	m2c	undrawn
SLUS_013.95	0x8001E730	func_8001E730	unique	2/23	m2c	undrawn
SLUS_013.95	0x8001E7C0	func_8001E7C0	unique	0/23	m2c	undrawn
SLUS_013.95	0x8001E81C	func_8001E81C	unique	0/25	m2c	undrawn
SLUS_013.95	0x8001E914	func_8001E914	unique	nocompile	m2c	undrawn
SLUS_013.95	0x8001EA28	func_8001EA28	unique	42/72	m2c	undrawn
SLUS_013.95	0x8001EB48	func_8001EB48	unique	37/49	m2c	undrawn
SLUS_013.95	0x8001EC0C	func_8001EC0C	unique	5/13	m2c	undrawn
SLUS_013.95	0x8001EDDC	func_8001EDDC	unique	nocompile	m2c	undrawn
SLUS_013.95	0x8001EE7C	func_8001EE7C	unique	0/147	m2c	undrawn
SLUS_013.95	0x8001F0C8	func_8001F0C8	unique	5/64	m2c	undrawn
SLUS_013.95	0x8001F1C8	func_8001F1C8	unique	9/86	m2c	undrawn
SLUS_013.95	0x8001F320	func_8001F320	unique	15/160	m2c	member-of:SLUS_013.95:0x8001EE7C
SLUS_013.95	0x8001F5A0	func_8001F5A0	unique	3/47	m2c	undrawn
SLUS_013.95	0x8001F65C	func_8001F65C	unique	0/71	m2c	undrawn
SLUS_013.95	0x8001F778	func_8001F778	dup:a4907cd01b1018533f0efbf5d6711eabe8866c23	0/71	m2c	undrawn
SLUS_013.95	0x8001F894	func_8001F894	dup:a4907cd01b1018533f0efbf5d6711eabe8866c23	0/71	m2c	member-of:SLUS_013.95:0x8001F778
SLUS_013.95	0x8001F9B0	func_8001F9B0	unique	1/28	m2c	undrawn
SLUS_013.95	0x8001FA20	func_8001FA20	dup:a4907cd01b1018533f0efbf5d6711eabe8866c23	0/71	m2c	member-of:SLUS_013.95:0x8001F778
SLUS_013.95	0x8001FB3C	func_8001FB3C	dup:ffde10626a32f1d66176a682150de1412c4c33e3	13/21	m2c	member-of:SLUS_013.95:0x8001D760
SLUS_013.95	0x8001FB90	func_8001FB90	unique	95/96	m2c	undrawn
SLUS_013.95	0x8001FD10	func_8001FD10	unique	2/89	m2c	undrawn
SLUS_013.95	0x8001FE74	func_8001FE74	unique	nocompile	m2c	undrawn
SLUS_013.95	0x8001FFC0	func_8001FFC0	family:f127f342187e65a71fede33bcf47433f4a45a112	11/19	m2c	member-of:SLUS_013.95:0x8001D760
SLUS_013.95	0x8002000C	func_8002000C	family:093f9a591fe356877dd9de8ff7167b43eed0f687	nocompile	m2c	undrawn
SLUS_013.95	0x8002012C	func_8002012C	unique	nocompile	m2c	undrawn
SLUS_013.95	0x80020258	func_80020258	family:093f9a591fe356877dd9de8ff7167b43eed0f687	nocompile	m2c	member-of:SLUS_013.95:0x8002000C
SLUS_013.95	0x80020378	func_80020378	family:435d4324c98df18d29e7303ba3c0144e039741c8	nocompile	m2c	undrawn
SLUS_013.95	0x8002048C	func_8002048C	unique	nocompile	m2c	undrawn
SLUS_013.95	0x800205A0	func_800205A0	family:093f9a591fe356877dd9de8ff7167b43eed0f687	nocompile	m2c	member-of:SLUS_013.95:0x8002000C
SLUS_013.95	0x800206C0	func_800206C0	family:435d4324c98df18d29e7303ba3c0144e039741c8	nocompile	m2c	member-of:SLUS_013.95:0x80020378
SLUS_013.95	0x800207D4	func_800207D4	unique	nocompile	m2c	member-of:SLUS_013.95:0x8002048C
SLUS_013.95	0x800208EC	func_800208EC	x4	nocompile	m2c	undrawn
SLUS_013.95	0x80020A08	func_80020A08	x4	16/40	m2c	undrawn
SLUS_013.95	0x80020AA8	func_80020AA8	unique	nocompile	m2c	undrawn
SLUS_013.95	0x80020D18	func_80020D18	x4	3/23	m2c	undrawn
SLUS_013.95	0x80020D74	func_80020D74	unique	3/21	m2c	undrawn
SLUS_013.95	0x80020DC8	func_80020DC8	x4	4/21	m2c	undrawn
SLUS_013.95	0x80020E1C	func_80020E1C	unique	nocompile	m2c	undrawn
SLUS_013.95	0x80020F8C	func_80020F8C	family:201e0d8b07bd2a4ce6c6fff2acc489a377fbfa82	12/44	m2c	member-of:rock_15:0x800F5288
SLUS_013.95	0x8002103C	func_8002103C	family:0acafe50cc3326361dbb50e5bba1719254e7d6a4	13/43	m2c	member-of:rock_15:0x800F532C
SLUS_013.95	0x800210E8	func_800210E8	unique	nocompile	m2c	undrawn
SLUS_013.95	0x80021194	func_80021194	unique	26/29	m2c	undrawn
SLUS_013.95	0x80021254	func_80021254	x4	9/18	m2c	undrawn
SLUS_013.95	0x8002129C	func_8002129C	unique	2/28	m2c	undrawn
SLUS_013.95	0x8002132C	func_8002132C	x4	nocompile	m2c	undrawn
SLUS_013.95	0x80021380	func_80021380	x4	8/32	m2c	undrawn
SLUS_013.95	0x80021400	func_80021400	unique	0/13	m2c	undrawn
SLUS_013.95	0x80021434	func_80021434	unique	0/51	m2c	undrawn
SLUS_013.95	0x80021500	func_80021500	unique	nocompile	m2c	undrawn
SLUS_013.95	0x8002163C	func_8002163C	unique	0/22	m2c	undrawn
SLUS_013.95	0x80021694	func_80021694	unique	0/30	m2c	undrawn
SLUS_013.95	0x8002170C	func_8002170C	unique	nocompile	m2c	undrawn
SLUS_013.95	0x80021760	func_80021760	unique	nocompile	m2c	undrawn
SLUS_013.95	0x80021AF0	func_80021AF0	unique	nocompile	m2c	undrawn
SLUS_013.95	0x80021BF4	func_80021BF4	unique	nocompile	m2c	jtbl-uncarved
SLUS_013.95	0x8002234C	func_8002234C	unique	0/315	m2c	undrawn
SLUS_013.95	0x80022838	func_80022838	unique	5/29	m2c	undrawn
SLUS_013.95	0x800228AC	func_800228AC	unique	2/31	m2c	undrawn
SLUS_013.95	0x80022928	func_80022928	unique	14/14	m2c	plumbing:R3
SLUS_013.95	0x80022960	func_80022960	unique	12/313	m2c	undrawn
SLUS_013.95	0x80022E44	func_80022E44	x4	0/54	m2c	undrawn
SLUS_013.95	0x80022F1C	func_80022F1C	unique	nocompile	m2c	undrawn
SLUS_013.95	0x800232D4	func_800232D4	unique	nocompile	m2c	undrawn
SLUS_013.95	0x800239CC	func_800239CC	unique	nocompile	m2c	undrawn
SLUS_013.95	0x80023ED8	func_80023ED8	unique	nocompile	m2c	undrawn
SLUS_013.95	0x800241D4	func_800241D4	unique	nocompile	m2c	undrawn
SLUS_013.95	0x800244C0	func_800244C0	unique	38/125	m2c	undrawn
SLUS_013.95	0x800246B4	func_800246B4	unique	9/200	m2c	undrawn
SLUS_013.95	0x800249D4	func_800249D4	unique	nocompile	m2c	undrawn
SLUS_013.95	0x80024CC0	func_80024CC0	unique	nocompile	m2c	undrawn
SLUS_013.95	0x80024F90	func_80024F90	unique	21/174	m2c	undrawn
SLUS_013.95	0x80025248	func_80025248	unique	3/89	m2c	undrawn
SLUS_013.95	0x800253AC	func_800253AC	unique	nocompile	m2c	undrawn
SLUS_013.95	0x80025984	func_80025984	unique	nocompile	m2c	undrawn
SLUS_013.95	0x80025E1C	func_80025E1C	unique	3/70	m2c	undrawn
SLUS_013.95	0x80025F34	func_80025F34	x4	0/20	m2c	undrawn
SLUS_013.95	0x80025FD8	func_80025FD8	unique	4/20	m2c	undrawn
SLUS_013.95	0x80026028	func_80026028	unique	37/39	m2c	undrawn
SLUS_013.95	0x800260C4	func_800260C4	unique	15/25	m2c	undrawn
SLUS_013.95	0x80026128	func_80026128	x4	1/29	m2c	undrawn
SLUS_013.95	0x8002619C	func_8002619C	unique	24/26	m2c	undrawn
SLUS_013.95	0x80026204	func_80026204	unique	10/18	m2c	undrawn
SLUS_013.95	0x8002624C	func_8002624C	unique	33/40	m2c	undrawn
SLUS_013.95	0x800262EC	func_800262EC	unique	nocompile	m2c	undrawn
SLUS_013.95	0x8002649C	func_8002649C	unique	6/261	m2c	undrawn
SLUS_013.95	0x800268B0	func_800268B0	unique	14/81	m2c	undrawn
SLUS_013.95	0x800269F4	func_800269F4	unique	nocompile	m2c	undrawn
SLUS_013.95	0x80026D44	func_80026D44	unique	0/55	m2c	undrawn
SLUS_013.95	0x80026E20	func_80026E20	unique	5/43	m2c	undrawn
SLUS_013.95	0x80026ECC	func_80026ECC	unique	0/129	m2c	undrawn
SLUS_013.95	0x800270D0	func_800270D0	unique	nocompile	m2c	undrawn
SLUS_013.95	0x800273E4	func_800273E4	unique	41/47	m2c	undrawn
SLUS_013.95	0x800274A0	func_800274A0	unique	nocompile	m2c	undrawn
SLUS_013.95	0x80027780	func_80027780	unique	nocompile	m2c	undrawn
SLUS_013.95	0x8002798C	func_8002798C	unique	2/49	m2c	undrawn
SLUS_013.95	0x80027A50	func_80027A50	unique	21/22	m2c	undrawn
SLUS_013.95	0x80027AA8	func_80027AA8	dup:4318c4695d012918d853a622bc3cc83f849c6922	0/62	m2c	undrawn
SLUS_013.95	0x80027BA0	func_80027BA0	dup:4318c4695d012918d853a622bc3cc83f849c6922	0/62	m2c	member-of:SLUS_013.95:0x80027AA8
SLUS_013.95	0x80027C98	func_80027C98	unique	0/53	m2c	undrawn
SLUS_013.95	0x80027D6C	func_80027D6C	unique	nocompile	m2c	undrawn
SLUS_013.95	0x80027E84	func_80027E84	unique	nocompile	m2c	undrawn
SLUS_013.95	0x80027FA4	func_80027FA4	unique	nocompile	m2c	undrawn
SLUS_013.95	0x80028078	func_80028078	unique	nocompile	m2c	undrawn
SLUS_013.95	0x800280F4	func_800280F4	unique	3/70	m2c	undrawn
SLUS_013.95	0x8002820C	func_8002820C	unique	12/75	m2c	undrawn
SLUS_013.95	0x80028338	func_80028338	dup:49fdb7c3ee5bdaf1bb5955abb210bf0b1235ef26	0/69	m2c	undrawn
SLUS_013.95	0x8002844C	func_8002844C	family:890bb49073901eafc192dcf20ad7effffc2b1ccb	0/68	m2c	undrawn
SLUS_013.95	0x8002855C	func_8002855C	unique	0/81	m2c	undrawn
SLUS_013.95	0x800286A0	func_800286A0	dup:2c6861354e9c298cc6115108f980aec5f7369fd4	0/76	m2c	member-of:SLUS_013.95:0x8002844C
SLUS_013.95	0x800287D0	func_800287D0	dup:2f3293edcc48b5832a50e98b93b0a9bb7301a889	0/76	m2c	member-of:SLUS_013.95:0x8002844C
SLUS_013.95	0x80028900	func_80028900	dup:49fdb7c3ee5bdaf1bb5955abb210bf0b1235ef26	0/69	m2c	member-of:SLUS_013.95:0x80028338
SLUS_013.95	0x80028A14	func_80028A14	unique	2/78	m2c	member-of:SLUS_013.95:0x8002844C
SLUS_013.95	0x80028B4C	func_80028B4C	dup:2c6861354e9c298cc6115108f980aec5f7369fd4	0/76	m2c	member-of:SLUS_013.95:0x8002844C
SLUS_013.95	0x80028C7C	func_80028C7C	dup:2f3293edcc48b5832a50e98b93b0a9bb7301a889	0/76	m2c	member-of:SLUS_013.95:0x8002844C
SLUS_013.95	0x80028DAC	func_80028DAC	family:890bb49073901eafc192dcf20ad7effffc2b1ccb	0/68	m2c	member-of:SLUS_013.95:0x8002844C
SLUS_013.95	0x80028EBC	func_80028EBC	unique	5/240	m2c	undrawn
SLUS_013.95	0x8002927C	func_8002927C	unique	10/56	m2c	undrawn
SLUS_013.95	0x8002935C	func_8002935C	dup:6ee72b4673914a678c5912d22dec06ede1228271	1/28	m2c	undrawn
SLUS_013.95	0x800293CC	func_800293CC	dup:6ee72b4673914a678c5912d22dec06ede1228271	1/28	m2c	member-of:SLUS_013.95:0x8002935C
SLUS_013.95	0x8002943C	func_8002943C	family:338e2c4fde2b5db5b6af8a6339f18a46bb483585	3/15	m2c	undrawn
SLUS_013.95	0x80029478	func_80029478	family:338e2c4fde2b5db5b6af8a6339f18a46bb483585	3/15	m2c	undrawn
SLUS_013.95	0x800294B4	func_800294B4	unique	29/33	m2c	undrawn
SLUS_013.95	0x80029538	func_80029538	x4	3/24	m2c	undrawn
SLUS_013.95	0x80029598	func_80029598	family:8221d099761e1afd4801b1e868fec366087dd6f3	0/20	m2c	undrawn
SLUS_013.95	0x800295E8	func_800295E8	family:ac09a04976376b32836a7cdde51ac6d7c7fd64fe	16/28	m2c	undrawn
SLUS_013.95	0x80029658	func_80029658	family:8221d099761e1afd4801b1e868fec366087dd6f3	0/20	m2c	member-of:SLUS_013.95:0x80029598
SLUS_013.95	0x800296A8	func_800296A8	family:ac09a04976376b32836a7cdde51ac6d7c7fd64fe	16/28	m2c	member-of:SLUS_013.95:0x800295E8
SLUS_013.95	0x80029718	func_80029718	unique	0/13	m2c	undrawn
SLUS_013.95	0x80029780	func_80029780	dup:598aa7f7af2695dadc890021880cb53148cd3732	1/13	m2c	undrawn
SLUS_013.95	0x800297D8	func_800297D8	dup:13eadbb18aec7e36f42f1206f58c78d8baebe327	3/8	m2c	undrawn
SLUS_013.95	0x800297F8	func_800297F8	dup:558a1fc14a5c79ac58c75b27ef0182f651f25b26	3/8	m2c	member-of:SLUS_013.95:0x800297D8
SLUS_013.95	0x80029818	func_80029818	x4	1/55	m2c	undrawn
SLUS_013.95	0x800298F4	func_800298F4	unique	4/14	m2c	member-of:SLUS_013.95:0x80029718
SLUS_013.95	0x80029958	func_80029958	dup:598aa7f7af2695dadc890021880cb53148cd3732	1/13	m2c	member-of:SLUS_013.95:0x80029780
SLUS_013.95	0x8002998C	func_8002998C	unique	5/14	m2c	member-of:SLUS_013.95:0x80029780
SLUS_013.95	0x800299E8	func_800299E8	unique	1/17	m2c	undrawn
SLUS_013.95	0x80029A2C	func_80029A2C	dup:13eadbb18aec7e36f42f1206f58c78d8baebe327	3/8	m2c	member-of:SLUS_013.95:0x800297D8
SLUS_013.95	0x80029A4C	func_80029A4C	dup:558a1fc14a5c79ac58c75b27ef0182f651f25b26	3/8	m2c	member-of:SLUS_013.95:0x800297D8
SLUS_013.95	0x80029A6C	func_80029A6C	family:b57527bda679c9ca0746eec22e590bd494f08caa	4/36	m2c	undrawn
SLUS_013.95	0x80029AFC	func_80029AFC	family:b57527bda679c9ca0746eec22e590bd494f08caa	4/36	m2c	undrawn
SLUS_013.95	0x80029B8C	func_80029B8C	unique	nocompile	m2c	undrawn
SLUS_013.95	0x80029D18	func_80029D18	unique	1/89	m2c	undrawn
SLUS_013.95	0x80029E7C	func_80029E7C	unique	5/47	m2c	undrawn
SLUS_013.95	0x80029F38	func_80029F38	unique	nocompile	m2c	undrawn
SLUS_013.95	0x8002A33C	func_8002A33C	unique	0/28	m2c	undrawn
SLUS_013.95	0x8002A3AC	func_8002A3AC	unique	nocompile	m2c	undrawn
SLUS_013.95	0x8002A3E8	func_8002A3E8	x4	11/37	m2c	undrawn
SLUS_013.95	0x8002A47C	func_8002A47C	unique	nocompile	m2c	undrawn
SLUS_013.95	0x8002A4E4	func_8002A4E4	unique	30/41	m2c	undrawn
SLUS_013.95	0x8002A588	func_8002A588	unique	49/121	m2c	undrawn
SLUS_013.95	0x8002A76C	func_8002A76C	unique	nocompile	m2c	undrawn
SLUS_013.95	0x8002AA74	func_8002AA74	unique	2/22	m2c	undrawn
SLUS_013.95	0x8002AACC	func_8002AACC	unique	12/35	m2c	undrawn
SLUS_013.95	0x8002AB58	func_8002AB58	unique	nocompile	m2c	undrawn
SLUS_013.95	0x8002ABA8	func_8002ABA8	unique	1/64	m2c	undrawn
SLUS_013.95	0x8002ACA8	func_8002ACA8	unique	45/177	m2c	undrawn
SLUS_013.95	0x8002AF6C	func_8002AF6C	unique	27/204	m2c	undrawn
SLUS_013.95	0x8002B29C	func_8002B29C	unique	1/23	m2c	undrawn
SLUS_013.95	0x8002B2F8	func_8002B2F8	unique	0/29	m2c	member-of:SLUS_013.95:0x8002B36C
SLUS_013.95	0x8002B36C	func_8002B36C	unique	0/26	m2c	undrawn
SLUS_013.95	0x8002B3D4	func_8002B3D4	unique	14/15	m2c	undrawn
SLUS_013.95	0x8002B54C	func_8002B54C	unique	0/60	m2c	undrawn
SLUS_013.95	0x8002B63C	func_8002B63C	unique	0/14	m2c	undrawn
SLUS_013.95	0x8002B674	func_8002B674	unique	0/15	m2c	undrawn
SLUS_013.95	0x8002B6B0	func_8002B6B0	unique	1/59	m2c	undrawn
SLUS_013.95	0x8002B79C	func_8002B79C	unique	0/39	m2c	member-of:SLUS_013.95:0x8002C22C
SLUS_013.95	0x8002B838	func_8002B838	unique	1/239	m2c	undrawn
SLUS_013.95	0x8002BBF4	func_8002BBF4	unique	0/54	m2c	undrawn
SLUS_013.95	0x8002BCCC	func_8002BCCC	unique	nocompile	m2c	undrawn
SLUS_013.95	0x8002BEC4	func_8002BEC4	dup:0c66bad6a963a2ad402de737408898126955195b	6/67	m2c	member-of:SLUS_013.95:0x8002C5F0
SLUS_013.95	0x8002BFD0	func_8002BFD0	family:28c5db1b84a2e7ca5eb41464100036e7e20fcad4	6/67	m2c	member-of:SLUS_013.95:0x8002C5F0
SLUS_013.95	0x8002C0DC	func_8002C0DC	unique	32/64	m2c	undrawn
SLUS_013.95	0x8002C1DC	func_8002C1DC	unique	0/11	m2c	member-of:SLUS_013.95:0x8002C208
SLUS_013.95	0x8002C208	func_8002C208	unique	0/9	m2c	undrawn
SLUS_013.95	0x8002C22C	func_8002C22C	unique	3/35	m2c	undrawn
SLUS_013.95	0x8002C2B8	func_8002C2B8	x4	1/29	m2c	undrawn
SLUS_013.95	0x8002C32C	func_8002C32C	dup:a2a42c54a6508f5e48bbea51c86ed2c8ca794002	13/27	m2c	undrawn
SLUS_013.95	0x8002C398	func_8002C398	family:f067ac9a414b9e2e26f6f9eccca1ba5647655d9f	10/24	m2c	undrawn
SLUS_013.95	0x8002C3F8	func_8002C3F8	family:f067ac9a414b9e2e26f6f9eccca1ba5647655d9f	10/24	m2c	member-of:SLUS_013.95:0x8002C398
SLUS_013.95	0x8002C458	func_8002C458	dup:a2a42c54a6508f5e48bbea51c86ed2c8ca794002	13/27	m2c	member-of:SLUS_013.95:0x8002C32C
SLUS_013.95	0x8002C4C4	func_8002C4C4	family:819eec9862482f43b132a31cea743cf24ae6aa2f	13/27	m2c	member-of:SLUS_013.95:0x8002C32C
SLUS_013.95	0x8002C530	func_8002C530	family:f067ac9a414b9e2e26f6f9eccca1ba5647655d9f	10/24	m2c	member-of:SLUS_013.95:0x8002C398
SLUS_013.95	0x8002C590	func_8002C590	family:f067ac9a414b9e2e26f6f9eccca1ba5647655d9f	10/24	m2c	member-of:SLUS_013.95:0x8002C398
SLUS_013.95	0x8002C5F0	func_8002C5F0	dup:43ffce09e2702cbb842f0b963910c003ec4cb5a8	6/64	m2c	undrawn
SLUS_013.95	0x8002C6F0	func_8002C6F0	family:023293d429a569c031a6f035baf7637f3170cefd	6/64	m2c	member-of:SLUS_013.95:0x8002C5F0
SLUS_013.95	0x8002C7F0	func_8002C7F0	family:f067ac9a414b9e2e26f6f9eccca1ba5647655d9f	10/24	m2c	member-of:SLUS_013.95:0x8002C398
SLUS_013.95	0x8002C850	func_8002C850	dup:43ffce09e2702cbb842f0b963910c003ec4cb5a8	6/64	m2c	member-of:SLUS_013.95:0x8002C5F0
SLUS_013.95	0x8002C950	func_8002C950	family:f067ac9a414b9e2e26f6f9eccca1ba5647655d9f	10/24	m2c	member-of:SLUS_013.95:0x8002C398
SLUS_013.95	0x8002C9D4	func_8002C9D4	unique	16/16	m2c	plumbing:R2
SLUS_013.95	0x8002CA14	func_8002CA14	x4	16/16	m2c	plumbing:R2
SLUS_013.95	0x8002CA54	func_8002CA54	unique	0/24	m2c	undrawn
SLUS_013.95	0x8002CAB4	func_8002CAB4	unique	12/39	m2c	undrawn
SLUS_013.95	0x8002CB50	func_8002CB50	family:03a5362216efd4d1b1202072fc256af60a1baf0e	19/43	m2c	undrawn
SLUS_013.95	0x8002CBFC	func_8002CBFC	unique	10/45	m2c	undrawn
SLUS_013.95	0x8002CCB0	func_8002CCB0	unique	19/47	m2c	undrawn
SLUS_013.95	0x8002CD6C	func_8002CD6C	family:03a5362216efd4d1b1202072fc256af60a1baf0e	19/43	m2c	member-of:SLUS_013.95:0x8002CB50
SLUS_013.95	0x8002CE18	func_8002CE18	x4	11/54	m2c	undrawn
SLUS_013.95	0x8002CF0C	func_8002CF0C	unique	nocompile	m2c	undrawn
SLUS_013.95	0x8002CFB0	func_8002CFB0	unique	3/74	m2c	undrawn
SLUS_013.95	0x8002D0D8	func_8002D0D8	unique	nocompile	m2c	undrawn
SLUS_013.95	0x8002D230	func_8002D230	unique	13/32	m2c	undrawn
SLUS_013.95	0x8002D2D4	func_8002D2D4	unique	11/14	m2c	undrawn
SLUS_013.95	0x8002D30C	func_8002D30C	unique	15/18	m2c	undrawn
SLUS_013.95	0x8002D380	func_8002D380	unique	13/13	m2c	plumbing:R2
SLUS_013.95	0x8002D3B4	func_8002D3B4	family:60a5ee4bce12fbf5a293d67b665fe67f5c4f2728	39/40	m2c	undrawn
SLUS_013.95	0x8002D454	func_8002D454	family:60a5ee4bce12fbf5a293d67b665fe67f5c4f2728	39/40	m2c	member-of:SLUS_013.95:0x8002D3B4
SLUS_013.95	0x8002D51C	func_8002D51C	x4	nocompile	m2c	undrawn
SLUS_013.95	0x8002D5D0	func_8002D5D0	unique	20/33	m2c	undrawn
SLUS_013.95	0x8002D654	func_8002D654	unique	9/133	m2c	undrawn
SLUS_013.95	0x8002D868	func_8002D868	unique	27/291	m2c	undrawn
SLUS_013.95	0x8002DCF4	func_8002DCF4	unique	40/88	m2c	undrawn
SLUS_013.95	0x8002DE54	func_8002DE54	unique	8/83	m2c	undrawn
SLUS_013.95	0x8002DFA0	func_8002DFA0	unique	74/79	m2c	undrawn
SLUS_013.95	0x8002E0DC	func_8002E0DC	unique	0/49	m2c	undrawn
SLUS_013.95	0x8002E1A0	func_8002E1A0	unique	nocompile	m2c	undrawn
SLUS_013.95	0x8002E47C	func_8002E47C	family:792aea16efdfd9faf1701d252fe764a307d51f36	65/122	m2c	undrawn
SLUS_013.95	0x8002E664	func_8002E664	family:792aea16efdfd9faf1701d252fe764a307d51f36	65/122	m2c	member-of:SLUS_013.95:0x8002E47C
SLUS_013.95	0x8002E84C	func_8002E84C	unique	24/74	m2c	jtbl-uncarved
SLUS_013.95	0x8002E974	func_8002E974	unique	nocompile	m2c	undrawn
SLUS_013.95	0x8002EE10	func_8002EE10	unique	nocompile	m2c	jtbl-uncarved
SLUS_013.95	0x8002F06C	func_8002F06C	unique	nocompile	m2c	undrawn
SLUS_013.95	0x8002F288	func_8002F288	unique	10/100	m2c	undrawn
SLUS_013.95	0x8002F418	func_8002F418	unique	nocompile	m2c	undrawn
SLUS_013.95	0x8002F5FC	func_8002F5FC	unique	nocompile	m2c	undrawn
SLUS_013.95	0x8002F71C	func_8002F71C	unique	nocompile	m2c	member-of:SLUS_013.95:0x8002F5FC
SLUS_013.95	0x8002F840	func_8002F840	x4	4/103	m2c	undrawn
SLUS_013.95	0x8002F9DC	func_8002F9DC	unique	nocompile	m2c	jtbl-uncarved
SLUS_013.95	0x8002FBEC	func_8002FBEC	unique	nocompile	m2c	undrawn
SLUS_013.95	0x8002FD3C	func_8002FD3C	unique	nocompile	m2c	member-of:SLUS_013.95:0x80030234
SLUS_013.95	0x8002FE30	func_8002FE30	unique	nocompile	m2c	undrawn
SLUS_013.95	0x8002FF70	func_8002FF70	unique	nocompile	m2c	member-of:SLUS_013.95:0x80030234
SLUS_013.95	0x80030068	func_80030068	unique	nocompile	m2c	member-of:SLUS_013.95:0x80030234
SLUS_013.95	0x8003015C	func_8003015C	unique	nocompile	m2c	member-of:SLUS_013.95:0x80030234
SLUS_013.95	0x80030234	func_80030234	unique	nocompile	m2c	undrawn
SLUS_013.95	0x80030304	func_80030304	unique	nocompile	m2c	undrawn
SLUS_013.95	0x8003040C	func_8003040C	unique	nocompile	m2c	jtbl-uncarved
SLUS_013.95	0x800304D8	func_800304D8	unique	4/37	m2c	undrawn
SLUS_013.95	0x800305F4	func_800305F4	unique	0/13	m2c	undrawn
SLUS_013.95	0x80030628	func_80030628	family:6979bb02670d7a4f4b59e847fd7c38275c0a5d27	nocompile	m2c	jtbl-uncarved
SLUS_013.95	0x80030690	func_80030690	unique	nocompile	m2c	jtbl-uncarved
SLUS_013.95	0x800306F4	func_800306F4	x4	nocompile	m2c	undrawn
SLUS_013.95	0x800307CC	func_800307CC	family:6979bb02670d7a4f4b59e847fd7c38275c0a5d27	nocompile	m2c	jtbl-uncarved
SLUS_013.95	0x80030834	func_80030834	unique	8/33	m2c	undrawn
SLUS_013.95	0x800308B8	func_800308B8	unique	nocompile	m2c	jtbl-uncarved
SLUS_013.95	0x8003091C	func_8003091C	x4	0/55	m2c	undrawn
SLUS_013.95	0x800309F8	func_800309F8	x4	nocompile	m2c	undrawn
SLUS_013.95	0x80030AE8	func_80030AE8	unique	nocompile	m2c	jtbl-uncarved
SLUS_013.95	0x80030B80	func_80030B80	x4	nocompile	m2c	undrawn
SLUS_013.95	0x80030C58	func_80030C58	unique	nocompile	m2c	jtbl-uncarved
SLUS_013.95	0x80030CCC	func_80030CCC	unique	19/45	m2c	undrawn
SLUS_013.95	0x80030D80	func_80030D80	unique	nocompile	m2c	undrawn
SLUS_013.95	0x80030DC0	func_80030DC0	unique	14/67	m2c	undrawn
SLUS_013.95	0x80030ECC	func_80030ECC	unique	11/260	m2c	undrawn
SLUS_013.95	0x800312DC	func_800312DC	unique	13/102	m2c	undrawn
SLUS_013.95	0x80031474	func_80031474	unique	2/86	m2c	undrawn
SLUS_013.95	0x800315CC	func_800315CC	unique	nocompile	m2c	jtbl-uncarved
SLUS_013.95	0x800319EC	func_800319EC	unique	nocompile	m2c	jtbl-uncarved
SLUS_013.95	0x80031DA8	func_80031DA8	unique	nocompile	m2c	undrawn
SLUS_013.95	0x80031F4C	func_80031F4C	unique	77/80	m2c	undrawn
SLUS_013.95	0x8003208C	func_8003208C	unique	67/95	m2c	undrawn
SLUS_013.95	0x80032208	func_80032208	unique	25/115	m2c	undrawn
SLUS_013.95	0x800323D4	func_800323D4	unique	7/61	m2c	undrawn
SLUS_013.95	0x800324C8	func_800324C8	unique	8/250	m2c	undrawn
SLUS_013.95	0x800328B0	func_800328B0	unique	10/161	m2c	undrawn
SLUS_013.95	0x80032B34	func_80032B34	unique	14/45	m2c	undrawn
SLUS_013.95	0x80032BE8	func_80032BE8	unique	6/40	m2c	undrawn
SLUS_013.95	0x80032C88	func_80032C88	unique	4/39	m2c	undrawn
SLUS_013.95	0x80032D24	func_80032D24	unique	9/51	m2c	undrawn
SLUS_013.95	0x80032DF0	func_80032DF0	unique	nocompile	m2c	undrawn
SLUS_013.95	0x80033214	func_80033214	unique	nocompile	m2c	undrawn
SLUS_013.95	0x80033500	func_80033500	unique	nocompile	m2c	undrawn
SLUS_013.95	0x800337EC	func_800337EC	unique	nocompile	m2c	undrawn
SLUS_013.95	0x80033A38	func_80033A38	unique	23/123	m2c	undrawn
SLUS_013.95	0x80033C24	func_80033C24	unique	0/119	m2c	undrawn
SLUS_013.95	0x80033E00	func_80033E00	unique	nocompile	m2c	undrawn
SLUS_013.95	0x80034288	func_80034288	unique	nocompile	m2c	undrawn
SLUS_013.95	0x80034574	func_80034574	unique	0/40	m2c	undrawn
SLUS_013.95	0x80034614	func_80034614	unique	3/54	m2c	undrawn
SLUS_013.95	0x800346EC	func_800346EC	unique	21/81	m2c	undrawn
SLUS_013.95	0x80034830	func_80034830	x4	5/17	m2c	jtbl-uncarved
SLUS_013.95	0x800348B0	func_800348B0	unique	13/59	m2c	undrawn
SLUS_013.95	0x80034A28	func_80034A28	unique	23/24	m2c	undrawn
SLUS_013.95	0x80034A88	func_80034A88	unique	nocompile	m2c	undrawn
SLUS_013.95	0x80034B70	func_80034B70	unique	nocompile	m2c	jtbl-uncarved
SLUS_013.95	0x80034CD0	func_80034CD0	unique	1/63	m2c	undrawn
SLUS_013.95	0x80034DCC	func_80034DCC	unique	3/124	m2c	undrawn
SLUS_013.95	0x80034FBC	func_80034FBC	unique	3/98	m2c	undrawn
SLUS_013.95	0x80035144	func_80035144	unique	19/76	m2c	undrawn
SLUS_013.95	0x800353C0	func_800353C0	unique	72/74	m2c	undrawn
SLUS_013.95	0x80035620	func_80035620	unique	86/98	m2c	undrawn
SLUS_013.95	0x80035A2C	func_80035A2C	unique	108/108	m2c	plumbing:R2
SLUS_013.95	0x80035BDC	func_80035BDC	unique	74/87	m2c	undrawn
SLUS_013.95	0x80035D38	func_80035D38	unique	193/201	m2c	undrawn
SLUS_013.95	0x8003605C	func_8003605C	unique	89/94	m2c	undrawn
SLUS_013.95	0x800361D4	func_800361D4	unique	95/100	m2c	member-of:SLUS_013.95:0x8003605C
SLUS_013.95	0x80036364	func_80036364	unique	5/78	m2c	undrawn
SLUS_013.95	0x8003649C	func_8003649C	unique	22/78	m2c	undrawn
SLUS_013.95	0x800365D4	func_800365D4	unique	87/94	m2c	undrawn
SLUS_013.95	0x8003674C	func_8003674C	unique	33/45	m2c	undrawn
SLUS_013.95	0x80036800	func_80036800	unique	61/63	m2c	undrawn
SLUS_013.95	0x80036A04	func_80036A04	unique	65/67	m2c	member-of:SLUS_013.95:0x80036800
SLUS_013.95	0x80036B10	func_80036B10	unique	40/70	m2c	undrawn
SLUS_013.95	0x80036C68	func_80036C68	unique	nocompile	m2c	undrawn
SLUS_013.95	0x80036D4C	func_80036D4C	unique	67/73	m2c	undrawn
SLUS_013.95	0x80036EB0	func_80036EB0	unique	55/67	m2c	undrawn
SLUS_013.95	0x80036FBC	func_80036FBC	unique	50/61	m2c	undrawn
SLUS_013.95	0x800370B0	func_800370B0	unique	23/32	m2c	undrawn
SLUS_013.95	0x80037130	func_80037130	unique	51/60	m2c	undrawn
SLUS_013.95	0x8003737C	func_8003737C	unique	48/52	m2c	undrawn
SLUS_013.95	0x800374D8	func_800374D8	unique	9/28	m2c	undrawn
SLUS_013.95	0x80037548	func_80037548	x4	31/34	m2c	undrawn
SLUS_013.95	0x800375D0	func_800375D0	x4	14/16	m2c	member-of:rock_00:0x801F3640
SLUS_013.95	0x800377FC	func_800377FC	x4	13/15	m2c	member-of:rock_00:0x801F3640
SLUS_013.95	0x80037838	func_80037838	family:2d11feb124f0403c90545516c1e1b898bf3f9135	9/18	m2c	undrawn
SLUS_013.95	0x80037880	func_80037880	unique	34/40	m2c	undrawn
SLUS_013.95	0x80037920	func_80037920	unique	7/35	m2c	undrawn
SLUS_013.95	0x800379AC	func_800379AC	unique	23/45	m2c	undrawn
SLUS_013.95	0x80037BC4	func_80037BC4	unique	0/44	m2c	undrawn
SLUS_013.95	0x80037CB4	func_80037CB4	unique	14/45	m2c	undrawn
SLUS_013.95	0x80037D68	func_80037D68	x4	23/23	m2c	plumbing:R2
SLUS_013.95	0x80037E1C	func_80037E1C	unique	24/27	m2c	undrawn
SLUS_013.95	0x80037E88	func_80037E88	unique	41/43	m2c	undrawn
SLUS_013.95	0x80037F34	func_80037F34	x4	15/15	m2c	plumbing:R2
SLUS_013.95	0x80037F70	func_80037F70	x4	23/25	m2c	undrawn
SLUS_013.95	0x80037FD4	func_80037FD4	unique	nocompile	m2c	undrawn
SLUS_013.95	0x8003809C	func_8003809C	unique	37/42	m2c	undrawn
SLUS_013.95	0x80038144	func_80038144	unique	38/43	m2c	member-of:SLUS_013.95:0x8003809C
SLUS_013.95	0x800381F0	func_800381F0	family:9298fec7da159d23e75ad385471dd4c8fe179d29	18/22	m2c	undrawn
SLUS_013.95	0x80038248	func_80038248	unique	8/32	m2c	undrawn
SLUS_013.95	0x800382C8	func_800382C8	unique	16/18	m2c	member-of:rock_00:0x801F3640
SLUS_013.95	0x80038390	func_80038390	unique	24/26	m2c	undrawn
SLUS_013.95	0x800383F8	func_800383F8	unique	10/103	m2c	undrawn
SLUS_013.95	0x80038594	func_80038594	unique	16/125	m2c	undrawn
SLUS_013.95	0x80038788	func_80038788	unique	31/139	m2c	undrawn
SLUS_013.95	0x800389B4	func_800389B4	unique	59/125	m2c	undrawn
SLUS_013.95	0x80038BA8	func_80038BA8	unique	13/74	m2c	member-of:SLUS_013.95:0x80038F64
SLUS_013.95	0x80038CD0	func_80038CD0	unique	21/165	m2c	undrawn
SLUS_013.95	0x80038F64	func_80038F64	unique	17/66	m2c	undrawn
SLUS_013.95	0x8003906C	func_8003906C	unique	1/111	m2c	undrawn
SLUS_013.95	0x80039228	func_80039228	unique	nocompile	m2c	undrawn
SLUS_013.95	0x8003963C	func_8003963C	unique	31/111	m2c	undrawn
SLUS_013.95	0x800397F8	func_800397F8	unique	nocompile	m2c	undrawn
SLUS_013.95	0x80039984	func_80039984	unique	107/144	m2c	undrawn
SLUS_013.95	0x80039BC4	func_80039BC4	x4	0/31	m2c	undrawn
SLUS_013.95	0x80039C40	func_80039C40	x4	16/23	m2c	member-of:SLUS_013.95:0x8003A5D8
SLUS_013.95	0x80039C9C	func_80039C9C	unique	19/24	m2c	undrawn
SLUS_013.95	0x80039CFC	func_80039CFC	family:3b35aeeea781e411f86406795b8bdce0cc6afa14	11/32	m2c	undrawn
SLUS_013.95	0x80039D7C	func_80039D7C	family:3b35aeeea781e411f86406795b8bdce0cc6afa14	11/32	m2c	member-of:SLUS_013.95:0x80039CFC
SLUS_013.95	0x80039DFC	func_80039DFC	unique	5/45	m2c	undrawn
SLUS_013.95	0x80039EB0	func_80039EB0	unique	37/50	m2c	undrawn
SLUS_013.95	0x80039FFC	func_80039FFC	unique	25/59	m2c	member-of:SLUS_013.95:0x8003A0E8
SLUS_013.95	0x8003A0E8	func_8003A0E8	unique	22/56	m2c	undrawn
SLUS_013.95	0x8003A2CC	func_8003A2CC	unique	0/28	m2c	undrawn
SLUS_013.95	0x8003A33C	func_8003A33C	unique	17/22	m2c	undrawn
SLUS_013.95	0x8003A394	func_8003A394	unique	16/18	m2c	undrawn
SLUS_013.95	0x8003A3DC	func_8003A3DC	unique	0/43	m2c	undrawn
SLUS_013.95	0x8003A488	func_8003A488	unique	34/35	m2c	undrawn
SLUS_013.95	0x8003A514	func_8003A514	unique	29/49	m2c	undrawn
SLUS_013.95	0x8003A5D8	func_8003A5D8	unique	15/20	m2c	undrawn
SLUS_013.95	0x8003A628	func_8003A628	unique	13/20	m2c	undrawn
SLUS_013.95	0x8003A678	func_8003A678	unique	8/59	m2c	undrawn
SLUS_013.95	0x8003A764	func_8003A764	unique	14/44	m2c	undrawn
SLUS_013.95	0x8003A814	func_8003A814	unique	18/23	m2c	undrawn
SLUS_013.95	0x8003A870	func_8003A870	unique	66/68	m2c	undrawn
SLUS_013.95	0x8003A9C4	func_8003A9C4	unique	3/67	m2c	undrawn
SLUS_013.95	0x8003AAD0	func_8003AAD0	unique	nocompile	m2c	jtbl-uncarved
SLUS_013.95	0x8003ADB4	func_8003ADB4	unique	nocompile	m2c	undrawn
SLUS_013.95	0x8003AE8C	func_8003AE8C	family:ca64387066a35c0b75c71982a5d4270e6f17061e	17/18	m2c	undrawn
SLUS_013.95	0x8003AED4	func_8003AED4	family:ca64387066a35c0b75c71982a5d4270e6f17061e	17/18	m2c	member-of:SLUS_013.95:0x8003AE8C
SLUS_013.95	0x8003AF1C	func_8003AF1C	unique	0/54	m2c	undrawn
SLUS_013.95	0x8003AFF4	func_8003AFF4	unique	23/24	m2c	undrawn
SLUS_013.95	0x8003B054	func_8003B054	unique	46/48	m2c	undrawn
SLUS_013.95	0x8003B114	func_8003B114	unique	41/65	m2c	undrawn
SLUS_013.95	0x8003B218	func_8003B218	unique	29/32	m2c	undrawn
SLUS_013.95	0x8003B298	func_8003B298	unique	13/29	m2c	undrawn
SLUS_013.95	0x8003B30C	func_8003B30C	unique	15/21	m2c	undrawn
SLUS_013.95	0x8003B360	func_8003B360	unique	17/22	m2c	member-of:SLUS_013.95:0x8003B30C
SLUS_013.95	0x8003B3B8	func_8003B3B8	unique	26/34	m2c	undrawn
SLUS_013.95	0x8003B440	func_8003B440	unique	57/66	m2c	undrawn
SLUS_013.95	0x8003B548	func_8003B548	unique	25/28	m2c	undrawn
SLUS_013.95	0x8003B5B8	func_8003B5B8	unique	11/33	m2c	undrawn
SLUS_013.95	0x8003B63C	func_8003B63C	unique	19/30	m2c	member-of:SLUS_013.95:0x8003B7B4
SLUS_013.95	0x8003B6B4	func_8003B6B4	unique	13/21	m2c	undrawn
SLUS_013.95	0x8003B708	func_8003B708	unique	22/27	m2c	undrawn
SLUS_013.95	0x8003B774	func_8003B774	unique	11/16	m2c	undrawn
SLUS_013.95	0x8003B7B4	func_8003B7B4	unique	21/23	m2c	undrawn
SLUS_013.95	0x8003B810	func_8003B810	unique	22/24	m2c	undrawn
SLUS_013.95	0x8003B870	func_8003B870	unique	7/57	m2c	undrawn
SLUS_013.95	0x8003B954	func_8003B954	x4	18/22	m2c	undrawn
SLUS_013.95	0x8003B9AC	func_8003B9AC	unique	20/22	m2c	undrawn
SLUS_013.95	0x8003BA04	func_8003BA04	family:b9b1de75f95afa64105cb91e4fd5e63690ef98a6	nocompile	m2c	undrawn
SLUS_013.95	0x8003BB94	func_8003BB94	family:b9b1de75f95afa64105cb91e4fd5e63690ef98a6	nocompile	m2c	member-of:SLUS_013.95:0x8003BA04
SLUS_013.95	0x8003BD24	func_8003BD24	unique	nocompile	m2c	undrawn
SLUS_013.95	0x8003C1AC	func_8003C1AC	unique	72/135	m2c	undrawn
SLUS_013.95	0x8003C3C8	func_8003C3C8	unique	9/73	m2c	undrawn
SLUS_013.95	0x8003C4EC	func_8003C4EC	unique	nocompile	m2c	undrawn
SLUS_013.95	0x8003C6A4	func_8003C6A4	unique	15/77	m2c	member-of:SLUS_013.95:0x8003C964
SLUS_013.95	0x8003C7D8	func_8003C7D8	unique	nocompile	m2c	undrawn
SLUS_013.95	0x8003C964	func_8003C964	unique	4/67	m2c	undrawn
SLUS_013.95	0x8003CA70	func_8003CA70	unique	nocompile	m2c	undrawn
SLUS_013.95	0x8003CBE4	func_8003CBE4	unique	2/37	m2c	undrawn
SLUS_013.95	0x8003CCBC	func_8003CCBC	dup:0044e9d146c0e9fb3396cc70c361ecbb0ff9ad11	17/17	m2c	plumbing:R2
SLUS_013.95	0x8003CD00	func_8003CD00	dup:0044e9d146c0e9fb3396cc70c361ecbb0ff9ad11	17/17	m2c	plumbing:R2
SLUS_013.95	0x8003CD44	func_8003CD44	unique	7/22	m2c	undrawn
SLUS_013.95	0x8003CD9C	func_8003CD9C	x4	8/8	m2c	plumbing:R2
SLUS_013.95	0x8003CDBC	func_8003CDBC	x4	13/13	m2c	plumbing:R2
SLUS_013.95	0x8003CDF0	func_8003CDF0	unique	16/16	m2c	plumbing:R2
SLUS_013.95	0x8003CE30	func_8003CE30	x4	2/2	m2c	plumbing:R2
SLUS_013.95	0x8003CE38	func_8003CE38	x4	nocompile	m2c	undrawn
SLUS_013.95	0x8003CF24	func_8003CF24	unique	12/12	m2c	plumbing:R3
SLUS_013.95	0x8003CF54	func_8003CF54	unique	nocompile	m2c	undrawn
SLUS_013.95	0x8003CFE0	func_8003CFE0	unique	11/13	m2c	undrawn
SLUS_013.95	0x8003D014	func_8003D014	unique	1/26	m2c	undrawn
SLUS_013.95	0x8003D07C	func_8003D07C	unique	0/36	m2c	undrawn
SLUS_013.95	0x8003D10C	func_8003D10C	unique	1/32	m2c	undrawn
SLUS_013.95	0x8003D18C	func_8003D18C	unique	56/56	m2c	plumbing:R2
SLUS_013.95	0x8003D26C	func_8003D26C	x4	9/20	m2c	undrawn
SLUS_013.95	0x8003D2BC	func_8003D2BC	x4	8/19	m2c	undrawn
SLUS_013.95	0x8003D308	func_8003D308	unique	3/10	m2c	undrawn
SLUS_013.95	0x8003D330	func_8003D330	unique	3/7	m2c	undrawn
SLUS_013.95	0x8003D394	func_8003D394	unique	25/25	m2c	plumbing:R2
SLUS_013.95	0x8003D3F8	func_8003D3F8	family:bfb1bb58f20447ec4414c880d591dfeab4ba026a	8/34	m2c	undrawn
SLUS_013.95	0x8003D480	func_8003D480	unique	7/36	m2c	member-of:SLUS_013.95:0x8003D3F8
SLUS_013.95	0x8003D510	func_8003D510	family:bfb1bb58f20447ec4414c880d591dfeab4ba026a	8/34	m2c	member-of:SLUS_013.95:0x8003D3F8
SLUS_013.95	0x8003D598	func_8003D598	unique	16/38	m2c	undrawn
SLUS_013.95	0x8003D630	func_8003D630	unique	49/58	m2c	undrawn
SLUS_013.95	0x8003D718	func_8003D718	unique	1/37	m2c	undrawn
SLUS_013.95	0x8003D7AC	func_8003D7AC	unique	0/41	m2c	undrawn
SLUS_013.95	0x8003D850	func_8003D850	x4	17/22	m2c	undrawn
SLUS_013.95	0x8003D8A8	func_8003D8A8	unique	19/43	m2c	undrawn
SLUS_013.95	0x8003D954	func_8003D954	unique	28/41	m2c	undrawn
SLUS_013.95	0x8003D9F8	func_8003D9F8	unique	1/53	m2c	undrawn
SLUS_013.95	0x8003DAF4	func_8003DAF4	x4	2/20	m2c	undrawn
SLUS_013.95	0x8003DB44	func_8003DB44	unique	30/38	m2c	undrawn
SLUS_013.95	0x8003DBDC	func_8003DBDC	unique	27/100	m2c	undrawn
SLUS_013.95	0x8003DD6C	func_8003DD6C	unique	nocompile	m2c	undrawn
SLUS_013.95	0x8003DF58	func_8003DF58	unique	45/69	m2c	undrawn
SLUS_013.95	0x8003E06C	func_8003E06C	unique	0/66	m2c	undrawn
SLUS_013.95	0x8003E174	func_8003E174	unique	21/59	m2c	undrawn
SLUS_013.95	0x8003E260	func_8003E260	unique	0/57	m2c	undrawn
SLUS_013.95	0x8003E344	func_8003E344	unique	19/180	m2c	undrawn
SLUS_013.95	0x8003E614	func_8003E614	unique	3/245	m2c	undrawn
SLUS_013.95	0x8003E9E8	func_8003E9E8	unique	18/73	m2c	undrawn
SLUS_013.95	0x8003EB0C	func_8003EB0C	unique	14/91	m2c	undrawn
SLUS_013.95	0x8003EC78	func_8003EC78	unique	70/72	m2c	undrawn
SLUS_013.95	0x8003ED98	func_8003ED98	unique	8/83	m2c	undrawn
SLUS_013.95	0x8003EEE4	func_8003EEE4	unique	16/71	m2c	undrawn
SLUS_013.95	0x8003F048	func_8003F048	unique	27/29	m2c	undrawn
SLUS_013.95	0x8003F0BC	func_8003F0BC	unique	3/32	m2c	undrawn
SLUS_013.95	0x8003F13C	func_8003F13C	unique	10/49	m2c	member-of:SLUS_013.95:0x8003F644
SLUS_013.95	0x8003F200	func_8003F200	unique	10/35	m2c	undrawn
SLUS_013.95	0x8003F28C	func_8003F28C	unique	0/40	m2c	undrawn
SLUS_013.95	0x8003F32C	func_8003F32C	unique	13/44	m2c	undrawn
SLUS_013.95	0x8003F3DC	func_8003F3DC	unique	11/41	m2c	undrawn
SLUS_013.95	0x8003F480	func_8003F480	x4	17/17	m2c	plumbing:R2
SLUS_013.95	0x8003F4C4	func_8003F4C4	x4	0/17	m2c	undrawn
SLUS_013.95	0x8003F508	func_8003F508	unique	18/33	m2c	undrawn
SLUS_013.95	0x8003F58C	func_8003F58C	unique	0/46	m2c	undrawn
SLUS_013.95	0x8003F644	func_8003F644	unique	8/47	m2c	undrawn
SLUS_013.95	0x8003F700	func_8003F700	unique	7/16	m2c	undrawn
SLUS_013.95	0x8003F740	func_8003F740	unique	14/31	m2c	undrawn
SLUS_013.95	0x8003F7BC	func_8003F7BC	unique	8/42	m2c	undrawn
SLUS_013.95	0x8003F864	func_8003F864	unique	nocompile	m2c	jtbl-uncarved
SLUS_013.95	0x8003F954	func_8003F954	unique	2/43	m2c	undrawn
SLUS_013.95	0x8003FA00	func_8003FA00	unique	11/22	m2c	undrawn
SLUS_013.95	0x8003FAFC	func_8003FAFC	unique	18/19	m2c	undrawn
SLUS_013.95	0x8003FB48	func_8003FB48	unique	28/29	m2c	undrawn
SLUS_013.95	0x8003FBBC	func_8003FBBC	unique	10/15	m2c	undrawn
SLUS_013.95	0x8003FBF8	func_8003FBF8	unique	32/36	m2c	undrawn
SLUS_013.95	0x8003FC88	func_8003FC88	unique	3/19	m2c	undrawn
SLUS_013.95	0x8003FCD4	func_8003FCD4	unique	10/17	m2c	member-of:SLUS_013.95:0x8003FBBC
SLUS_013.95	0x8003FD18	func_8003FD18	unique	11/21	m2c	undrawn
SLUS_013.95	0x8003FF1C	func_8003FF1C	unique	nocompile	m2c	undrawn
SLUS_013.95	0x8003FF90	func_8003FF90	unique	0/25	m2c	undrawn
SLUS_013.95	0x8003FFF4	func_8003FFF4	unique	18/48	m2c	jtbl-uncarved
SLUS_013.95	0x800400B4	func_800400B4	unique	13/16	m2c	undrawn
SLUS_013.95	0x800400F4	func_800400F4	unique	24/103	m2c	undrawn
SLUS_013.95	0x80040290	func_80040290	x4	nocompile	m2c	undrawn
SLUS_013.95	0x80040304	func_80040304	x4	16/33	m2c	undrawn
SLUS_013.95	0x80040388	func_80040388	unique	7/64	m2c	undrawn
SLUS_013.95	0x80040498	func_80040498	unique	6/16	m2c	undrawn
SLUS_013.95	0x800404D8	func_800404D8	unique	nocompile	m2c	undrawn
SLUS_013.95	0x80040800	func_80040800	unique	66/129	m2c	undrawn
SLUS_013.95	0x80040A04	func_80040A04	unique	43/96	m2c	undrawn
SLUS_013.95	0x80040B84	func_80040B84	unique	15/75	m2c	undrawn
SLUS_013.95	0x80040CB0	func_80040CB0	unique	nocompile	m2c	member-of:SLUS_013.95:0x80040E3C
SLUS_013.95	0x80040E3C	func_80040E3C	unique	71/94	m2c	undrawn
SLUS_013.95	0x80040FB4	func_80040FB4	unique	nocompile	m2c	undrawn
SLUS_013.95	0x80041290	func_80041290	unique	22/80	m2c	undrawn
SLUS_013.95	0x800413D0	func_800413D0	unique	nocompile	m2c	undrawn
SLUS_013.95	0x80041770	func_80041770	unique	nocompile	m2c	undrawn
SLUS_013.95	0x80041C24	func_80041C24	unique	0/30	m2c	undrawn
SLUS_013.95	0x80041C9C	func_80041C9C	unique	5/39	m2c	undrawn
SLUS_013.95	0x80041D5C	func_80041D5C	unique	8/60	m2c	undrawn
SLUS_013.95	0x80041E4C	func_80041E4C	unique	19/28	m2c	undrawn
SLUS_013.95	0x80041EBC	func_80041EBC	unique	5/21	m2c	undrawn
SLUS_013.95	0x80041F6C	func_80041F6C	dup:06483f913cfe05b6bf7b80b764d9026302d53842	12/17	m2c	member-of:rock_07:0x800ED0F0
SLUS_013.95	0x80041FB0	func_80041FB0	dup:e5ad3ff6eeb8adec5a32a2bc9d9b0222f90c267c	3/13	m2c	undrawn
SLUS_013.95	0x8004202C	func_8004202C	unique	27/40	m2c	undrawn
SLUS_013.95	0x800420CC	func_800420CC	unique	14/33	m2c	undrawn
SLUS_013.95	0x80042150	func_80042150	unique	7/49	m2c	undrawn
SLUS_013.95	0x80042214	func_80042214	dup:bb36b58ffc303cf908dd7d26af6be80d3f0b34b6	5/15	m2c	undrawn
SLUS_013.95	0x8004228C	func_8004228C	unique	nocompile	m2c	undrawn
SLUS_013.95	0x80042320	func_80042320	unique	5/32	m2c	undrawn
SLUS_013.95	0x800423A0	func_800423A0	unique	19/32	m2c	undrawn
SLUS_013.95	0x80042420	func_80042420	unique	17/48	m2c	undrawn
SLUS_013.95	0x800424E0	func_800424E0	unique	17/22	m2c	undrawn
SLUS_013.95	0x80042538	func_80042538	unique	21/53	m2c	undrawn
SLUS_013.95	0x8004260C	func_8004260C	family:b4b5871981dfcda7944b53421c32234637a9b20c	16/19	m2c	undrawn
SLUS_013.95	0x80042694	func_80042694	dup:06483f913cfe05b6bf7b80b764d9026302d53842	12/17	m2c	member-of:rock_07:0x800ED0F0
SLUS_013.95	0x800426D8	func_800426D8	dup:e5ad3ff6eeb8adec5a32a2bc9d9b0222f90c267c	3/13	m2c	member-of:SLUS_013.95:0x80041FB0
SLUS_013.95	0x8004270C	func_8004270C	unique	27/29	m2c	undrawn
SLUS_013.95	0x80042780	func_80042780	unique	19/24	m2c	undrawn
SLUS_013.95	0x800427E0	func_800427E0	unique	20/23	m2c	member-of:rock_00:0x801F3640
SLUS_013.95	0x8004283C	func_8004283C	unique	9/24	m2c	undrawn
SLUS_013.95	0x800428D8	func_800428D8	unique	1/21	m2c	undrawn
SLUS_013.95	0x8004292C	func_8004292C	unique	8/38	m2c	undrawn
SLUS_013.95	0x800429D4	func_800429D4	unique	15/50	m2c	undrawn
SLUS_013.95	0x80042A9C	func_80042A9C	unique	12/51	m2c	member-of:rock_02:0x800EA8E0
SLUS_013.95	0x80042B68	func_80042B68	family:497cb8a6a29aa4a1976f5bc42276bf44d5ca23ef	10/44	m2c	member-of:rock_07:0x800ECCD8
SLUS_013.95	0x80042C18	func_80042C18	dup:3d82c3af21bbb95d722f3fba2cb6c1f7823838ca	10/12	m2c	undrawn
SLUS_013.95	0x80042C48	func_80042C48	unique	12/40	m2c	undrawn
SLUS_013.95	0x80042CE8	func_80042CE8	unique	0/21	m2c	undrawn
SLUS_013.95	0x80042D3C	func_80042D3C	unique	0/23	m2c	undrawn
SLUS_013.95	0x80042D98	func_80042D98	unique	41/52	m2c	undrawn
SLUS_013.95	0x80042E68	func_80042E68	unique	12/19	m2c	undrawn
SLUS_013.95	0x80042EB4	func_80042EB4	unique	3/27	m2c	undrawn
SLUS_013.95	0x80042F20	func_80042F20	unique	3/12	drafts/SLUS_013.95/func_80042F20.c	plateau:regalloc
SLUS_013.95	0x80042F50	func_80042F50	unique	0/11	m2c	undrawn
SLUS_013.95	0x800430D0	func_800430D0	unique	24/33	m2c	undrawn
SLUS_013.95	0x80043174	func_80043174	unique	12/21	m2c	member-of:SLUS_013.95:0x80046C64
SLUS_013.95	0x800431C8	func_800431C8	unique	23/25	m2c	undrawn
SLUS_013.95	0x8004322C	func_8004322C	unique	nocompile	m2c	undrawn
SLUS_013.95	0x80043350	func_80043350	unique	nocompile	m2c	undrawn
SLUS_013.95	0x800434BC	func_800434BC	unique	3/9	m2c	undrawn
SLUS_013.95	0x800434E0	func_800434E0	unique	0/86	m2c	undrawn
SLUS_013.95	0x80043638	func_80043638	unique	nocompile	m2c	undrawn
SLUS_013.95	0x80043890	func_80043890	unique	0/192	m2c	undrawn
SLUS_013.95	0x80043B90	func_80043B90	unique	58/139	m2c	undrawn
SLUS_013.95	0x80043DBC	func_80043DBC	unique	6/116	m2c	undrawn
SLUS_013.95	0x80043F8C	func_80043F8C	unique	30/51	m2c	undrawn
SLUS_013.95	0x80044058	func_80044058	unique	2/15	m2c	undrawn
SLUS_013.95	0x80044094	func_80044094	unique	27/33	m2c	undrawn
SLUS_013.95	0x80044118	func_80044118	unique	nocompile	m2c	undrawn
SLUS_013.95	0x800441D4	func_800441D4	unique	23/25	m2c	undrawn
SLUS_013.95	0x80044238	func_80044238	unique	18/23	m2c	undrawn
SLUS_013.95	0x80044294	func_80044294	unique	18/34	m2c	undrawn
SLUS_013.95	0x8004431C	func_8004431C	unique	27/42	m2c	undrawn
SLUS_013.95	0x800443C4	func_800443C4	unique	55/59	m2c	undrawn
SLUS_013.95	0x800445A8	func_800445A8	unique	nocompile	m2c	undrawn
SLUS_013.95	0x800447CC	func_800447CC	unique	nocompile	m2c	undrawn
SLUS_013.95	0x80044914	func_80044914	unique	nocompile	m2c	undrawn
SLUS_013.95	0x80044D04	func_80044D04	unique	36/103	m2c	undrawn
SLUS_013.95	0x80044EA0	func_80044EA0	unique	24/54	m2c	undrawn
SLUS_013.95	0x80044F78	func_80044F78	unique	0/40	m2c	member-of:SLUS_013.95:0x80045E58
SLUS_013.95	0x80045018	func_80045018	unique	12/50	m2c	undrawn
SLUS_013.95	0x800450E0	func_800450E0	unique	2/22	m2c	undrawn
SLUS_013.95	0x80045138	func_80045138	unique	12/32	m2c	undrawn
SLUS_013.95	0x800451B8	func_800451B8	unique	nocompile	m2c	undrawn
SLUS_013.95	0x8004548C	func_8004548C	unique	nocompile	m2c	undrawn
SLUS_013.95	0x800456D4	func_800456D4	unique	5/79	m2c	undrawn
SLUS_013.95	0x80045810	func_80045810	unique	0/70	m2c	undrawn
SLUS_013.95	0x80045928	func_80045928	unique	nocompile	m2c	undrawn
SLUS_013.95	0x80045C14	func_80045C14	unique	17/85	m2c	undrawn
SLUS_013.95	0x80045D68	func_80045D68	unique	0/60	m2c	undrawn
SLUS_013.95	0x80045E58	func_80045E58	family:9b25f1eddc65f8d21a8c6dfe80e71596d073659f	1/31	m2c	undrawn
SLUS_013.95	0x80045ED4	func_80045ED4	unique	2/41	m2c	undrawn
SLUS_013.95	0x80045F78	func_80045F78	unique	29/57	m2c	undrawn
SLUS_013.95	0x8004605C	func_8004605C	unique	14/27	m2c	undrawn
SLUS_013.95	0x800460C8	func_800460C8	unique	29/32	m2c	undrawn
SLUS_013.95	0x80046148	func_80046148	family:2604798c721907f477a1d345b0795e880780941c	34/38	m2c	undrawn
SLUS_013.95	0x800461E0	func_800461E0	unique	0/56	m2c	undrawn
SLUS_013.95	0x800462C0	func_800462C0	unique	9/22	m2c	undrawn
SLUS_013.95	0x80046318	func_80046318	unique	0/31	m2c	undrawn
SLUS_013.95	0x80046440	func_80046440	unique	2/14	m2c	undrawn
SLUS_013.95	0x80046478	func_80046478	unique	16/19	m2c	undrawn
SLUS_013.95	0x800464C4	func_800464C4	unique	20/20	m2c	plumbing:R2
SLUS_013.95	0x80046550	func_80046550	unique	35/41	m2c	undrawn
SLUS_013.95	0x80046630	func_80046630	unique	12/37	m2c	undrawn
SLUS_013.95	0x8004672C	func_8004672C	x4	43/65	m2c	undrawn
SLUS_013.95	0x8004686C	func_8004686C	x4	14/20	m2c	undrawn
SLUS_013.95	0x800468DC	func_800468DC	unique	nocompile	m2c	undrawn
SLUS_013.95	0x80046A60	func_80046A60	unique	nocompile	m2c	undrawn
SLUS_013.95	0x80046B00	func_80046B00	unique	0/67	m2c	undrawn
SLUS_013.95	0x80046C0C	func_80046C0C	unique	0/22	m2c	undrawn
SLUS_013.95	0x80046C64	func_80046C64	dup:38e1a722ce8eb22c0c91e96517429c593bfa9d95	8/16	m2c	undrawn
SLUS_013.95	0x80046CA4	func_80046CA4	unique	nocompile	m2c	undrawn
SLUS_013.95	0x80046DD4	func_80046DD4	dup:38e1a722ce8eb22c0c91e96517429c593bfa9d95	8/16	m2c	member-of:SLUS_013.95:0x80046C64
SLUS_013.95	0x80046E14	func_80046E14	unique	nocompile	m2c	undrawn
SLUS_013.95	0x800472D0	func_800472D0	unique	0/49	m2c	undrawn
SLUS_013.95	0x80047394	func_80047394	unique	7/22	m2c	member-of:rock_04:0x800EE208
SLUS_013.95	0x80047460	func_80047460	unique	36/63	m2c	undrawn
SLUS_013.95	0x8004755C	func_8004755C	unique	nocompile	m2c	undrawn
SLUS_013.95	0x80047674	func_80047674	unique	3/27	m2c	undrawn
SLUS_013.95	0x800476E0	func_800476E0	unique	0/32	m2c	undrawn
SLUS_013.95	0x80047760	func_80047760	unique	12/33	m2c	undrawn
SLUS_013.95	0x800477E4	func_800477E4	unique	52/67	m2c	undrawn
SLUS_013.95	0x800478F0	func_800478F0	unique	31/71	m2c	undrawn
SLUS_013.95	0x80047B34	func_80047B34	unique	nocompile	m2c	undrawn
SLUS_013.95	0x80047C30	func_80047C30	x4	22/26	m2c	undrawn
SLUS_013.95	0x80047C98	func_80047C98	unique	nocompile	m2c	undrawn
SLUS_013.95	0x80047E34	func_80047E34	unique	31/81	m2c	undrawn
SLUS_013.95	0x80047FB8	func_80047FB8	x4	28/30	m2c	undrawn
SLUS_013.95	0x80048030	func_80048030	unique	nocompile	m2c	undrawn
SLUS_013.95	0x80048268	func_80048268	unique	nocompile	m2c	undrawn
SLUS_013.95	0x80048380	func_80048380	unique	15/70	m2c	undrawn
SLUS_013.95	0x800484D8	func_800484D8	dup:590ed0325c72277467183ee61d9754ac680efcd0	11/19	m2c	member-of:SLUS_013.95:0x80037838
SLUS_013.95	0x80048584	func_80048584	unique	9/14	m2c	jtbl-uncarved
SLUS_013.95	0x800485BC	func_800485BC	unique	0/27	m2c	undrawn
SLUS_013.95	0x80048628	func_80048628	unique	nocompile	m2c	undrawn
SLUS_013.95	0x80048980	func_80048980	dup:38e1a722ce8eb22c0c91e96517429c593bfa9d95	8/16	m2c	member-of:SLUS_013.95:0x80046C64
SLUS_013.95	0x800489C0	func_800489C0	unique	8/36	m2c	undrawn
SLUS_013.95	0x80048A8C	func_80048A8C	unique	47/67	m2c	undrawn
SLUS_013.95	0x80048B98	func_80048B98	dup:38e1a722ce8eb22c0c91e96517429c593bfa9d95	8/16	m2c	member-of:SLUS_013.95:0x80046C64
SLUS_013.95	0x80048BD8	func_80048BD8	unique	8/36	m2c	undrawn
SLUS_013.95	0x80048C68	func_80048C68	unique	3/88	m2c	undrawn
SLUS_013.95	0x80048DC8	func_80048DC8	dup:092b78e20e4a8e3dd6f0100e81da3d0b6b44ca35	8/19	m2c	member-of:SLUS_013.95:0x80046C64
SLUS_013.95	0x80048E7C	func_80048E7C	dup:092b78e20e4a8e3dd6f0100e81da3d0b6b44ca35	8/19	m2c	member-of:SLUS_013.95:0x80046C64
SLUS_013.95	0x80048EC8	func_80048EC8	unique	10/67	m2c	undrawn
SLUS_013.95	0x80048FD4	func_80048FD4	unique	15/23	m2c	member-of:SLUS_013.95:0x80037838
SLUS_013.95	0x80049050	func_80049050	unique	15/16	m2c	undrawn
SLUS_013.95	0x80049090	func_80049090	unique	0/19	m2c	undrawn
SLUS_013.95	0x80049100	func_80049100	unique	nocompile	m2c	undrawn
SLUS_013.95	0x80049270	func_80049270	unique	nocompile	m2c	undrawn
SLUS_013.95	0x80049410	func_80049410	unique	11/26	m2c	undrawn
SLUS_013.95	0x800494DC	func_800494DC	x4	0/34	m2c	undrawn
SLUS_013.95	0x80049564	func_80049564	unique	51/67	m2c	undrawn
SLUS_013.95	0x80049670	func_80049670	x4	18/20	m2c	member-of:rock_15:0x800F51D4
SLUS_013.95	0x800496C0	func_800496C0	x4	0/34	m2c	undrawn
SLUS_013.95	0x80049748	func_80049748	unique	0/46	m2c	undrawn
SLUS_013.95	0x80049800	func_80049800	unique	19/21	m2c	member-of:rock_15:0x800F51D4
SLUS_013.95	0x80049854	func_80049854	unique	13/63	m2c	undrawn
SLUS_013.95	0x80049950	func_80049950	x4	0/20	m2c	undrawn
SLUS_013.95	0x800499A0	func_800499A0	unique	22/29	m2c	undrawn
SLUS_013.95	0x80049A14	func_80049A14	unique	nocompile	m2c	undrawn
SLUS_013.95	0x80049D90	func_80049D90	unique	9/48	m2c	undrawn
SLUS_013.95	0x80049E50	func_80049E50	x4	7/8	m2c	undrawn
SLUS_013.95	0x80049EBC	func_80049EBC	unique	nocompile	m2c	undrawn
SLUS_013.95	0x80049F98	func_80049F98	unique	nocompile	m2c	undrawn
SLUS_013.95	0x8004A0C0	func_8004A0C0	unique	0/37	m2c	undrawn
SLUS_013.95	0x8004A194	func_8004A194	unique	15/47	m2c	undrawn
SLUS_013.95	0x8004A250	func_8004A250	unique	23/25	m2c	member-of:rock_00:0x801EE4DC
SLUS_013.95	0x8004A2B4	func_8004A2B4	unique	13/301	m2c	undrawn
SLUS_013.95	0x8004A768	func_8004A768	unique	9/140	m2c	undrawn
SLUS_013.95	0x8004A998	func_8004A998	unique	nocompile	m2c	undrawn
SLUS_013.95	0x8004ACBC	func_8004ACBC	unique	3/47	m2c	member-of:rock_15:0x800ECC78
SLUS_013.95	0x8004AD78	func_8004AD78	family:680e365233c0b57ed5616a7f796c2b198f41dab0	39/41	m2c	undrawn
SLUS_013.95	0x8004AE1C	func_8004AE1C	unique	16/94	m2c	undrawn
SLUS_013.95	0x8004AF94	func_8004AF94	unique	nocompile	m2c	undrawn
SLUS_013.95	0x8004B1F4	func_8004B1F4	unique	10/107	m2c	undrawn
SLUS_013.95	0x8004B3A0	func_8004B3A0	unique	6/56	m2c	undrawn
SLUS_013.95	0x8004B4BC	func_8004B4BC	x4	19/20	m2c	undrawn
SLUS_013.95	0x8004B50C	func_8004B50C	x4	nocompile	m2c	undrawn
SLUS_013.95	0x8004B634	func_8004B634	unique	34/85	m2c	undrawn
SLUS_013.95	0x8004B788	func_8004B788	family:d899f77f2f2c39241e1604f853466841378dc00f	1/39	m2c	undrawn
SLUS_013.95	0x8004B824	func_8004B824	unique	4/18	m2c	undrawn
SLUS_013.95	0x8004B86C	func_8004B86C	family:d899f77f2f2c39241e1604f853466841378dc00f	1/39	m2c	member-of:SLUS_013.95:0x8004B788
SLUS_013.95	0x8004B908	func_8004B908	unique	19/23	m2c	member-of:rock_10:0x800EC970
SLUS_013.95	0x8004B9C0	func_8004B9C0	unique	59/103	m2c	undrawn
SLUS_013.95	0x8004BB5C	func_8004BB5C	unique	34/219	m2c	undrawn
SLUS_013.95	0x8004BEC8	func_8004BEC8	x4	11/70	m2c	undrawn
SLUS_013.95	0x8004C040	func_8004C040	unique	9/48	m2c	undrawn
SLUS_013.95	0x8004C120	func_8004C120	unique	nocompile	m2c	undrawn
SLUS_013.95	0x8004C330	func_8004C330	unique	25/33	m2c	undrawn
SLUS_013.95	0x8004C3B4	func_8004C3B4	unique	5/18	m2c	undrawn
SLUS_013.95	0x8004C41C	func_8004C41C	unique	7/90	m2c	undrawn
SLUS_013.95	0x8004C584	func_8004C584	unique	10/74	m2c	undrawn
SLUS_013.95	0x8004C7B0	func_8004C7B0	x4	17/29	m2c	undrawn
SLUS_013.95	0x8004C844	func_8004C844	x4	nocompile	m2c	undrawn
SLUS_013.95	0x8004CA08	func_8004CA08	unique	25/205	m2c	undrawn
SLUS_013.95	0x8004CD3C	func_8004CD3C	unique	nocompile	m2c	undrawn
SLUS_013.95	0x8004CFA4	func_8004CFA4	x4	14/25	m2c	undrawn
SLUS_013.95	0x8004D008	func_8004D008	unique	9/19	m2c	member-of:SLUS_013.95:0x80037838
SLUS_013.95	0x8004D074	func_8004D074	x4	11/15	m2c	undrawn
SLUS_013.95	0x8004D0B0	func_8004D0B0	unique	nocompile	m2c	undrawn
SLUS_013.95	0x8004D204	func_8004D204	unique	0/38	m2c	undrawn
SLUS_013.95	0x8004D318	func_8004D318	unique	114/160	m2c	undrawn
SLUS_013.95	0x8004D6D4	func_8004D6D4	unique	19/19	m2c	plumbing:R2
SLUS_013.95	0x8004D7B8	func_8004D7B8	unique	nocompile	m2c	undrawn
SLUS_013.95	0x8004DA7C	func_8004DA7C	unique	41/143	m2c	undrawn
SLUS_013.95	0x8004DCB8	func_8004DCB8	unique	nocompile	m2c	undrawn
SLUS_013.95	0x8004DDD4	func_8004DDD4	unique	9/181	m2c	undrawn
SLUS_013.95	0x8004E0A8	func_8004E0A8	unique	8/113	m2c	undrawn
SLUS_013.95	0x8004E26C	func_8004E26C	unique	nocompile	m2c	jtbl-uncarved
SLUS_013.95	0x8004E5D8	func_8004E5D8	unique	19/31	m2c	member-of:SLUS_013.95:0x80037838
SLUS_013.95	0x8004E654	func_8004E654	x4	7/11	m2c	undrawn
SLUS_013.95	0x8004E680	func_8004E680	unique	0/67	m2c	undrawn
SLUS_013.95	0x8004E78C	func_8004E78C	dup:cdf360ba26fe57e68438326c95ee5b430c9ec3e2	0/13	m2c	undrawn
SLUS_013.95	0x8004E800	func_8004E800	unique	nocompile	m2c	undrawn
SLUS_013.95	0x8004EA78	func_8004EA78	unique	85/110	m2c	undrawn
SLUS_013.95	0x8004EC30	func_8004EC30	unique	nocompile	m2c	member-of:SLUS_013.95:0x8004DCB8
SLUS_013.95	0x8004ED4C	func_8004ED4C	unique	0/96	m2c	undrawn
SLUS_013.95	0x8004EECC	func_8004EECC	unique	40/65	m2c	undrawn
SLUS_013.95	0x8004EFD0	func_8004EFD0	unique	nocompile	m2c	undrawn
SLUS_013.95	0x8004F144	func_8004F144	unique	18/106	m2c	undrawn
SLUS_013.95	0x8004F2EC	func_8004F2EC	unique	nocompile	m2c	undrawn
SLUS_013.95	0x8004F624	func_8004F624	unique	nocompile	m2c	undrawn
SLUS_013.95	0x8004F834	func_8004F834	dup:092b78e20e4a8e3dd6f0100e81da3d0b6b44ca35	8/19	m2c	member-of:SLUS_013.95:0x80046C64
SLUS_013.95	0x8004FAD0	func_8004FAD0	unique	28/28	m2c	plumbing:R2
SLUS_013.95	0x8004FB60	func_8004FB60	unique	16/56	m2c	undrawn
SLUS_013.95	0x8004FC40	func_8004FC40	unique	nocompile	m2c	undrawn
SLUS_013.95	0x8004FD58	func_8004FD58	unique	nocompile	m2c	undrawn
SLUS_013.95	0x8004FE58	func_8004FE58	dup:cdf360ba26fe57e68438326c95ee5b430c9ec3e2	0/13	m2c	member-of:SLUS_013.95:0x8004E78C
SLUS_013.95	0x8004FE8C	func_8004FE8C	unique	20/29	m2c	undrawn
SLUS_013.95	0x8004FF00	func_8004FF00	unique	2/19	m2c	undrawn
SLUS_013.95	0x8004FF4C	func_8004FF4C	family:6519c5ab628c0a4e8ac8a09314bf66d1906c9b23	0/12	m2c	undrawn
SLUS_013.95	0x8004FF7C	func_8004FF7C	unique	2/31	m2c	undrawn
SLUS_013.95	0x8004FFF8	func_8004FFF8	unique	30/50	m2c	jtbl-uncarved
SLUS_013.95	0x8005011C	func_8005011C	unique	nocompile	m2c	undrawn
SLUS_013.95	0x80050250	func_80050250	unique	nocompile	m2c	undrawn
SLUS_013.95	0x80050540	func_80050540	unique	1/76	m2c	undrawn
SLUS_013.95	0x80050670	func_80050670	unique	nocompile	m2c	undrawn
SLUS_013.95	0x80050C88	func_80050C88	unique	17/93	m2c	undrawn
SLUS_013.95	0x80050DFC	func_80050DFC	dup:3841861bc21ec5a06e7fe26f058b170fac036262	12/23	m2c	member-of:SLUS_013.95:0x80037838
SLUS_013.95	0x80050E58	func_80050E58	unique	nocompile	m2c	undrawn
SLUS_013.95	0x80050EA0	func_80050EA0	unique	26/46	m2c	undrawn
SLUS_013.95	0x80050F58	func_80050F58	unique	8/48	m2c	undrawn
SLUS_013.95	0x80051018	func_80051018	unique	10/43	m2c	undrawn
SLUS_013.95	0x80051104	func_80051104	x4	0/21	m2c	undrawn
SLUS_013.95	0x80051158	func_80051158	unique	nocompile	m2c	undrawn
SLUS_013.95	0x80051490	func_80051490	unique	5/73	m2c	undrawn
SLUS_013.95	0x800515B4	func_800515B4	unique	67/75	m2c	undrawn
SLUS_013.95	0x800516E0	func_800516E0	unique	nocompile	m2c	undrawn
SLUS_013.95	0x80051780	func_80051780	unique	36/42	m2c	undrawn
SLUS_013.95	0x80051828	func_80051828	unique	5/26	m2c	undrawn
SLUS_013.95	0x80051890	func_80051890	unique	28/37	m2c	undrawn
SLUS_013.95	0x80051924	func_80051924	unique	0/72	m2c	undrawn
SLUS_013.95	0x80051A44	func_80051A44	unique	30/33	m2c	undrawn
SLUS_013.95	0x80051AC8	func_80051AC8	unique	7/24	m2c	undrawn
SLUS_013.95	0x80051B28	func_80051B28	unique	16/19	m2c	member-of:rock_20:0x800EEAFC
SLUS_013.95	0x80051B74	func_80051B74	unique	34/37	m2c	member-of:SLUS_013.95:0x80051A44
SLUS_013.95	0x80051C08	func_80051C08	unique	19/24	m2c	undrawn
SLUS_013.95	0x80051C68	func_80051C68	unique	17/48	m2c	undrawn
SLUS_013.95	0x80051D28	func_80051D28	unique	nocompile	m2c	undrawn
SLUS_013.95	0x80051E40	func_80051E40	unique	12/23	m2c	undrawn
SLUS_013.95	0x80051ED4	func_80051ED4	unique	2/53	m2c	undrawn
SLUS_013.95	0x80051FA8	func_80051FA8	unique	14/16	m2c	undrawn
SLUS_013.95	0x80051FE8	func_80051FE8	unique	11/77	m2c	undrawn
SLUS_013.95	0x8005211C	func_8005211C	unique	11/79	m2c	undrawn
SLUS_013.95	0x80052294	func_80052294	unique	1/27	m2c	undrawn
SLUS_013.95	0x80052300	func_80052300	unique	13/110	m2c	undrawn
SLUS_013.95	0x800524B8	func_800524B8	unique	6/71	m2c	undrawn
SLUS_013.95	0x80052610	func_80052610	unique	nocompile	m2c	undrawn
SLUS_013.95	0x800527A4	func_800527A4	unique	4/61	m2c	undrawn
SLUS_013.95	0x800528F4	func_800528F4	unique	nocompile	m2c	undrawn
SLUS_013.95	0x80052CFC	func_80052CFC	unique	4/13	m2c	undrawn
SLUS_013.95	0x80052DB8	func_80052DB8	unique	nocompile	m2c	undrawn
SLUS_013.95	0x80052E44	func_80052E44	unique	nocompile	m2c	undrawn
SLUS_013.95	0x80052F64	func_80052F64	unique	10/196	m2c	undrawn
SLUS_013.95	0x80053274	func_80053274	unique	15/58	m2c	undrawn
SLUS_013.95	0x800533F4	func_800533F4	unique	3/19	m2c	undrawn
SLUS_013.95	0x80053440	func_80053440	unique	0/19	m2c	undrawn
SLUS_013.95	0x8005348C	func_8005348C	unique	8/44	m2c	undrawn
SLUS_013.95	0x80053578	func_80053578	unique	8/42	m2c	undrawn
SLUS_013.95	0x80053620	func_80053620	unique	38/44	m2c	undrawn
SLUS_013.95	0x800536D0	func_800536D0	x4	3/13	m2c	undrawn
SLUS_013.95	0x80053704	func_80053704	x4	24/34	m2c	undrawn
SLUS_013.95	0x8005378C	func_8005378C	unique	19/25	m2c	undrawn
SLUS_013.95	0x800537F0	func_800537F0	x4	4/14	m2c	member-of:SLUS_013.95:0x800536D0
SLUS_013.95	0x80053828	func_80053828	x4	25/29	m2c	undrawn
SLUS_013.95	0x800538BC	func_800538BC	unique	nocompile	m2c	undrawn
SLUS_013.95	0x80053A20	func_80053A20	unique	nocompile	m2c	undrawn
SLUS_013.95	0x80053B6C	func_80053B6C	unique	5/92	m2c	undrawn
SLUS_013.95	0x80053D18	func_80053D18	unique	nocompile	m2c	undrawn
SLUS_013.95	0x80053E44	func_80053E44	unique	3/72	m2c	undrawn
SLUS_013.95	0x80053F64	func_80053F64	unique	7/21	m2c	undrawn
SLUS_013.95	0x8005400C	func_8005400C	x4	65/114	m2c	undrawn
SLUS_013.95	0x80054AD0	func_80054AD0	vendor:LIBSND.LIB/2MBYTE_2MBYTE	nocompile	m2c	vendor
SLUS_013.95	0x80054B94	func_80054B94	vendor:LIBSPU.LIB/LIBSPU_S_CRWA	nocompile	m2c	vendor
SLUS_013.95	0x80054D34	func_80054D34	vendor:LIBSPU.LIB/LIBSPU_SPU	nocompile	m2c	vendor
SLUS_013.95	0x80054FB4	func_80054FB4	vendor:LIBSPU.LIB/LIBSPU_SPU	nocompile	m2c	vendor
SLUS_013.95	0x80055174	func_80055174	vendor:LIBSPU.LIB/LIBSPU_SPU	nocompile	m2c	vendor
SLUS_013.95	0x80055230	func_80055230	vendor:LIBSPU.LIB/LIBSPU_SPU	nocompile	m2c	vendor
SLUS_013.95	0x800552D8	func_800552D8	vendor:LIBSPU.LIB/LIBSPU_SPU	nocompile	m2c	vendor
SLUS_013.95	0x80055558	func_80055558	vendor:LIBSPU.LIB/LIBSPU_SPU	nocompile	m2c	vendor
SLUS_013.95	0x800555DC	func_800555DC	vendor:LIBSPU.LIB/LIBSPU_SPU	nocompile	m2c	vendor
SLUS_013.95	0x80055640	func_80055640	vendor:LIBSPU.LIB/LIBSPU_SPU	nocompile	m2c	vendor
SLUS_013.95	0x80055684	func_80055684	vendor:LIBSPU.LIB/LIBSPU_SPU	nocompile	m2c	vendor
SLUS_013.95	0x80055728	func_80055728	vendor:LIBSPU.LIB/LIBSPU_SPU	nocompile	m2c	vendor
SLUS_013.95	0x80055764	func_80055764	vendor:LIBSPU.LIB/LIBSPU_SPU	nocompile	m2c	vendor
SLUS_013.95	0x800557BC	func_800557BC	vendor:LIBSPU.LIB/LIBSPU_SPU	nocompile	m2c	vendor
SLUS_013.95	0x800557E4	func_800557E4	vendor:LIBSPU.LIB/LIBSPU_SPU	nocompile	m2c	vendor
SLUS_013.95	0x8005580C	func_8005580C	vendor:LIBSPU.LIB/LIBSPU_SPU	nocompile	m2c	vendor
SLUS_013.95	0x80055874	func_80055874	vendor:LIBSPU.LIB/LIBSPU_S_INI	nocompile	m2c	vendor
SLUS_013.95	0x8005595C	func_8005595C	vendor:LIBSPU.LIB/LIBSPU_S_INI	nocompile	m2c	vendor
SLUS_013.95	0x800559D4	func_800559D4	vendor:LIBSPU.LIB/LIBSPU_S_DCB	nocompile	m2c	vendor
SLUS_013.95	0x80055A04	func_80055A04	vendor:LIBSPU.LIB/LIBSPU_S_M_UTIL	7/32	m2c	vendor
SLUS_013.95	0x80055A84	func_80055A84	vendor:LIBSPU.LIB/LIBSPU_S_M_UTIL	8/35	m2c	vendor
SLUS_013.95	0x80055B14	func_80055B14	vendor:LIBSPU.LIB/LIBSPU_S_GKS	nocompile	m2c	vendor
SLUS_013.95	0x80055BA4	func_80055BA4	vendor:LIBSPU.LIB/LIBSPU_S_STM	nocompile	m2c	vendor
SLUS_013.95	0x80055BD4	func_80055BD4	vendor:LIBSND.LIB/LIBSND_SSCLOSE	nocompile	m2c	vendor
SLUS_013.95	0x80055D50	func_80055D50	vendor:LIBSND.LIB/LIBSND_SSCLOSE	nocompile	m2c	vendor
SLUS_013.95	0x80055D74	func_80055D74	vendor:LIBSND.LIB/LIBSND_SSCLOSE	nocompile	m2c	vendor
SLUS_013.95	0x80055DA4	func_80055DA4	vendor:LIBSND.LIB/LIBSND_SSEND	nocompile	m2c	vendor
SLUS_013.95	0x80055E54	func_80055E54	vendor:LIBSND.LIB/LIBSND_SSINIT	nocompile	m2c	vendor
SLUS_013.95	0x80055EF4	func_80055EF4	vendor:LIBSND.LIB/LIBSND_SSINIT_C	nocompile	m2c	vendor
SLUS_013.95	0x80055F34	func_80055F34	vendor:unproven/55F34	nocompile	m2c	vendor
SLUS_013.95	0x80055F54	func_80055F54	vendor:LIBSND.LIB/LIBSND_SSISEOS	nocompile	m2c	vendor
SLUS_013.95	0x80055F94	func_80055F94	vendor:LIBSND.LIB/LIBSND_SSOPENP	nocompile	m2c	vendor
SLUS_013.95	0x80056294	func_80056294	vendor:LIBSND.LIB/LIBSND_CC_0	nocompile	m2c	vendor
SLUS_013.95	0x80056314	func_80056314	vendor:LIBSND.LIB/LIBSND_CC_6	nocompile	m2c	vendor
SLUS_013.95	0x80056694	func_80056694	vendor:LIBSND.LIB/LIBSND_CC_7	nocompile	m2c	vendor
SLUS_013.95	0x80056764	func_80056764	vendor:LIBSND.LIB/LIBSND_CC_10	nocompile	m2c	vendor
SLUS_013.95	0x80056834	func_80056834	vendor:LIBSND.LIB/LIBSND_CC_11	nocompile	m2c	vendor
SLUS_013.95	0x80056924	func_80056924	vendor:LIBSND.LIB/LIBSND_CC_64	nocompile	m2c	vendor
SLUS_013.95	0x800569D4	func_800569D4	vendor:LIBSND.LIB/LIBSND_CC_91	nocompile	m2c	vendor
SLUS_013.95	0x80056A64	func_80056A64	vendor:LIBSND.LIB/LIBSND_CC_98	nocompile	m2c	vendor
SLUS_013.95	0x80056B64	func_80056B64	vendor:LIBSND.LIB/LIBSND_CC_99	nocompile	m2c	vendor
SLUS_013.95	0x80056CA4	func_80056CA4	vendor:LIBSND.LIB/LIBSND_CC_100	nocompile	m2c	vendor
SLUS_013.95	0x80056D14	func_80056D14	vendor:LIBSND.LIB/LIBSND_CC_101	nocompile	m2c	vendor
SLUS_013.95	0x80056D84	func_80056D84	vendor:LIBSND.LIB/LIBSND_CC_121	nocompile	m2c	vendor
SLUS_013.95	0x80056E44	func_80056E44	vendor:LIBSND.LIB/LIBSND_DE_0	nocompile	m2c	vendor
SLUS_013.95	0x80056ED4	func_80056ED4	vendor:LIBSND.LIB/LIBSND_DE_1	nocompile	m2c	vendor
SLUS_013.95	0x80056F94	func_80056F94	vendor:LIBSND.LIB/LIBSND_DE_2	nocompile	m2c	vendor
SLUS_013.95	0x80057024	func_80057024	vendor:LIBSND.LIB/LIBSND_DE_3	nocompile	m2c	vendor
SLUS_013.95	0x800570B4	func_800570B4	vendor:LIBSND.LIB/LIBSND_DE_4	nocompile	m2c	vendor
SLUS_013.95	0x80057164	func_80057164	vendor:LIBSND.LIB/LIBSND_CCADSR	nocompile	m2c	vendor
SLUS_013.95	0x800571C0	func_800571C0	vendor:LIBSND.LIB/LIBSND_CCADSR	nocompile	m2c	vendor
SLUS_013.95	0x80057264	func_80057264	vendor:LIBSND.LIB/LIBSND_DE_5	nocompile	m2c	vendor
SLUS_013.95	0x80057324	func_80057324	vendor:LIBSND.LIB/LIBSND_DE_6	nocompile	m2c	vendor
SLUS_013.95	0x800573D4	func_800573D4	vendor:LIBSND.LIB/LIBSND_DE_7	nocompile	m2c	vendor
SLUS_013.95	0x80057484	func_80057484	vendor:LIBSND.LIB/LIBSND_DE_8	nocompile	m2c	vendor
SLUS_013.95	0x80057534	func_80057534	vendor:LIBSND.LIB/LIBSND_DE_9	nocompile	m2c	vendor
SLUS_013.95	0x800575F4	func_800575F4	vendor:LIBSND.LIB/LIBSND_DE_10	nocompile	m2c	vendor
SLUS_013.95	0x800576A4	func_800576A4	vendor:LIBSND.LIB/LIBSND_DE_11	nocompile	m2c	vendor
SLUS_013.95	0x80057754	func_80057754	vendor:LIBSND.LIB/LIBSND_DE_12	nocompile	m2c	vendor
SLUS_013.95	0x80057834	func_80057834	vendor:LIBSND.LIB/LIBSND_DE_13	nocompile	m2c	vendor
SLUS_013.95	0x800578D4	func_800578D4	vendor:LIBSND.LIB/LIBSND_DE_14	nocompile	m2c	vendor
SLUS_013.95	0x80057974	func_80057974	vendor:unproven/57974	nocompile	m2c	vendor
SLUS_013.95	0x800579A4	func_800579A4	vendor:LIBSND.LIB/LIBSND_DE_16	nocompile	m2c	vendor
SLUS_013.95	0x800579D4	func_800579D4	vendor:unproven/579D4	nocompile	m2c	vendor
SLUS_013.95	0x80057A04	func_80057A04	vendor:unproven/579D4	nocompile	m2c	vendor
SLUS_013.95	0x80057A34	func_80057A34	vendor:unproven/579D4	nocompile	m2c	vendor
SLUS_013.95	0x80057A64	func_80057A64	vendor:LIBSND.LIB/LIBSND_MIDIBEND	nocompile	m2c	vendor
SLUS_013.95	0x80057B14	func_80057B14	vendor:LIBSND.LIB/LIBSND_MIDICC	nocompile	m2c	vendor
SLUS_013.95	0x80057D44	func_80057D44	vendor:LIBSND.LIB/LIBSND_MIDIMETA	nocompile	m2c	vendor
SLUS_013.95	0x80057F14	func_80057F14	vendor:LIBSND.LIB/LIBSND_MIDINOTE	nocompile	m2c	vendor
SLUS_013.95	0x80057FF4	func_80057FF4	vendor:LIBSND.LIB/LIBSND_MIDIPROG	nocompile	m2c	vendor
SLUS_013.95	0x80058064	func_80058064	vendor:LIBSND.LIB/LIBSND_MIDITIME	nocompile	m2c	vendor
SLUS_013.95	0x80058114	func_80058114	vendor:LIBSND.LIB/LIBSND_SEPINIT	nocompile	m2c	vendor
SLUS_013.95	0x800584F4	func_800584F4	vendor:LIBSND.LIB/LIBSND_SSPLAY	nocompile	m2c	vendor
SLUS_013.95	0x80058534	func_80058534	vendor:LIBSND.LIB/LIBSND_SSPLAY_2	nocompile	m2c	vendor
SLUS_013.95	0x80058574	func_80058574	vendor:unproven/58574	nocompile	m2c	vendor
SLUS_013.95	0x80058594	func_80058594	vendor:LIBSPU.LIB/LIBSPU_S_Q	nocompile	m2c	vendor
SLUS_013.95	0x80058614	func_80058614	vendor:LIBSND.LIB/LIBSND_PLAYMODE	nocompile	m2c	vendor
SLUS_013.95	0x80058734	func_80058734	vendor:LIBSND.LIB/LIBSND_SSSATTR	nocompile	m2c	vendor
SLUS_013.95	0x800587F4	func_800587F4	vendor:LIBSPU.LIB/LIBSPU_S_SCA	nocompile	m2c	vendor
SLUS_013.95	0x80058B74	func_80058B74	vendor:LIBSND.LIB/LIBSND_SSSMV	nocompile	m2c	vendor
SLUS_013.95	0x80058BC4	func_80058BC4	vendor:LIBSND.LIB/LIBSND_SSSTART	nocompile	m2c	vendor
SLUS_013.95	0x80058DF4	func_80058DF4	vendor:LIBSND.LIB/LIBSND_SSSTART	nocompile	m2c	vendor
SLUS_013.95	0x80058E14	func_80058E14	vendor:LIBSND.LIB/LIBSND_SSSTART	nocompile	m2c	vendor
SLUS_013.95	0x80058E34	func_80058E34	vendor:LIBSND.LIB/LIBSND_SSSTART	nocompile	m2c	vendor
SLUS_013.95	0x80058E80	func_80058E80	vendor:LIBSND.LIB/LIBSND_SSSTART	nocompile	m2c	vendor
SLUS_013.95	0x80058ED4	func_80058ED4	vendor:LIBSND.LIB/LIBSND_SSCALL	nocompile	m2c	vendor
SLUS_013.95	0x80059144	func_80059144	vendor:LIBSND.LIB/LIBSND_CRES	nocompile	m2c	vendor
SLUS_013.95	0x80059354	func_80059354	vendor:LIBSND.LIB/LIBSND_PAUSE	nocompile	m2c	vendor
SLUS_013.95	0x800593F4	func_800593F4	vendor:LIBSND.LIB/LIBSND_PLAY	nocompile	m2c	vendor
SLUS_013.95	0x80059424	func_80059424	vendor:LIBSND.LIB/LIBSND_MIDIREAD	nocompile	m2c	vendor
SLUS_013.95	0x80059520	func_80059520	vendor:LIBSND.LIB/LIBSND_MIDIREAD	nocompile	m2c	vendor
SLUS_013.95	0x80059764	func_80059764	vendor:LIBSND.LIB/LIBSND_MIDIREAD	nocompile	m2c	vendor
SLUS_013.95	0x80059B14	func_80059B14	vendor:LIBSND.LIB/LIBSND_NEXT	nocompile	m2c	vendor
SLUS_013.95	0x80059C14	func_80059C14	vendor:LIBSND.LIB/LIBSND_REPLAY	nocompile	m2c	vendor
SLUS_013.95	0x80059C74	func_80059C74	vendor:LIBSND.LIB/LIBSND_SSSTOP	nocompile	m2c	vendor
SLUS_013.95	0x80059DF4	func_80059DF4	vendor:LIBSND.LIB/LIBSND_SSSTOP	nocompile	m2c	vendor
SLUS_013.95	0x80059E1C	func_80059E1C	vendor:LIBSND.LIB/LIBSND_SSSTOP	nocompile	m2c	vendor
SLUS_013.95	0x80059E54	func_80059E54	vendor:LIBSND.LIB/LIBSND_SSSV	nocompile	m2c	vendor
SLUS_013.95	0x80059F64	func_80059F64	vendor:LIBSND.LIB/LIBSND_SSTABLE	nocompile	m2c	vendor
SLUS_013.95	0x8005A184	func_8005A184	vendor:LIBSND.LIB/LIBSND_SSTICK	nocompile	m2c	vendor
SLUS_013.95	0x8005A2D4	func_8005A2D4	vendor:LIBSND.LIB/LIBSND_SSVOL	nocompile	m2c	vendor
SLUS_013.95	0x8005A364	func_8005A364	vendor:LIBSND.LIB/LIBSND_SSVOL	nocompile	m2c	vendor
SLUS_013.95	0x8005A3CC	func_8005A3CC	vendor:LIBSND.LIB/LIBSND_SSVOL	nocompile	m2c	vendor
SLUS_013.95	0x8005A464	func_8005A464	vendor:LIBSND.LIB/LIBSND_TEMPO	nocompile	m2c	vendor
SLUS_013.95	0x8005A684	func_8005A684	vendor:LIBSND.LIB/LIBSND_UT_GPA	nocompile	m2c	vendor
SLUS_013.95	0x8005A794	func_8005A794	vendor:LIBSND.LIB/LIBSND_UT_GVA	nocompile	m2c	vendor
SLUS_013.95	0x8005A9D4	func_8005A9D4	vendor:LIBSND.LIB/LIBSND_UT_KEYV	nocompile	m2c	vendor
SLUS_013.95	0x8005AD40	func_8005AD40	vendor:LIBSND.LIB/LIBSND_UT_KEYV	nocompile	m2c	vendor
SLUS_013.95	0x8005ADB4	func_8005ADB4	vendor:LIBSND.LIB/LIBSND_UT_RDEL	nocompile	m2c	vendor
SLUS_013.95	0x8005ADF4	func_8005ADF4	vendor:LIBSPU.LIB/LIBSPU_S_SRMP	nocompile	m2c	vendor
SLUS_013.95	0x8005B2D4	func_8005B2D4	vendor:LIBSPU.LIB/LIBSPU_S_SRA	nocompile	m2c	vendor
SLUS_013.95	0x8005B7A4	func_8005B7A4	vendor:LIBSND.LIB/LIBSND_UT_RDEP	nocompile	m2c	vendor
SLUS_013.95	0x8005B834	func_8005B834	vendor:LIBSND.LIB/LIBSND_UT_REV	nocompile	m2c	vendor
SLUS_013.95	0x8005B8D4	func_8005B8D4	vendor:LIBSPU.LIB/LIBSPU_S_SR	nocompile	m2c	vendor
SLUS_013.95	0x8005B9C4	func_8005B9C4	vendor:LIBSND.LIB/LIBSND_UT_RFB	nocompile	m2c	vendor
SLUS_013.95	0x8005BA04	func_8005BA04	vendor:unproven/5BA04	nocompile	m2c	vendor
SLUS_013.95	0x8005BA24	func_8005BA24	vendor:unproven/5BA04	nocompile	m2c	vendor
SLUS_013.95	0x8005BA44	func_8005BA44	vendor:LIBSND.LIB/LIBSND_UT_SVA	nocompile	m2c	vendor
SLUS_013.95	0x8005BC14	func_8005BC14	vendor:LIBSND.LIB/LIBSND_UT_VVOL4	nocompile	m2c	vendor
SLUS_013.95	0x8005BCA4	func_8005BCA4	vendor:LIBSND.LIB/LIBSND_VM_ALOC2	nocompile	m2c	vendor
SLUS_013.95	0x8005BE74	func_8005BE74	vendor:LIBSND.LIB/LIBSND_VM_DOFF	nocompile	m2c	vendor
SLUS_013.95	0x8005BE84	func_8005BE84	vendor:LIBSND.LIB/LIBSND_VM_DON	nocompile	m2c	vendor
SLUS_013.95	0x8005BE94	func_8005BE94	vendor:LIBSND.LIB/LIBSND_VM_F	nocompile	m2c	vendor
SLUS_013.95	0x8005C364	func_8005C364	vendor:LIBSPU.LIB/LIBSPU_S_SNV	nocompile	m2c	vendor
SLUS_013.95	0x8005C394	func_8005C394	vendor:LIBSPU.LIB/LIBSPU_S_SAV	nocompile	m2c	vendor
SLUS_013.95	0x8005C654	func_8005C654	vendor:LIBSPU.LIB/LIBSPU_S_GNV	nocompile	m2c	vendor
SLUS_013.95	0x8005C684	func_8005C684	vendor:LIBSPU.LIB/LIBSPU_S_GAV	nocompile	m2c	vendor
SLUS_013.95	0x8005C6B4	func_8005C6B4	vendor:LIBSPU.LIB/LIBSPU_S_SRV	nocompile	m2c	vendor
SLUS_013.95	0x8005C6E4	func_8005C6E4	vendor:LIBSPU.LIB/LIBSPU_S_GRV	nocompile	m2c	vendor
SLUS_013.95	0x8005C714	func_8005C714	vendor:LIBSPU.LIB/LIBSPU_S_SK	nocompile	m2c	vendor
SLUS_013.95	0x8005C8D4	func_8005C8D4	vendor:LIBSPU.LIB/LIBSPU_S_SVA	nocompile	m2c	vendor
SLUS_013.95	0x8005CED4	func_8005CED4	vendor:LIBSPU.LIB/LIBSPU_S_N2P	nocompile	m2c	vendor
SLUS_013.95	0x8005CFA4	func_8005CFA4	vendor:LIBSPU.LIB/LIBSPU_S_N2P	nocompile	m2c	vendor
SLUS_013.95	0x8005D0D4	func_8005D0D4	vendor:LIBSPU.LIB/LIBSPU_S_GVEX	nocompile	m2c	vendor
SLUS_013.95	0x8005D0F4	func_8005D0F4	vendor:LIBSND.LIB/LIBSND_VM_INIT	nocompile	m2c	vendor
SLUS_013.95	0x8005D444	func_8005D444	vendor:LIBSPU.LIB/LIBSPU_S_M_INIT	nocompile	m2c	vendor
SLUS_013.95	0x8005D4A4	func_8005D4A4	vendor:LIBSPU.LIB/LIBSPU_S_IT	nocompile	m2c	vendor
SLUS_013.95	0x8005D4CC	func_8005D4CC	vendor:LIBSPU.LIB/LIBSPU_S_IT	nocompile	m2c	vendor
SLUS_013.95	0x8005D4E4	func_8005D4E4	vendor:LIBSND.LIB/LIBSND_VM_KEY	nocompile	m2c	vendor
SLUS_013.95	0x8005DA00	func_8005DA00	vendor:LIBSND.LIB/LIBSND_VM_KEY	nocompile	m2c	vendor
SLUS_013.95	0x8005DB60	func_8005DB60	vendor:LIBSND.LIB/LIBSND_VM_KEY	nocompile	m2c	vendor
SLUS_013.95	0x8005DC4C	func_8005DC4C	vendor:LIBSND.LIB/LIBSND_VM_KEY	nocompile	m2c	vendor
SLUS_013.95	0x8005DC84	func_8005DC84	vendor:LIBSND.LIB/LIBSND_VM_ALOC1	nocompile	m2c	vendor
SLUS_013.95	0x8005DEF4	func_8005DEF4	vendor:LIBSND.LIB/LIBSND_VM_N2P	nocompile	m2c	vendor
SLUS_013.95	0x8005DF40	func_8005DF40	vendor:LIBSND.LIB/LIBSND_VM_N2P	nocompile	m2c	vendor
SLUS_013.95	0x8005DFA8	func_8005DFA8	vendor:LIBSND.LIB/LIBSND_VM_N2P	nocompile	m2c	vendor
SLUS_013.95	0x8005E0D4	func_8005E0D4	vendor:LIBSND.LIB/LIBSND_VM_NO1	nocompile	m2c	vendor
SLUS_013.95	0x8005E644	func_8005E644	vendor:LIBSPU.LIB/LIBSPU_S_SNC	nocompile	m2c	vendor
SLUS_013.95	0x8005E694	func_8005E694	vendor:LIBSND.LIB/LIBSND_VM_NOFF	nocompile	m2c	vendor
SLUS_013.95	0x8005E6D4	func_8005E6D4	vendor:LIBSND.LIB/LIBSND_VM_NOWOF	nocompile	m2c	vendor
SLUS_013.95	0x8005E794	func_8005E794	vendor:LIBSND.LIB/LIBSND_VM_NOWON	nocompile	m2c	vendor
SLUS_013.95	0x8005EC64	func_8005EC64	vendor:LIBSND.LIB/LIBSND_VM_PB	nocompile	m2c	vendor
SLUS_013.95	0x8005EE50	func_8005EE50	vendor:LIBSND.LIB/LIBSND_VM_PB	nocompile	m2c	vendor
SLUS_013.95	0x8005EF34	func_8005EF34	vendor:LIBSND.LIB/LIBSND_VM_PROG2	nocompile	m2c	vendor
SLUS_013.95	0x8005EFA4	func_8005EFA4	vendor:LIBSND.LIB/LIBSND_VM_SEQ	nocompile	m2c	vendor
SLUS_013.95	0x8005F510	func_8005F510	vendor:LIBSND.LIB/LIBSND_VM_SEQ	nocompile	m2c	vendor
SLUS_013.95	0x8005F574	func_8005F574	vendor:LIBSND.LIB/LIBSND_VM_SEQ	nocompile	m2c	vendor
SLUS_013.95	0x8005F624	func_8005F624	vendor:LIBSND.LIB/LIBSND_VM_STAV	nocompile	m2c	vendor
SLUS_013.95	0x8005F6F4	func_8005F6F4	vendor:LIBSND.LIB/LIBSND_VM_VOL	nocompile	m2c	vendor
SLUS_013.95	0x8005FC94	func_8005FC94	vendor:LIBSND.LIB/LIBSND_VM_VSU	nocompile	m2c	vendor
SLUS_013.95	0x8005FD54	func_8005FD54	vendor:LIBSND.LIB/LIBSND_VS_MONO	nocompile	m2c	vendor
SLUS_013.95	0x8005FD64	func_8005FD64	vendor:LIBSND.LIB/LIBSND_VS_MONO	nocompile	m2c	vendor
SLUS_013.95	0x8005FD74	func_8005FD74	vendor:LIBSND.LIB/LIBSND_VS_VAB	nocompile	m2c	vendor
SLUS_013.95	0x8005FE24	func_8005FE24	vendor:LIBSPU.LIB/LIBSPU_S_M_F	nocompile	m2c	vendor
SLUS_013.95	0x8005FEA4	func_8005FEA4	vendor:LIBSPU.LIB/LIBSPU_S_M_INT	nocompile	m2c	vendor
SLUS_013.95	0x800601A4	func_800601A4	vendor:LIBSND.LIB/LIBSND_VS_VH	nocompile	m2c	vendor
SLUS_013.95	0x800601D8	func_800601D8	vendor:LIBSND.LIB/LIBSND_VS_VH	nocompile	m2c	vendor
SLUS_013.95	0x8006020C	func_8006020C	vendor:LIBSND.LIB/LIBSND_VS_VH	nocompile	m2c	vendor
SLUS_013.95	0x80060214	func_80060214	vendor:LIBSND.LIB/LIBSND_VS_VH	nocompile	m2c	vendor
SLUS_013.95	0x80060604	func_80060604	vendor:LIBSND.LIB/LIBSND_VS_VTBP	nocompile	m2c	vendor
SLUS_013.95	0x80060794	func_80060794	vendor:LIBSPU.LIB/LIBSPU_S_STSA	nocompile	m2c	vendor
SLUS_013.95	0x800607F4	func_800607F4	vendor:LIBSPU.LIB/LIBSPU_S_WP	nocompile	m2c	vendor
SLUS_013.95	0x80060884	func_80060884	vendor:LIBSND.LIB/LIBSND_VS_VTC	nocompile	m2c	vendor
SLUS_013.95	0x800608B4	func_800608B4	vendor:LIBSPU.LIB/LIBSPU_S_ITC	nocompile	m2c	vendor
SLUS_013.95	0x80060964	func_80060964	vendor:LIBETC.LIB/LIBETC_VSYNC	nocompile	m2c	vendor
SLUS_013.95	0x80060ADC	func_80060ADC	vendor:LIBETC.LIB/LIBETC_VSYNC	nocompile	m2c	vendor
SLUS_013.95	0x80060B74	func_80060B74	vendor:LIBETC.LIB/LIBETC_INTR	nocompile	m2c	vendor
SLUS_013.95	0x80060BA4	func_80060BA4	vendor:LIBETC.LIB/LIBETC_INTR	nocompile	m2c	vendor
SLUS_013.95	0x80060BD4	func_80060BD4	vendor:LIBETC.LIB/LIBETC_INTR	nocompile	m2c	vendor
SLUS_013.95	0x80060C04	func_80060C04	vendor:LIBETC.LIB/LIBETC_INTR	nocompile	m2c	vendor
SLUS_013.95	0x80060C38	func_80060C38	vendor:LIBETC.LIB/LIBETC_INTR	nocompile	m2c	vendor
SLUS_013.95	0x80060C68	func_80060C68	vendor:LIBETC.LIB/LIBETC_INTR	nocompile	m2c	vendor
SLUS_013.95	0x80060C98	func_80060C98	vendor:LIBETC.LIB/LIBETC_INTR	nocompile	m2c	vendor
SLUS_013.95	0x80060CC8	func_80060CC8	vendor:LIBETC.LIB/LIBETC_INTR	nocompile	m2c	vendor
SLUS_013.95	0x80060CD8	func_80060CD8	vendor:LIBETC.LIB/LIBETC_INTR	nocompile	m2c	vendor
SLUS_013.95	0x80060CF0	func_80060CF0	vendor:LIBETC.LIB/LIBETC_INTR	nocompile	m2c	vendor
SLUS_013.95	0x80060D08	func_80060D08	vendor:LIBETC.LIB/LIBETC_INTR	nocompile	m2c	vendor
SLUS_013.95	0x80060DE0	func_80060DE0	vendor:LIBETC.LIB/LIBETC_INTR	nocompile	m2c	vendor
SLUS_013.95	0x80060FB0	func_80060FB0	vendor:LIBETC.LIB/LIBETC_INTR	nocompile	m2c	vendor
SLUS_013.95	0x800610F8	func_800610F8	vendor:LIBETC.LIB/LIBETC_INTR	nocompile	m2c	vendor
SLUS_013.95	0x80061198	func_80061198	vendor:LIBETC.LIB/LIBETC_INTR	nocompile	m2c	vendor
SLUS_013.95	0x80061210	func_80061210	vendor:LIBETC.LIB/LIBETC_INTR	nocompile	m2c	vendor
SLUS_013.95	0x80061234	func_80061234	vendor:LIBETC.LIB/LIBETC_INTR_VB	nocompile	m2c	vendor
SLUS_013.95	0x8006128C	func_8006128C	vendor:LIBETC.LIB/LIBETC_INTR_VB	nocompile	m2c	vendor
SLUS_013.95	0x800612F8	func_800612F8	vendor:LIBETC.LIB/LIBETC_INTR_VB	nocompile	m2c	vendor
SLUS_013.95	0x80061324	func_80061324	vendor:LIBETC.LIB/LIBETC_INTR_VB	nocompile	m2c	vendor
SLUS_013.95	0x80061354	func_80061354	vendor:LIBETC.LIB/LIBETC_INTR_DMA	nocompile	m2c	vendor
SLUS_013.95	0x800613A0	func_800613A0	vendor:LIBETC.LIB/LIBETC_INTR_DMA	nocompile	m2c	vendor
SLUS_013.95	0x80061520	func_80061520	vendor:LIBETC.LIB/LIBETC_INTR_DMA	nocompile	m2c	vendor
SLUS_013.95	0x800615CC	func_800615CC	vendor:LIBETC.LIB/LIBETC_INTR_DMA	nocompile	m2c	vendor
SLUS_013.95	0x800615F4	func_800615F4	vendor:LIBETC.LIB/LIBETC_VMODE	nocompile	m2c	vendor
SLUS_013.95	0x80061608	func_80061608	vendor:LIBETC.LIB/LIBETC_VMODE	nocompile	m2c	vendor
SLUS_013.95	0x80061624	func_80061624	vendor:LIBCD.LIB/LIBCD_CDROM	nocompile	m2c	vendor
SLUS_013.95	0x80061654	func_80061654	vendor:LIBCD.LIB/LIBCD_EVENT	nocompile	m2c	vendor
SLUS_013.95	0x800616E4	func_800616E4	vendor:LIBCD.LIB/LIBCD_EVENT	nocompile	m2c	vendor
SLUS_013.95	0x80061720	func_80061720	vendor:LIBCD.LIB/LIBCD_EVENT	nocompile	m2c	vendor
SLUS_013.95	0x80061748	func_80061748	vendor:LIBCD.LIB/LIBCD_EVENT	nocompile	m2c	vendor
SLUS_013.95	0x80061770	func_80061770	vendor:LIBCD.LIB/LIBCD_EVENT	nocompile	m2c	vendor
SLUS_013.95	0x800617A4	func_800617A4	vendor:unproven/617A4	nocompile	m2c	vendor
SLUS_013.95	0x80061824	func_80061824	vendor:LIBCD.LIB/LIBCD_ISO9660	nocompile	m2c	vendor
SLUS_013.95	0x80061AFC	func_80061AFC	vendor:LIBCD.LIB/LIBCD_ISO9660	nocompile	m2c	vendor
SLUS_013.95	0x80061B1C	func_80061B1C	vendor:LIBCD.LIB/LIBCD_ISO9660	nocompile	m2c	vendor
SLUS_013.95	0x80061DE0	func_80061DE0	vendor:LIBCD.LIB/LIBCD_ISO9660	nocompile	m2c	vendor
SLUS_013.95	0x80061E84	func_80061E84	vendor:LIBCD.LIB/LIBCD_ISO9660	nocompile	m2c	vendor
SLUS_013.95	0x80062120	func_80062120	vendor:LIBCD.LIB/LIBCD_ISO9660	nocompile	m2c	vendor
SLUS_013.95	0x80062194	func_80062194	vendor:LIBCD.LIB/LIBCD_CDREAD2	nocompile	m2c	vendor
SLUS_013.95	0x80062218	func_80062218	vendor:LIBCD.LIB/LIBCD_CDREAD2	nocompile	m2c	vendor
SLUS_013.95	0x80062244	func_80062244	vendor:LIBCD.LIB/LIBCD_C_002	nocompile	m2c	vendor
SLUS_013.95	0x800622A4	func_800622A4	vendor:LIBCD.LIB/LIBCD_C_003	nocompile	m2c	vendor
SLUS_013.95	0x80062324	func_80062324	vendor:LIBCD.LIB/LIBCD_C_004	nocompile	m2c	vendor
SLUS_013.95	0x800623B0	func_800623B0	vendor:LIBCD.LIB/LIBCD_C_004	nocompile	m2c	vendor
SLUS_013.95	0x80062414	func_80062414	vendor:LIBCD.LIB/LIBCD_C_005	nocompile	m2c	vendor
SLUS_013.95	0x800624A4	func_800624A4	vendor:LIBCD.LIB/LIBCD_C_007	nocompile	m2c	vendor
SLUS_013.95	0x80062554	func_80062554	vendor:LIBCD.LIB/LIBCD_C_008	nocompile	m2c	vendor
SLUS_013.95	0x80062594	func_80062594	vendor:LIBCD.LIB/LIBCD_C_009	nocompile	m2c	vendor
SLUS_013.95	0x80062654	func_80062654	vendor:LIBCD.LIB/LIBCD_C_010	nocompile	m2c	vendor
SLUS_013.95	0x80062674	func_80062674	vendor:LIBCD.LIB/LIBCD_C_011	nocompile	m2c	vendor
SLUS_013.95	0x80062F90	func_80062F90	vendor:LIBCD.LIB/LIBCD_C_011	nocompile	m2c	vendor
SLUS_013.95	0x80062FBC	func_80062FBC	vendor:LIBCD.LIB/LIBCD_C_011	nocompile	m2c	vendor
SLUS_013.95	0x80063164	func_80063164	vendor:LIBCD.LIB/LIBCD_BIOS_1	nocompile	m2c	vendor
SLUS_013.95	0x800636C8	func_800636C8	vendor:LIBCD.LIB/LIBCD_BIOS_1	nocompile	m2c	vendor
SLUS_013.95	0x80063948	func_80063948	vendor:LIBCD.LIB/LIBCD_BIOS_1	nocompile	m2c	vendor
SLUS_013.95	0x80063C10	func_80063C10	vendor:LIBCD.LIB/LIBCD_BIOS_1	nocompile	m2c	vendor
SLUS_013.95	0x8006401C	func_8006401C	vendor:LIBCD.LIB/LIBCD_BIOS_1	nocompile	m2c	vendor
SLUS_013.95	0x800640A4	func_800640A4	vendor:LIBCD.LIB/LIBCD_BIOS_1	nocompile	m2c	vendor
SLUS_013.95	0x80064178	func_80064178	vendor:LIBCD.LIB/LIBCD_BIOS_1	nocompile	m2c	vendor
SLUS_013.95	0x80064268	func_80064268	vendor:LIBCD.LIB/LIBCD_BIOS_1	nocompile	m2c	vendor
SLUS_013.95	0x800642B4	func_800642B4	vendor:LIBCD.LIB/LIBCD_BIOS_1	nocompile	m2c	vendor
SLUS_013.95	0x80064494	func_80064494	vendor:LIBCD.LIB/LIBCD_BIOS_1	nocompile	m2c	vendor
SLUS_013.95	0x800645FC	func_800645FC	vendor:LIBCD.LIB/LIBCD_BIOS_1	nocompile	m2c	vendor
SLUS_013.95	0x80064608	func_80064608	vendor:LIBCD.LIB/LIBCD_BIOS_1	nocompile	m2c	vendor
SLUS_013.95	0x800646E4	func_800646E4	vendor:unproven/646E4	nocompile	m2c	vendor
SLUS_013.95	0x800647F4	func_800647F4	vendor:unproven/646E4	nocompile	m2c	vendor
SLUS_013.95	0x80064804	func_80064804	vendor:LIBCD.LIB/LIBCD_S_007	nocompile	m2c	vendor
SLUS_013.95	0x80064874	func_80064874	vendor:unproven/64874	nocompile	m2c	vendor
SLUS_013.95	0x80064894	func_80064894	vendor:unproven/64874	nocompile	m2c	vendor
SLUS_013.95	0x800648B4	func_800648B4	vendor:unproven/64874	nocompile	m2c	vendor
SLUS_013.95	0x800648D4	func_800648D4	vendor:LIBCD.LIB/LIBCD_S_016	nocompile	m2c	vendor
SLUS_013.95	0x80064A10	func_80064A10	vendor:LIBCD.LIB/LIBCD_S_016	nocompile	m2c	vendor
SLUS_013.95	0x80064B44	func_80064B44	vendor:LIBCD.LIB/LIBCD_S_016	nocompile	m2c	vendor
SLUS_013.95	0x80064C94	func_80064C94	vendor:unproven/64C94	nocompile	m2c	vendor
SLUS_013.95	0x80064CB4	func_80064CB4	vendor:LIBDS.LIB/LIBDS_D3_002	nocompile	m2c	vendor
SLUS_013.95	0x80064CD4	func_80064CD4	vendor:LIBCD.LIB/LIBCD_BIOS_2	nocompile	m2c	vendor
SLUS_013.95	0x80064DD4	func_80064DD4	vendor:unproven/64DD4	nocompile	m2c	vendor
SLUS_013.95	0x80064E04	func_80064E04	vendor:LIBCD.LIB/LIBCD_CDR_1	nocompile	m2c	vendor
SLUS_013.95	0x80064E38	func_80064E38	vendor:LIBCD.LIB/LIBCD_CDR_1	nocompile	m2c	vendor
SLUS_013.95	0x800650AC	func_800650AC	vendor:LIBCD.LIB/LIBCD_CDR_1	nocompile	m2c	vendor
SLUS_013.95	0x8006517C	func_8006517C	vendor:LIBCD.LIB/LIBCD_CDR_1	nocompile	m2c	vendor
SLUS_013.95	0x80065364	func_80065364	vendor:LIBCD.LIB/LIBCD_CDR_1	nocompile	m2c	vendor
SLUS_013.95	0x80065504	func_80065504	vendor:LIBCD.LIB/LIBCD_CDR_1	nocompile	m2c	vendor
SLUS_013.95	0x800656A0	func_800656A0	vendor:LIBCD.LIB/LIBCD_CDR_1	nocompile	m2c	vendor
SLUS_013.95	0x800657A4	func_800657A4	vendor:unproven/657A4	nocompile	m2c	vendor
SLUS_013.95	0x800657B4	func_800657B4	vendor:unproven/657A4	nocompile	m2c	vendor
SLUS_013.95	0x800657C4	func_800657C4	vendor:LIBCD.LIB/LIBCD_S_006	nocompile	m2c	vendor
SLUS_013.95	0x800657D4	func_800657D4	vendor:unproven/657D4	nocompile	m2c	vendor
SLUS_013.95	0x800657F4	func_800657F4	vendor:unproven/657D4	nocompile	m2c	vendor
SLUS_013.95	0x80065814	func_80065814	vendor:unproven/657D4	nocompile	m2c	vendor
SLUS_013.95	0x80065834	func_80065834	vendor:LIBCD.LIB/LIBCD_BIOS_3	nocompile	m2c	vendor
SLUS_013.95	0x80065924	func_80065924	vendor:unproven/65924	nocompile	m2c	vendor
SLUS_013.95	0x80065944	func_80065944	vendor:LIBGTE.LIB/LIBGTE_GEO_00	nocompile	m2c	vendor
SLUS_013.95	0x80065980	func_80065980	vendor:LIBGTE.LIB/LIBGTE_GEO_00	nocompile	m2c	vendor
SLUS_013.95	0x80065A14	func_80065A14	vendor:LIBGTE.LIB/LIBGTE_GEO_01	nocompile	m2c	vendor
SLUS_013.95	0x80065ABC	func_80065ABC	vendor:LIBGTE.LIB/LIBGTE_MSC00	nocompile	m2c	vendor
SLUS_013.95	0x80065B44	func_80065B44	vendor:LIBGTE.LIB/LIBGTE_REG12	nocompile	m2c	vendor
SLUS_013.95	0x80065B64	func_80065B64	vendor:LIBGTE.LIB/LIBGTE_REG13	nocompile	m2c	vendor
SLUS_013.95	0x80065B74	func_80065B74	vendor:LIBGTE.LIB/LIBGTE_RATAN	nocompile	m2c	vendor
SLUS_013.95	0x80065CF4	func_80065CF4	vendor:LIBGTE.LIB/LIBGTE_PATCHGTE	nocompile	m2c	vendor
SLUS_013.95	0x80065DA0	func_80065DA0	vendor:LIBGTE.LIB/LIBGTE_PATCHGTE	nocompile	m2c	vendor
SLUS_013.95	0x80065DD4	func_80065DD4	vendor:LIBGPU.LIB/LIBGPU_SYS	nocompile	m2c	vendor
SLUS_013.95	0x80065F48	func_80065F48	vendor:LIBGPU.LIB/LIBGPU_SYS	nocompile	m2c	vendor
SLUS_013.95	0x80065FA4	func_80065FA4	vendor:LIBGPU.LIB/LIBGPU_SYS	nocompile	m2c	vendor
SLUS_013.95	0x80066048	func_80066048	vendor:LIBGPU.LIB/LIBGPU_SYS	nocompile	m2c	vendor
SLUS_013.95	0x80066058	func_80066058	vendor:LIBGPU.LIB/LIBGPU_SYS	nocompile	m2c	vendor
SLUS_013.95	0x800660B8	func_800660B8	vendor:LIBGPU.LIB/LIBGPU_SYS	nocompile	m2c	vendor
SLUS_013.95	0x80066150	func_80066150	vendor:LIBGPU.LIB/LIBGPU_SYS	nocompile	m2c	vendor
SLUS_013.95	0x800661B8	func_800661B8	vendor:LIBGPU.LIB/LIBGPU_SYS	nocompile	m2c	vendor
SLUS_013.95	0x800662D4	func_800662D4	vendor:LIBGPU.LIB/LIBGPU_SYS	nocompile	m2c	vendor
SLUS_013.95	0x80066364	func_80066364	vendor:LIBGPU.LIB/LIBGPU_SYS	nocompile	m2c	vendor
SLUS_013.95	0x800663FC	func_800663FC	vendor:LIBGPU.LIB/LIBGPU_SYS	nocompile	m2c	vendor
SLUS_013.95	0x8006645C	func_8006645C	vendor:LIBGPU.LIB/LIBGPU_SYS	nocompile	m2c	vendor
SLUS_013.95	0x800664BC	func_800664BC	vendor:LIBGPU.LIB/LIBGPU_SYS	nocompile	m2c	vendor
SLUS_013.95	0x80066574	func_80066574	vendor:LIBGPU.LIB/LIBGPU_SYS	nocompile	m2c	vendor
SLUS_013.95	0x8006663C	func_8006663C	vendor:LIBGPU.LIB/LIBGPU_SYS	nocompile	m2c	vendor
SLUS_013.95	0x800666E8	func_800666E8	vendor:LIBGPU.LIB/LIBGPU_SYS	nocompile	m2c	vendor
SLUS_013.95	0x80066744	func_80066744	vendor:LIBGPU.LIB/LIBGPU_SYS	nocompile	m2c	vendor
SLUS_013.95	0x800667B4	func_800667B4	vendor:LIBGPU.LIB/LIBGPU_SYS	nocompile	m2c	vendor
SLUS_013.95	0x80066874	func_80066874	vendor:LIBGPU.LIB/LIBGPU_SYS	nocompile	m2c	vendor
SLUS_013.95	0x8006694C	func_8006694C	vendor:LIBGPU.LIB/LIBGPU_SYS	nocompile	m2c	vendor
SLUS_013.95	0x80066980	func_80066980	vendor:LIBGPU.LIB/LIBGPU_SYS	nocompile	m2c	vendor
SLUS_013.95	0x80066E78	func_80066E78	vendor:LIBGPU.LIB/LIBGPU_SYS	nocompile	m2c	vendor
SLUS_013.95	0x80066EAC	func_80066EAC	vendor:LIBGPU.LIB/LIBGPU_SYS	nocompile	m2c	vendor
SLUS_013.95	0x80066EDC	func_80066EDC	vendor:LIBGPU.LIB/LIBGPU_SYS	nocompile	m2c	vendor
SLUS_013.95	0x80066F5C	func_80066F5C	vendor:LIBGPU.LIB/LIBGPU_SYS	nocompile	m2c	vendor
SLUS_013.95	0x80066F9C	func_80066F9C	vendor:LIBGPU.LIB/LIBGPU_SYS	nocompile	m2c	vendor
SLUS_013.95	0x80067194	func_80067194	vendor:LIBGPU.LIB/LIBGPU_SYS	nocompile	m2c	vendor
SLUS_013.95	0x80067404	func_80067404	vendor:LIBGPU.LIB/LIBGPU_SYS	nocompile	m2c	vendor
SLUS_013.95	0x80067424	func_80067424	vendor:LIBGPU.LIB/LIBGPU_SYS	nocompile	m2c	vendor
SLUS_013.95	0x800674BC	func_800674BC	vendor:LIBGPU.LIB/LIBGPU_SYS	nocompile	m2c	vendor
SLUS_013.95	0x80067554	func_80067554	vendor:LIBGPU.LIB/LIBGPU_SYS	nocompile	m2c	vendor
SLUS_013.95	0x80067570	func_80067570	vendor:LIBGPU.LIB/LIBGPU_SYS	nocompile	m2c	vendor
SLUS_013.95	0x800675F0	func_800675F0	vendor:LIBGPU.LIB/LIBGPU_SYS	nocompile	m2c	vendor
SLUS_013.95	0x80067608	func_80067608	vendor:LIBGPU.LIB/LIBGPU_SYS	nocompile	m2c	vendor
SLUS_013.95	0x800676E8	func_800676E8	vendor:LIBGPU.LIB/LIBGPU_SYS	nocompile	m2c	vendor
SLUS_013.95	0x80067918	func_80067918	vendor:LIBGPU.LIB/LIBGPU_SYS	nocompile	m2c	vendor
SLUS_013.95	0x80067B54	func_80067B54	vendor:LIBGPU.LIB/LIBGPU_SYS	nocompile	m2c	vendor
SLUS_013.95	0x80067DD4	func_80067DD4	vendor:LIBGPU.LIB/LIBGPU_SYS	nocompile	m2c	vendor
SLUS_013.95	0x80067DE8	func_80067DE8	vendor:LIBGPU.LIB/LIBGPU_SYS	nocompile	m2c	vendor
SLUS_013.95	0x80067DF0	func_80067DF0	vendor:LIBGPU.LIB/LIBGPU_SYS	nocompile	m2c	vendor
SLUS_013.95	0x80067E30	func_80067E30	vendor:LIBGPU.LIB/LIBGPU_SYS	nocompile	m2c	vendor
SLUS_013.95	0x80067E78	func_80067E78	vendor:LIBGPU.LIB/LIBGPU_SYS	nocompile	m2c	vendor
SLUS_013.95	0x80067EA8	func_80067EA8	vendor:LIBGPU.LIB/LIBGPU_SYS	nocompile	m2c	vendor
SLUS_013.95	0x80067ECC	func_80067ECC	vendor:LIBGPU.LIB/LIBGPU_SYS	nocompile	m2c	vendor
SLUS_013.95	0x8006817C	func_8006817C	vendor:LIBGPU.LIB/LIBGPU_SYS	nocompile	m2c	vendor
SLUS_013.95	0x800683DC	func_800683DC	vendor:LIBGPU.LIB/LIBGPU_SYS	nocompile	m2c	vendor
SLUS_013.95	0x80068518	func_80068518	vendor:LIBGPU.LIB/LIBGPU_SYS	nocompile	m2c	vendor
SLUS_013.95	0x80068654	func_80068654	vendor:LIBGPU.LIB/LIBGPU_SYS	nocompile	m2c	vendor
SLUS_013.95	0x80068688	func_80068688	vendor:LIBGPU.LIB/LIBGPU_SYS	nocompile	m2c	vendor
SLUS_013.95	0x800687CC	func_800687CC	vendor:LIBGPU.LIB/LIBGPU_SYS	nocompile	m2c	vendor
SLUS_013.95	0x8006886C	func_8006886C	vendor:LIBGPU.LIB/LIBGPU_SYS	nocompile	m2c	vendor
SLUS_013.95	0x80068958	func_80068958	vendor:LIBGPU.LIB/LIBGPU_SYS	nocompile	m2c	vendor
SLUS_013.95	0x80068A44	func_80068A44	vendor:LIBGPU.LIB/LIBGPU_SYS	nocompile	m2c	vendor
SLUS_013.95	0x80068B88	func_80068B88	vendor:LIBGPU.LIB/LIBGPU_SYS	nocompile	m2c	vendor
SLUS_013.95	0x80068C84	func_80068C84	vendor:LIBGPU.LIB/LIBGPU_SYS	nocompile	m2c	vendor
SLUS_013.95	0x80068CAC	func_80068CAC	vendor:LIBGPU.LIB/LIBGPU_SYS	nocompile	m2c	vendor
SLUS_013.95	0x80068CD4	func_80068CD4	vendor:LIBGPU.LIB/LIBGPU_E03	nocompile	m2c	vendor
SLUS_013.95	0x80068D94	func_80068D94	vendor:LIBGPU.LIB/LIBGPU_E04	nocompile	m2c	vendor
SLUS_013.95	0x80068DD4	func_80068DD4	vendor:LIBGPU.LIB/LIBGPU_P00	nocompile	m2c	vendor
SLUS_013.95	0x80068E14	func_80068E14	vendor:LIBGPU.LIB/LIBGPU_P41	nocompile	m2c	vendor
SLUS_013.95	0x80068EB4	func_80068EB4	vendor:LIBPRESS.LIB/LIBPRESS_LIBPRESS	nocompile	m2c	vendor
SLUS_013.95	0x80068EE8	func_80068EE8	vendor:LIBPRESS.LIB/LIBPRESS_LIBPRESS	nocompile	m2c	vendor
SLUS_013.95	0x80068F74	func_80068F74	vendor:LIBPRESS.LIB/LIBPRESS_LIBPRESS	nocompile	m2c	vendor
SLUS_013.95	0x8006900C	func_8006900C	vendor:LIBPRESS.LIB/LIBPRESS_LIBPRESS	nocompile	m2c	vendor
SLUS_013.95	0x80069088	func_80069088	vendor:LIBPRESS.LIB/LIBPRESS_LIBPRESS	nocompile	m2c	vendor
SLUS_013.95	0x800690A8	func_800690A8	vendor:LIBPRESS.LIB/LIBPRESS_LIBPRESS	nocompile	m2c	vendor
SLUS_013.95	0x800690E4	func_800690E4	vendor:LIBPRESS.LIB/LIBPRESS_LIBPRESS	nocompile	m2c	vendor
SLUS_013.95	0x8006912C	func_8006912C	vendor:LIBPRESS.LIB/LIBPRESS_LIBPRESS	nocompile	m2c	vendor
SLUS_013.95	0x80069150	func_80069150	vendor:LIBPRESS.LIB/LIBPRESS_LIBPRESS	nocompile	m2c	vendor
SLUS_013.95	0x80069174	func_80069174	vendor:LIBPRESS.LIB/LIBPRESS_LIBPRESS	nocompile	m2c	vendor
SLUS_013.95	0x80069264	func_80069264	vendor:LIBPRESS.LIB/LIBPRESS_LIBPRESS	nocompile	m2c	vendor
SLUS_013.95	0x800692F4	func_800692F4	vendor:LIBPRESS.LIB/LIBPRESS_LIBPRESS	nocompile	m2c	vendor
SLUS_013.95	0x80069380	func_80069380	vendor:LIBPRESS.LIB/LIBPRESS_LIBPRESS	nocompile	m2c	vendor
SLUS_013.95	0x80069414	func_80069414	vendor:LIBPRESS.LIB/LIBPRESS_LIBPRESS	nocompile	m2c	vendor
SLUS_013.95	0x800694A8	func_800694A8	vendor:LIBPRESS.LIB/LIBPRESS_LIBPRESS	nocompile	m2c	vendor
SLUS_013.95	0x800694C0	func_800694C0	vendor:LIBPRESS.LIB/LIBPRESS_LIBPRESS	nocompile	m2c	vendor
SLUS_013.95	0x80069544	func_80069544	vendor:LIBPRESS.LIB/LIBPRESS_VLC	nocompile	m2c	vendor
SLUS_013.95	0x80069574	func_80069574	vendor:LIBPRESS.LIB/LIBPRESS_VLC	nocompile	m2c	vendor
SLUS_013.95	0x800698C4	func_800698C4	vendor:unproven/698C4	nocompile	m2c	vendor
SLUS_013.95	0x800698D4	func_800698D4	vendor:LIBCARD.LIB/LIBCARD_C171	nocompile	m2c	vendor
SLUS_013.95	0x800698E4	func_800698E4	vendor:LIBCARD.LIB/LIBCARD_C172	nocompile	m2c	vendor
SLUS_013.95	0x800698F4	func_800698F4	vendor:LIBCARD.LIB/LIBCARD_CARD	nocompile	m2c	vendor
SLUS_013.95	0x80069934	func_80069934	vendor:LIBCARD.LIB/LIBCARD_A78	nocompile	m2c	vendor
SLUS_013.95	0x80069944	func_80069944	vendor:LIBCARD.LIB/LIBCARD_A80	nocompile	m2c	vendor
SLUS_013.95	0x80069954	func_80069954	vendor:LIBCARD.LIB/LIBCARD_INIT	nocompile	m2c	vendor
SLUS_013.95	0x800699E4	func_800699E4	vendor:LIBCARD.LIB/LIBCARD_INIT	nocompile	m2c	vendor
SLUS_013.95	0x80069A2C	func_80069A2C	vendor:LIBCARD.LIB/LIBCARD_INIT	nocompile	m2c	vendor
SLUS_013.95	0x80069A54	func_80069A54	vendor:LIBCARD.LIB/LIBCARD_A74	nocompile	m2c	vendor
SLUS_013.95	0x80069A64	func_80069A64	vendor:LIBCARD.LIB/LIBCARD_A75	nocompile	m2c	vendor
SLUS_013.95	0x80069A74	func_80069A74	vendor:LIBCARD.LIB/LIBCARD_A76	nocompile	m2c	vendor
SLUS_013.95	0x80069A84	func_80069A84	vendor:LIBCARD.LIB/LIBCARD_PATCH	nocompile	m2c	vendor
SLUS_013.95	0x80069AC8	func_80069AC8	vendor:LIBCARD.LIB/LIBCARD_PATCH	nocompile	m2c	vendor
SLUS_013.95	0x80069AF4	func_80069AF4	vendor:LIBCARD.LIB/LIBCARD_PATCH	nocompile	m2c	vendor
SLUS_013.95	0x80069B38	func_80069B38	vendor:LIBCARD.LIB/LIBCARD_PATCH	nocompile	m2c	vendor
SLUS_013.95	0x80069B60	func_80069B60	vendor:LIBCARD.LIB/LIBCARD_PATCH	nocompile	m2c	vendor
SLUS_013.95	0x80069BF4	func_80069BF4	vendor:LIBCARD.LIB/LIBCARD_PATCH	nocompile	m2c	vendor
SLUS_013.95	0x80069C64	func_80069C64	vendor:LIBCARD.LIB/LIBCARD_PATCH	nocompile	m2c	vendor
SLUS_013.95	0x80069CA4	func_80069CA4	vendor:LIBCARD.LIB/LIBCARD_END	nocompile	m2c	vendor
SLUS_013.95	0x80069D2C	func_80069D2C	vendor:LIBC.LIB/LIBC_A63	nocompile	m2c	vendor
SLUS_013.95	0x80069D44	func_80069D44	vendor:LIBC.LIB/LIBC_C19	nocompile	m2c	vendor
SLUS_013.95	0x80069D54	func_80069D54	vendor:LIBC.LIB/LIBC_C23	nocompile	m2c	vendor
SLUS_013.95	0x80069D64	func_80069D64	vendor:LIBC.LIB/LIBC_C24	nocompile	m2c	vendor
SLUS_013.95	0x80069D74	func_80069D74	vendor:LIBC.LIB/LIBC_C25	nocompile	m2c	vendor
SLUS_013.95	0x80069D84	func_80069D84	vendor:LIBC.LIB/LIBC_C42	nocompile	m2c	vendor
SLUS_013.95	0x80069D94	func_80069D94	vendor:LIBC.LIB/LIBC_C43	nocompile	m2c	vendor
SLUS_013.95	0x80069DA4	func_80069DA4	vendor:LIBC.LIB/LIBC_C63	nocompile	m2c	vendor
SLUS_013.95	0x80069DB4	func_80069DB4	vendor:LIBAPI.LIB/LIBAPI_C57	nocompile	m2c	vendor
SLUS_013.95	0x80069DC4	func_80069DC4	vendor:LIBAPI.LIB/LIBAPI_C68	nocompile	m2c	vendor
SLUS_013.95	0x80069DD4	func_80069DD4	vendor:LIBAPI.LIB/LIBAPI_C73	nocompile	m2c	vendor
SLUS_013.95	0x80069DEC	func_80069DEC	vendor:LIBAPI.LIB/LIBAPI_C114	nocompile	m2c	vendor
SLUS_013.95	0x80069E04	func_80069E04	vendor:LIBAPI.LIB/LIBAPI_A07	nocompile	m2c	vendor
SLUS_013.95	0x80069E14	func_80069E14	vendor:LIBAPI.LIB/LIBAPI_A08	nocompile	m2c	vendor
SLUS_013.95	0x80069E24	func_80069E24	vendor:LIBAPI.LIB/LIBAPI_A09	nocompile	m2c	vendor
SLUS_013.95	0x80069E34	func_80069E34	vendor:LIBAPI.LIB/LIBAPI_A10	nocompile	m2c	vendor
SLUS_013.95	0x80069E44	func_80069E44	vendor:LIBAPI.LIB/LIBAPI_A11	nocompile	m2c	vendor
SLUS_013.95	0x80069E54	func_80069E54	vendor:LIBAPI.LIB/LIBAPI_A12	nocompile	m2c	vendor
SLUS_013.95	0x80069E64	func_80069E64	vendor:LIBAPI.LIB/LIBAPI_A13	nocompile	m2c	vendor
SLUS_013.95	0x80069E74	func_80069E74	vendor:LIBAPI.LIB/LIBAPI_A14	nocompile	m2c	vendor
SLUS_013.95	0x80069E84	func_80069E84	vendor:LIBAPI.LIB/LIBAPI_A15	nocompile	m2c	vendor
SLUS_013.95	0x80069E94	func_80069E94	vendor:LIBAPI.LIB/LIBAPI_A16	nocompile	m2c	vendor
SLUS_013.95	0x80069EA4	func_80069EA4	vendor:LIBAPI.LIB/LIBAPI_A23	nocompile	m2c	vendor
SLUS_013.95	0x80069EB4	func_80069EB4	vendor:LIBAPI.LIB/LIBAPI_A24	nocompile	m2c	vendor
SLUS_013.95	0x80069EC4	func_80069EC4	vendor:LIBAPI.LIB/LIBAPI_A25	nocompile	m2c	vendor
SLUS_013.95	0x80069ED4	func_80069ED4	vendor:LIBAPI.LIB/LIBAPI_A36	nocompile	m2c	vendor
SLUS_013.95	0x80069EE4	func_80069EE4	vendor:LIBAPI.LIB/LIBAPI_A37	nocompile	m2c	vendor
SLUS_013.95	0x80069EF4	func_80069EF4	vendor:LIBAPI.LIB/LIBAPI_A50	nocompile	m2c	vendor
SLUS_013.95	0x80069F04	func_80069F04	vendor:LIBAPI.LIB/LIBAPI_A52	nocompile	m2c	vendor
SLUS_013.95	0x80069F14	func_80069F14	vendor:LIBAPI.LIB/LIBAPI_A53	nocompile	m2c	vendor
SLUS_013.95	0x80069F24	func_80069F24	vendor:LIBAPI.LIB/LIBAPI_A54	nocompile	m2c	vendor
SLUS_013.95	0x80069F34	func_80069F34	vendor:LIBAPI.LIB/LIBAPI_A65	nocompile	m2c	vendor
SLUS_013.95	0x80069F44	func_80069F44	vendor:LIBAPI.LIB/LIBAPI_A67	nocompile	m2c	vendor
SLUS_013.95	0x80069F54	func_80069F54	vendor:LIBAPI.LIB/LIBAPI_A91	nocompile	m2c	vendor
SLUS_013.95	0x80069F64	func_80069F64	vendor:LIBAPI.LIB/LIBAPI_L10	nocompile	m2c	vendor
SLUS_013.95	0x80069F74	func_80069F74	vendor:LIBAPI.LIB/LIBAPI_COUNTER	nocompile	m2c	vendor
SLUS_013.95	0x8006A010	func_8006A010	vendor:LIBAPI.LIB/LIBAPI_COUNTER	nocompile	m2c	vendor
SLUS_013.95	0x8006A048	func_8006A048	vendor:LIBAPI.LIB/LIBAPI_COUNTER	nocompile	m2c	vendor
SLUS_013.95	0x8006A078	func_8006A078	vendor:LIBAPI.LIB/LIBAPI_COUNTER	nocompile	m2c	vendor
SLUS_013.95	0x8006A0AC	func_8006A0AC	vendor:LIBAPI.LIB/LIBAPI_COUNTER	nocompile	m2c	vendor
SLUS_013.95	0x8006A0E4	func_8006A0E4	vendor:LIBAPI.LIB/LIBAPI_FIRST	nocompile	m2c	vendor
SLUS_013.95	0x8006A280	func_8006A280	vendor:LIBAPI.LIB/LIBAPI_FIRST	nocompile	m2c	vendor
SLUS_013.95	0x8006A384	func_8006A384	vendor:LIBAPI.LIB/LIBAPI_A66	nocompile	m2c	vendor
SLUS_013.95	0x8006A394	func_8006A394	vendor:LIBAPI.LIB/LIBAPI_PAD	nocompile	m2c	vendor
SLUS_013.95	0x8006A3A0	func_8006A3A0	vendor:LIBAPI.LIB/LIBAPI_PAD	nocompile	m2c	vendor
SLUS_013.95	0x8006A3B0	func_8006A3B0	vendor:LIBAPI.LIB/LIBAPI_PAD	nocompile	m2c	vendor
SLUS_013.95	0x8006A440	func_8006A440	vendor:LIBAPI.LIB/LIBAPI_PAD	nocompile	m2c	vendor
SLUS_013.95	0x8006A4D0	func_8006A4D0	vendor:LIBAPI.LIB/LIBAPI_PAD	nocompile	m2c	vendor
SLUS_013.95	0x8006A500	func_8006A500	vendor:LIBAPI.LIB/LIBAPI_PAD	nocompile	m2c	vendor
SLUS_013.95	0x8006A578	func_8006A578	vendor:LIBAPI.LIB/LIBAPI_PAD	nocompile	m2c	vendor
SLUS_013.95	0x8006A5E0	func_8006A5E0	vendor:LIBAPI.LIB/LIBAPI_PAD	nocompile	m2c	vendor
SLUS_013.95	0x8006A624	func_8006A624	vendor:LIBAPI.LIB/LIBAPI_A18	nocompile	m2c	vendor
SLUS_013.95	0x8006A634	func_8006A634	vendor:LIBAPI.LIB/LIBAPI_A19	nocompile	m2c	vendor
SLUS_013.95	0x8006A644	func_8006A644	vendor:LIBAPI.LIB/LIBAPI_A21	nocompile	m2c	vendor
SLUS_013.95	0x8006A654	func_8006A654	vendor:LIBAPI.LIB/LIBAPI_L02	nocompile	m2c	vendor
SLUS_013.95	0x8006A664	func_8006A664	vendor:LIBAPI.LIB/LIBAPI_L03	nocompile	m2c	vendor
SLUS_013.95	0x8006A674	func_8006A674	vendor:LIBAPI.LIB/LIBAPI_PATCH	nocompile	m2c	vendor
SLUS_013.95	0x8006A688	func_8006A688	vendor:LIBAPI.LIB/LIBAPI_PATCH	nocompile	m2c	vendor
SLUS_013.95	0x8006A69C	func_8006A69C	vendor:LIBAPI.LIB/LIBAPI_PATCH	nocompile	m2c	vendor
SLUS_013.95	0x8006A714	func_8006A714	vendor:LIBAPI.LIB/LIBAPI_CHCLRPAD	nocompile	m2c	vendor
SLUS_013.95	0x8006A784	func_8006A784	vendor:unproven/6A784	nocompile	m2c	vendor
SLUS_013.95	0x8006A7A4	func_8006A7A4	vendor:unproven/6A784	nocompile	m2c	vendor
SLUS_013.95	0x8006A7D4	func_8006A7D4	vendor:LIBPAD.LIB/LIBPAD_PDCMD1	nocompile	m2c	vendor
SLUS_013.95	0x8006A814	func_8006A814	vendor:LIBPAD.LIB/LIBPAD_PDCMD2	nocompile	m2c	vendor
SLUS_013.95	0x8006A890	func_8006A890	vendor:LIBPAD.LIB/LIBPAD_PDCMD2	nocompile	m2c	vendor
SLUS_013.95	0x8006A8B8	func_8006A8B8	vendor:LIBPAD.LIB/LIBPAD_PDCMD2	nocompile	m2c	vendor
SLUS_013.95	0x8006A984	func_8006A984	vendor:LIBPAD.LIB/LIBPAD_PDENT2	nocompile	m2c	vendor
SLUS_013.95	0x8006AA54	func_8006AA54	vendor:LIBPAD.LIB/LIBPAD_PDENT3	nocompile	m2c	vendor
SLUS_013.95	0x8006AB54	func_8006AB54	vendor:LIBPAD.LIB/LIBPAD_PDMAIINI	nocompile	m2c	vendor
SLUS_013.95	0x8006AC20	func_8006AC20	vendor:LIBPAD.LIB/LIBPAD_PDMAIINI	nocompile	m2c	vendor
SLUS_013.95	0x8006AC64	func_8006AC64	vendor:LIBPAD.LIB/LIBPAD_PDDIRINI	nocompile	m2c	vendor
SLUS_013.95	0x8006AD14	func_8006AD14	vendor:LIBPAD.LIB/LIBPAD_PDDIRRES	nocompile	m2c	vendor
SLUS_013.95	0x8006AE04	func_8006AE04	vendor:LIBPAD.LIB/LIBPAD_PDDIRRES	nocompile	m2c	vendor
SLUS_013.95	0x8006AE6C	func_8006AE6C	vendor:LIBPAD.LIB/LIBPAD_PDDIRRES	nocompile	m2c	vendor
SLUS_013.95	0x8006AF60	func_8006AF60	vendor:LIBPAD.LIB/LIBPAD_PDDIRRES	nocompile	m2c	vendor
SLUS_013.95	0x8006AF70	func_8006AF70	vendor:LIBPAD.LIB/LIBPAD_PDDIRRES	nocompile	m2c	vendor
SLUS_013.95	0x8006B02C	func_8006B02C	vendor:LIBPAD.LIB/LIBPAD_PDDIRRES	nocompile	m2c	vendor
SLUS_013.95	0x8006B2A8	func_8006B2A8	vendor:LIBPAD.LIB/LIBPAD_PDDIRRES	nocompile	m2c	vendor
SLUS_013.95	0x8006B2C8	func_8006B2C8	vendor:LIBPAD.LIB/LIBPAD_PDDIRRES	nocompile	m2c	vendor
SLUS_013.95	0x8006B3D8	func_8006B3D8	vendor:LIBPAD.LIB/LIBPAD_PDDIRRES	nocompile	m2c	vendor
SLUS_013.95	0x8006B644	func_8006B644	vendor:LIBPAD.LIB/LIBPAD_PDDIRRES	nocompile	m2c	vendor
SLUS_013.95	0x8006B724	func_8006B724	vendor:LIBPAD.LIB/LIBPAD_PDDIRRES	nocompile	m2c	vendor
SLUS_013.95	0x8006B754	func_8006B754	vendor:LIBC.LIB/LIBC_C40	nocompile	m2c	vendor
SLUS_013.95	0x8006B764	func_8006B764	vendor:LIBPAD.LIB/LIBPAD_PDRESRES	nocompile	m2c	vendor
SLUS_013.95	0x8006B7CC	func_8006B7CC	vendor:LIBPAD.LIB/LIBPAD_PDRESRES	nocompile	m2c	vendor
SLUS_013.95	0x8006B95C	func_8006B95C	vendor:LIBPAD.LIB/LIBPAD_PDRESRES	nocompile	m2c	vendor
SLUS_013.95	0x8006BC90	func_8006BC90	vendor:LIBPAD.LIB/LIBPAD_PDRESRES	nocompile	m2c	vendor
SLUS_013.95	0x8006BD80	func_8006BD80	vendor:LIBPAD.LIB/LIBPAD_PDRESRES	nocompile	m2c	vendor
SLUS_013.95	0x8006BFA4	func_8006BFA4	vendor:LIBPAD.LIB/LIBPAD_PDRESRES	nocompile	m2c	vendor
SLUS_013.95	0x8006C220	func_8006C220	vendor:LIBPAD.LIB/LIBPAD_PDRESRES	nocompile	m2c	vendor
SLUS_013.95	0x8006C2B0	func_8006C2B0	vendor:LIBPAD.LIB/LIBPAD_PDRESRES	nocompile	m2c	vendor
SLUS_013.95	0x8006C2D8	func_8006C2D8	vendor:LIBPAD.LIB/LIBPAD_PDRESRES	nocompile	m2c	vendor
SLUS_013.95	0x8006C2E8	func_8006C2E8	vendor:LIBPAD.LIB/LIBPAD_PDRESRES	nocompile	m2c	vendor
SLUS_013.95	0x8006C36C	func_8006C36C	vendor:LIBPAD.LIB/LIBPAD_PDRESRES	nocompile	m2c	vendor
SLUS_013.95	0x8006C5DC	func_8006C5DC	vendor:LIBPAD.LIB/LIBPAD_PDRESRES	nocompile	m2c	vendor
SLUS_013.95	0x8006C614	func_8006C614	vendor:LIBPAD.LIB/LIBPAD_PDRESRES	nocompile	m2c	vendor
SLUS_013.95	0x8006C6E8	func_8006C6E8	vendor:LIBPAD.LIB/LIBPAD_PDRESRES	nocompile	m2c	vendor
SLUS_013.95	0x8006C790	func_8006C790	vendor:LIBPAD.LIB/LIBPAD_PDRESRES	nocompile	m2c	vendor
SLUS_013.95	0x8006CB88	func_8006CB88	vendor:LIBPAD.LIB/LIBPAD_PDRESRES	nocompile	m2c	vendor
SLUS_013.95	0x8006CBA8	func_8006CBA8	vendor:LIBPAD.LIB/LIBPAD_PDRESRES	nocompile	m2c	vendor
SLUS_013.95	0x8006CBBC	func_8006CBBC	vendor:LIBPAD.LIB/LIBPAD_PDRESRES	nocompile	m2c	vendor
SLUS_013.95	0x8006CBDC	func_8006CBDC	vendor:LIBPAD.LIB/LIBPAD_PDRESRES	nocompile	m2c	vendor
SLUS_013.95	0x8006CBFC	func_8006CBFC	vendor:LIBPAD.LIB/LIBPAD_PDRESRES	nocompile	m2c	vendor
SLUS_013.95	0x8006CC1C	func_8006CC1C	vendor:LIBPAD.LIB/LIBPAD_PDRESRES	nocompile	m2c	vendor
SLUS_013.95	0x8006CC30	func_8006CC30	vendor:LIBPAD.LIB/LIBPAD_PDRESRES	nocompile	m2c	vendor
SLUS_013.95	0x8006CC50	func_8006CC50	vendor:LIBPAD.LIB/LIBPAD_PDRESRES	nocompile	m2c	vendor
SLUS_013.95	0x8006CCF0	func_8006CCF0	vendor:LIBPAD.LIB/LIBPAD_PDRESRES	nocompile	m2c	vendor
SLUS_013.95	0x8006CD38	func_8006CD38	vendor:LIBPAD.LIB/LIBPAD_PDRESRES	nocompile	m2c	vendor
SLUS_013.95	0x8006CE10	func_8006CE10	vendor:LIBPAD.LIB/LIBPAD_PDRESRES	nocompile	m2c	vendor
SLUS_013.95	0x8006CEBC	func_8006CEBC	vendor:LIBPAD.LIB/LIBPAD_PDRESRES	nocompile	m2c	vendor
SLUS_013.95	0x8006CFD8	func_8006CFD8	vendor:LIBPAD.LIB/LIBPAD_PDRESRES	nocompile	m2c	vendor
rock_00	0x801EA0C4	func_801EA0C4	unique	25/125	m2c	undrawn
rock_00	0x801EA2B8	func_801EA2B8	unique	2/186	m2c	undrawn
rock_00	0x801EA5A0	func_801EA5A0	unique	15/97	m2c	undrawn
rock_00	0x801EA724	func_801EA724	unique	18/197	m2c	undrawn
rock_00	0x801EAA38	func_801EAA38	unique	nocompile	m2c	undrawn
rock_00	0x801EACA0	func_801EACA0	unique	nocompile	m2c	undrawn
rock_00	0x801EAECC	func_801EAECC	unique	80/88	m2c	undrawn
rock_00	0x801EB02C	func_801EB02C	unique	nocompile	m2c	undrawn
rock_00	0x801EB188	func_801EB188	unique	13/101	m2c	member-of:rock_00:0x801EA5A0
rock_00	0x801EB31C	func_801EB31C	unique	21/192	m2c	undrawn
rock_00	0x801EB61C	func_801EB61C	unique	19/51	m2c	undrawn
rock_00	0x801EB730	func_801EB730	x4	38/38	m2c	undrawn
rock_00	0x801EB7C8	func_801EB7C8	unique	22/31	m2c	member-of:rock_00:0x801EBBEC
rock_00	0x801EB844	func_801EB844	unique	20/29	m2c	member-of:rock_00:0x801EBBEC
rock_00	0x801EB8B8	func_801EB8B8	unique	35/44	m2c	undrawn
rock_00	0x801EB968	func_801EB968	dup:404516d3d41da670a5d411d79deec94513d1cdaf	18/18	m2c	member-of:SLUS_013.95:0x80037838
rock_00	0x801EB9EC	func_801EB9EC	unique	nocompile	m2c	undrawn
rock_00	0x801EBAE0	func_801EBAE0	unique	nocompile	m2c	undrawn
rock_00	0x801EBBEC	func_801EBBEC	unique	18/27	m2c	undrawn
rock_00	0x801EBC58	func_801EBC58	unique	37/39	m2c	undrawn
rock_00	0x801EBCF4	func_801EBCF4	family:63ed2d8d0f68528423527c9aa14441f6bb875dc9	29/31	m2c	undrawn
rock_00	0x801EBD70	func_801EBD70	dup:906c0202c7095834b2a7784b92e3cfeaef7476ae	15/23	m2c	member-of:SLUS_013.95:0x80037838
rock_00	0x801EBDCC	func_801EBDCC	dup:906c0202c7095834b2a7784b92e3cfeaef7476ae	15/23	m2c	member-of:SLUS_013.95:0x80037838
rock_00	0x801EBE28	func_801EBE28	family:63ed2d8d0f68528423527c9aa14441f6bb875dc9	29/31	m2c	member-of:rock_00:0x801EBCF4
rock_00	0x801EBEA4	func_801EBEA4	dup:404516d3d41da670a5d411d79deec94513d1cdaf	9/18	m2c	member-of:SLUS_013.95:0x80037838
rock_00	0x801EBF28	func_801EBF28	unique	1/13	m2c	undrawn
rock_00	0x801EBF5C	func_801EBF5C	unique	4/24	m2c	undrawn
rock_00	0x801EBFBC	func_801EBFBC	unique	18/25	m2c	undrawn
rock_00	0x801EC1B4	func_801EC1B4	family:1a216aa0e23f790cf1d1dc1e8d470cdeaf2785c4	35/35	m2c	plumbing:R2
rock_00	0x801EC2D0	func_801EC2D0	family:1a216aa0e23f790cf1d1dc1e8d470cdeaf2785c4	35/35	m2c	plumbing:R2
rock_00	0x801EC35C	func_801EC35C	unique	5/20	m2c	undrawn
rock_00	0x801EC3AC	func_801EC3AC	unique	29/51	m2c	undrawn
rock_00	0x801EC478	func_801EC478	x4	18/18	m2c	plumbing:R2
rock_00	0x801EC514	func_801EC514	unique	52/56	m2c	undrawn
rock_00	0x801EC5F4	func_801EC5F4	unique	0/33	m2c	undrawn
rock_00	0x801EC678	func_801EC678	x4	22/22	m2c	plumbing:R3
rock_00	0x801EC6D0	func_801EC6D0	unique	10/33	m2c	undrawn
rock_00	0x801EC754	func_801EC754	unique	7/73	m2c	undrawn
rock_00	0x801EC878	func_801EC878	unique	nocompile	m2c	undrawn
rock_00	0x801EC93C	func_801EC93C	unique	22/25	m2c	undrawn
rock_00	0x801EC9CC	func_801EC9CC	unique	31/46	m2c	undrawn
rock_00	0x801ECA84	func_801ECA84	unique	nocompile	m2c	member-of:rock_00:0x801EBBEC
rock_00	0x801ECAF4	func_801ECAF4	unique	nocompile	m2c	undrawn
rock_00	0x801ECC94	func_801ECC94	unique	14/18	m2c	member-of:rock_00:0x801F3640
rock_00	0x801ECCDC	func_801ECCDC	unique	15/18	m2c	member-of:rock_00:0x801F3640
rock_00	0x801ECD24	func_801ECD24	x4	15/15	m2c	plumbing:R2
rock_00	0x801ECD8C	func_801ECD8C	unique	12/24	m2c	undrawn
rock_00	0x801ECE0C	func_801ECE0C	unique	14/86	m2c	undrawn
rock_00	0x801ECF64	func_801ECF64	unique	27/61	m2c	undrawn
rock_00	0x801ED058	func_801ED058	unique	25/88	m2c	undrawn
rock_00	0x801ED1B8	func_801ED1B8	unique	nocompile	m2c	undrawn
rock_00	0x801ED36C	func_801ED36C	unique	9/110	m2c	undrawn
rock_00	0x801ED524	func_801ED524	unique	26/221	m2c	undrawn
rock_00	0x801ED898	func_801ED898	unique	31/115	m2c	undrawn
rock_00	0x801EDA64	func_801EDA64	unique	nocompile	m2c	undrawn
rock_00	0x801EDCB0	func_801EDCB0	unique	nocompile	m2c	undrawn
rock_00	0x801EE14C	func_801EE14C	x4	49/49	m2c	plumbing:R2
rock_00	0x801EE210	func_801EE210	unique	15/49	m2c	member-of:rock_00:0x801EE14C
rock_00	0x801EE34C	func_801EE34C	unique	0/58	m2c	undrawn
rock_00	0x801EE458	func_801EE458	x4	33/33	m2c	plumbing:R2
rock_00	0x801EE4DC	func_801EE4DC	unique	21/23	m2c	undrawn
rock_00	0x801EE538	func_801EE538	unique	17/39	m2c	undrawn
rock_00	0x801EE5D4	func_801EE5D4	x4	25/25	m2c	plumbing:R2
rock_00	0x801EE684	func_801EE684	unique	38/42	m2c	undrawn
rock_00	0x801EE72C	func_801EE72C	unique	6/18	m2c	member-of:rock_00:0x801EECA4
rock_00	0x801EE774	func_801EE774	unique	30/59	m2c	undrawn
rock_00	0x801EE860	func_801EE860	unique	54/56	m2c	undrawn
rock_00	0x801EE940	func_801EE940	unique	1/13	m2c	undrawn
rock_00	0x801EE974	func_801EE974	unique	29/31	m2c	undrawn
rock_00	0x801EEA10	func_801EEA10	unique	29/31	m2c	undrawn
rock_00	0x801EEB7C	func_801EEB7C	x4	30/30	m2c	undrawn
rock_00	0x801EEBF4	func_801EEBF4	unique	38/44	m2c	undrawn
rock_00	0x801EECA4	func_801EECA4	unique	5/17	m2c	undrawn
rock_00	0x801EECE8	func_801EECE8	unique	25/86	m2c	undrawn
rock_00	0x801EEE40	func_801EEE40	unique	53/96	m2c	undrawn
rock_00	0x801EEFC0	func_801EEFC0	unique	37/79	m2c	undrawn
rock_00	0x801EF0FC	func_801EF0FC	unique	nocompile	m2c	undrawn
rock_00	0x801EF284	func_801EF284	unique	7/99	m2c	undrawn
rock_00	0x801EF410	func_801EF410	unique	4/130	m2c	undrawn
rock_00	0x801EF618	func_801EF618	unique	91/128	m2c	undrawn
rock_00	0x801EF818	func_801EF818	family:2604798c721907f477a1d345b0795e880780941c	34/38	m2c	member-of:SLUS_013.95:0x80046148
rock_00	0x801EF8B0	func_801EF8B0	unique	nocompile	m2c	undrawn
rock_00	0x801EF944	func_801EF944	unique	20/33	m2c	undrawn
rock_00	0x801EF9C8	func_801EF9C8	unique	2/59	m2c	undrawn
rock_00	0x801EFAB4	func_801EFAB4	unique	6/20	m2c	member-of:rock_00:0x801F3640
rock_00	0x801EFB04	func_801EFB04	unique	11/22	m2c	undrawn
rock_00	0x801EFB5C	func_801EFB5C	unique	60/69	m2c	undrawn
rock_00	0x801EFC70	func_801EFC70	unique	2/33	m2c	undrawn
rock_00	0x801EFDA8	func_801EFDA8	family:e3bce47350fa593814046386098e65b85b257a7e	0/35	m2c	member-of:SLUS_013.95:0x80045E58
rock_00	0x801EFE34	func_801EFE34	unique	nocompile	m2c	undrawn
rock_00	0x801EFFAC	func_801EFFAC	unique	42/127	m2c	undrawn
rock_00	0x801F01A8	func_801F01A8	unique	nocompile	m2c	undrawn
rock_00	0x801F0410	func_801F0410	unique	0/149	m2c	undrawn
rock_00	0x801F0664	func_801F0664	unique	0/39	m2c	member-of:SLUS_013.95:0x80045E58
rock_00	0x801F0700	func_801F0700	unique	0/34	m2c	undrawn
rock_00	0x801F07C4	func_801F07C4	unique	18/20	m2c	member-of:rock_15:0x800F51D4
rock_00	0x801F0814	func_801F0814	x4	17/17	m2c	plumbing:R2
rock_00	0x801F0870	func_801F0870	unique	35/42	m2c	undrawn
rock_00	0x801F0918	func_801F0918	unique	25/27	m2c	undrawn
rock_00	0x801F09C0	func_801F09C0	unique	10/32	m2c	member-of:SLUS_013.95:0x80045138
rock_00	0x801F0A40	func_801F0A40	unique	4/84	m2c	undrawn
rock_00	0x801F0B90	func_801F0B90	unique	0/40	m2c	member-of:SLUS_013.95:0x80045E58
rock_00	0x801F0C30	func_801F0C30	family:e3bce47350fa593814046386098e65b85b257a7e	0/35	m2c	member-of:SLUS_013.95:0x80045E58
rock_00	0x801F0CBC	func_801F0CBC	unique	26/39	m2c	undrawn
rock_00	0x801F0D58	func_801F0D58	unique	3/69	m2c	undrawn
rock_00	0x801F0E6C	func_801F0E6C	unique	35/39	m2c	undrawn
rock_00	0x801F0F08	func_801F0F08	family:1addba6d28eb5765d1897dce24d06b42660a8d29	13/21	m2c	member-of:SLUS_013.95:0x80037838
rock_00	0x801F0F5C	func_801F0F5C	dup:302b83bd83ffc0946857a26b2ecb85c16fb323a2	1/15	m2c	undrawn
rock_00	0x801F0F98	func_801F0F98	unique	0/67	m2c	undrawn
rock_00	0x801F10A4	func_801F10A4	unique	1/26	m2c	undrawn
rock_00	0x801F110C	func_801F110C	unique	23/41	m2c	undrawn
rock_00	0x801F11B0	func_801F11B0	unique	21/23	m2c	undrawn
rock_00	0x801F120C	func_801F120C	family:1addba6d28eb5765d1897dce24d06b42660a8d29	13/21	m2c	member-of:SLUS_013.95:0x80037838
rock_00	0x801F1260	func_801F1260	dup:302b83bd83ffc0946857a26b2ecb85c16fb323a2	1/15	m2c	member-of:rock_00:0x801F0F5C
rock_00	0x801F129C	func_801F129C	unique	nocompile	m2c	undrawn
rock_00	0x801F1450	func_801F1450	unique	81/88	m2c	undrawn
rock_00	0x801F15B0	func_801F15B0	unique	nocompile	m2c	undrawn
rock_00	0x801F1A58	func_801F1A58	unique	1/36	m2c	member-of:SLUS_013.95:0x80045E58
rock_00	0x801F1AE8	func_801F1AE8	family:9b25f1eddc65f8d21a8c6dfe80e71596d073659f	1/31	m2c	member-of:SLUS_013.95:0x80045E58
rock_00	0x801F1B64	func_801F1B64	dup:5e13f6f5e81f87b344f38f18c252f02601bd1086	40/46	m2c	undrawn
rock_00	0x801F1C1C	func_801F1C1C	dup:5e13f6f5e81f87b344f38f18c252f02601bd1086	40/46	m2c	member-of:rock_00:0x801F1B64
rock_00	0x801F1CD4	func_801F1CD4	unique	58/63	m2c	undrawn
rock_00	0x801F1DD0	func_801F1DD0	unique	23/27	m2c	undrawn
rock_00	0x801F1E78	func_801F1E78	unique	1/20	m2c	undrawn
rock_00	0x801F1EC8	func_801F1EC8	unique	28/33	m2c	undrawn
rock_00	0x801F1F4C	func_801F1F4C	unique	43/45	m2c	undrawn
rock_00	0x801F2000	func_801F2000	unique	22/37	m2c	undrawn
rock_00	0x801F2094	func_801F2094	unique	7/55	m2c	undrawn
rock_00	0x801F21AC	func_801F21AC	unique	0/48	m2c	undrawn
rock_00	0x801F226C	func_801F226C	unique	nocompile	m2c	undrawn
rock_00	0x801F23C8	func_801F23C8	unique	nocompile	m2c	undrawn
rock_00	0x801F259C	func_801F259C	unique	66/70	m2c	undrawn
rock_00	0x801F26B4	func_801F26B4	unique	14/41	m2c	undrawn
rock_00	0x801F2758	func_801F2758	family:9b25f1eddc65f8d21a8c6dfe80e71596d073659f	1/31	m2c	member-of:SLUS_013.95:0x80045E58
rock_00	0x801F27D4	func_801F27D4	unique	nocompile	m2c	undrawn
rock_00	0x801F28F4	func_801F28F4	unique	13/23	m2c	member-of:SLUS_013.95:0x80037838
rock_00	0x801F2950	func_801F2950	unique	8/26	m2c	undrawn
rock_00	0x801F29B8	func_801F29B8	unique	12/32	m2c	member-of:SLUS_013.95:0x80045138
rock_00	0x801F2A38	func_801F2A38	unique	32/49	m2c	undrawn
rock_00	0x801F2AFC	func_801F2AFC	unique	35/37	m2c	undrawn
rock_00	0x801F2BCC	func_801F2BCC	dup:302b83bd83ffc0946857a26b2ecb85c16fb323a2	1/15	m2c	member-of:rock_00:0x801F0F5C
rock_00	0x801F2C08	func_801F2C08	unique	nocompile	m2c	undrawn
rock_00	0x801F2E0C	func_801F2E0C	unique	nocompile	m2c	undrawn
rock_00	0x801F2F7C	func_801F2F7C	unique	3/77	m2c	undrawn
rock_00	0x801F30B0	func_801F30B0	unique	80/84	m2c	undrawn
rock_00	0x801F3200	func_801F3200	unique	nocompile	m2c	undrawn
rock_00	0x801F33F0	func_801F33F0	unique	nocompile	m2c	undrawn
rock_00	0x801F3640	func_801F3640	unique	12/14	m2c	undrawn
rock_01	0x801EA004	func_801EA004	unique	nocompile	m2c	undrawn
rock_01	0x801EA124	func_801EA124	unique	nocompile	m2c	member-of:rock_01:0x801EA004
rock_01	0x801EA254	func_801EA254	unique	nocompile	m2c	undrawn
rock_01	0x801EA34C	func_801EA34C	unique	nocompile	m2c	undrawn
rock_01	0x801EA454	func_801EA454	unique	nocompile	m2c	undrawn
rock_01	0x801EA560	func_801EA560	unique	nocompile	m2c	undrawn
rock_01	0x801EA680	func_801EA680	unique	nocompile	m2c	undrawn
rock_01	0x801EA7A4	func_801EA7A4	unique	nocompile	m2c	undrawn
rock_01	0x801EA888	func_801EA888	unique	nocompile	m2c	undrawn
rock_01	0x801EAA24	func_801EAA24	unique	nocompile	m2c	undrawn
rock_01	0x801EABB4	func_801EABB4	unique	nocompile	m2c	undrawn
rock_01	0x801EACAC	func_801EACAC	unique	nocompile	m2c	undrawn
rock_01	0x801EAE7C	func_801EAE7C	unique	nocompile	m2c	undrawn
rock_01	0x801EB12C	func_801EB12C	unique	nocompile	m2c	undrawn
rock_01	0x801EB324	func_801EB324	unique	nocompile	m2c	undrawn
rock_01	0x801EB5F8	func_801EB5F8	unique	nocompile	m2c	undrawn
rock_01	0x801EB934	func_801EB934	unique	nocompile	m2c	undrawn
rock_01	0x801EBA7C	func_801EBA7C	unique	nocompile	m2c	undrawn
rock_01	0x801EBC60	func_801EBC60	unique	nocompile	m2c	undrawn
rock_01	0x801EBE04	func_801EBE04	unique	nocompile	m2c	undrawn
rock_01	0x801EBE54	func_801EBE54	family:d977853a764c46ca7bf9265cd94231e687dcccfb	nocompile	m2c	member-of:rock_01:0x801EC178
rock_01	0x801EBEDC	func_801EBEDC	unique	nocompile	m2c	undrawn
rock_01	0x801EBF94	func_801EBF94	unique	nocompile	m2c	undrawn
rock_01	0x801EC028	func_801EC028	unique	nocompile	m2c	undrawn
rock_01	0x801EC0F0	func_801EC0F0	family:d977853a764c46ca7bf9265cd94231e687dcccfb	nocompile	m2c	member-of:rock_01:0x801EC178
rock_01	0x801EC178	func_801EC178	unique	nocompile	m2c	undrawn
rock_01	0x801EC1F8	func_801EC1F8	unique	nocompile	m2c	member-of:rock_01:0x801EC178
rock_01	0x801EC298	func_801EC298	unique	nocompile	m2c	undrawn
rock_01	0x801EC334	func_801EC334	unique	nocompile	m2c	undrawn
rock_01	0x801EC440	func_801EC440	unique	nocompile	m2c	member-of:rock_00:0x801EBBEC
rock_01	0x801EC4AC	func_801EC4AC	unique	nocompile	m2c	member-of:SLUS_013.95:0x800381F0
rock_01	0x801EC504	func_801EC504	unique	nocompile	m2c	undrawn
rock_01	0x801EC614	func_801EC614	unique	nocompile	m2c	undrawn
rock_01	0x801EC68C	func_801EC68C	unique	nocompile	m2c	undrawn
rock_01	0x801EC76C	func_801EC76C	unique	nocompile	m2c	undrawn
rock_01	0x801EC86C	func_801EC86C	unique	nocompile	m2c	undrawn
rock_01	0x801EC95C	func_801EC95C	unique	nocompile	m2c	undrawn
rock_01	0x801EC9C4	func_801EC9C4	unique	nocompile	m2c	member-of:SLUS_013.95:0x8003D10C
rock_01	0x801ECA50	func_801ECA50	unique	nocompile	m2c	undrawn
rock_01	0x801ECAF0	func_801ECAF0	unique	nocompile	m2c	undrawn
rock_01	0x801ECBE8	func_801ECBE8	unique	nocompile	m2c	undrawn
rock_01	0x801ECCD4	func_801ECCD4	unique	nocompile	m2c	member-of:SLUS_013.95:0x8003A33C
rock_01	0x801ECD3C	func_801ECD3C	unique	nocompile	m2c	undrawn
rock_01	0x801ECD54	func_801ECD54	unique	nocompile	m2c	undrawn
rock_01	0x801ECD90	func_801ECD90	unique	nocompile	m2c	undrawn
rock_01	0x801ECE08	func_801ECE08	unique	nocompile	m2c	member-of:SLUS_013.95:0x8003A5D8
rock_01	0x801ECE60	func_801ECE60	unique	nocompile	m2c	undrawn
rock_01	0x801ECED4	func_801ECED4	unique	nocompile	m2c	undrawn
rock_01	0x801ECF7C	func_801ECF7C	dup:71839dba5adfae510f827704dccc949c6562ecd4	nocompile	m2c	member-of:rock_11:0x800F2518
rock_01	0x801ECF90	func_801ECF90	unique	nocompile	m2c	undrawn
rock_01	0x801ED0A0	func_801ED0A0	unique	nocompile	m2c	member-of:rock_00:0x801F3640
rock_01	0x801ED0E0	func_801ED0E0	unique	nocompile	m2c	undrawn
rock_01	0x801ED150	func_801ED150	unique	nocompile	m2c	undrawn
rock_01	0x801ED198	func_801ED198	unique	nocompile	m2c	undrawn
rock_01	0x801ED230	func_801ED230	unique	nocompile	m2c	member-of:rock_00:0x801F3640
rock_01	0x801ED288	func_801ED288	dup:7f693e46b2295478282394980377f04c2f3d08dc	nocompile	m2c	member-of:rock_11:0x800EA5F0
rock_01	0x801ED2A8	func_801ED2A8	unique	nocompile	m2c	undrawn
rock_01	0x801ED3DC	func_801ED3DC	unique	nocompile	m2c	undrawn
rock_01	0x801ED6F0	func_801ED6F0	unique	nocompile	m2c	undrawn
rock_01	0x801ED928	func_801ED928	unique	nocompile	m2c	undrawn
rock_01	0x801EDAF4	func_801EDAF4	unique	nocompile	m2c	undrawn
rock_01	0x801EDCC8	func_801EDCC8	unique	nocompile	m2c	undrawn
rock_01	0x801EDFC8	func_801EDFC8	unique	nocompile	m2c	undrawn
rock_01	0x801EE254	func_801EE254	unique	nocompile	m2c	undrawn
rock_02	0x800E9B90	func_800E9B90	unique	7/36	m2c	undrawn
rock_02	0x800E9C20	func_800E9C20	unique	nocompile	m2c	undrawn
rock_02	0x800E9D80	func_800E9D80	dup:092b78e20e4a8e3dd6f0100e81da3d0b6b44ca35	8/19	m2c	member-of:SLUS_013.95:0x80046C64
rock_02	0x800E9DCC	func_800E9DCC	unique	42/68	m2c	undrawn
rock_02	0x800E9F1C	func_800E9F1C	unique	87/96	m2c	undrawn
rock_02	0x800EA09C	func_800EA09C	unique	nocompile	m2c	undrawn
rock_02	0x800EA1D8	func_800EA1D8	dup:9f9117540cf8878b2d76d0d98987edfffacdf368	19/19	m2c	member-of:SLUS_013.95:0x80037838
rock_02	0x800EA260	func_800EA260	unique	3/68	m2c	undrawn
rock_02	0x800EA370	func_800EA370	unique	30/39	m2c	undrawn
rock_02	0x800EA468	func_800EA468	unique	15/21	m2c	undrawn
rock_02	0x800EA4BC	func_800EA4BC	unique	12/28	m2c	undrawn
rock_02	0x800EA568	func_800EA568	unique	26/26	m2c	plumbing:R3
rock_02	0x800EA5D0	func_800EA5D0	unique	nocompile	m2c	undrawn
rock_02	0x800EA738	func_800EA738	unique	nocompile	m2c	undrawn
rock_02	0x800EA7D4	func_800EA7D4	unique	25/27	m2c	undrawn
rock_02	0x800EA840	func_800EA840	unique	nocompile	m2c	undrawn
rock_02	0x800EA8E0	func_800EA8E0	unique	24/44	m2c	undrawn
rock_02	0x800EA990	func_800EA990	unique	42/44	m2c	undrawn
rock_02	0x800EAA40	func_800EAA40	unique	29/38	m2c	undrawn
rock_02	0x800EAAF8	func_800EAAF8	unique	nocompile	m2c	undrawn
rock_02	0x800EABB0	func_800EABB0	unique	nocompile	m2c	undrawn
rock_02	0x800EAC8C	func_800EAC8C	dup:9fc931326149177055313489882726b92e2c6b2e	81/96	m2c	undrawn
rock_02	0x800EAE0C	func_800EAE0C	dup:be35b1888b96d320d3e087ef7a2b120d6f9238c3	24/105	m2c	undrawn
rock_02	0x800EAFB0	func_800EAFB0	dup:9f9117540cf8878b2d76d0d98987edfffacdf368	11/19	m2c	member-of:SLUS_013.95:0x80037838
rock_02	0x800EAFFC	func_800EAFFC	dup:6f36cbcd78d1cd7f9ee3324a8f7a1bbff6f9afc8	49/68	m2c	undrawn
rock_02	0x800EB14C	func_800EB14C	dup:11f815b311a4239015adc1ba49493cf37d121433	17/21	m2c	undrawn
rock_02	0x800EB1F4	func_800EB1F4	dup:cc1373a1829ee931b0221762a62cb51590f56793	14/18	m2c	jtbl-uncarved
rock_02	0x800EB23C	func_800EB23C	dup:c2ed556c33270898eecb63ea9b0dfe99e6ddada1	17/65	m2c	undrawn
rock_02	0x800EB340	func_800EB340	dup:6724149a08e9acdd1ca18290ecd5f9b18bc79983	16/45	m2c	undrawn
rock_02	0x800EB450	func_800EB450	dup:910eedbab3f349d7d583a7e98cc5dd608ffcf98f	4/101	m2c	undrawn
rock_02	0x800EB5E4	func_800EB5E4	dup:8629b5b7dece60179a97a75818cd0f322acb9af6	12/106	m2c	undrawn
rock_02	0x800EB78C	func_800EB78C	dup:c03de043b8a370ca9dd7d787a1448f6bc4f14049	nocompile	m2c	undrawn
rock_02	0x800EB924	func_800EB924	dup:f4180ca636c75a4c6be7dd3d16a6bb99855bbbaf	14/90	m2c	undrawn
rock_02	0x800EBA8C	func_800EBA8C	dup:d2ff642659c6947bf4487a92ee9f29963b58c7a0	25/102	m2c	undrawn
rock_02	0x800EBC24	func_800EBC24	dup:e9f23cecd8c23913920e1c374b5c33e6358f94cd	24/29	m2c	undrawn
rock_02	0x800EBCD8	func_800EBCD8	dup:fce01d49810285ec085bd21372bc6909397471eb	16/60	m2c	undrawn
rock_02	0x800EBDC8	func_800EBDC8	dup:3164bf31101ed07e3ca62db165036cee0b4a2b64	30/54	m2c	undrawn
rock_02	0x800EBEF4	func_800EBEF4	dup:9c62b54d9ad80a2fe13cd8b7ee3743b393c82959	8/13	m2c	member-of:SLUS_013.95:0x80041FB0
rock_02	0x800EC044	func_800EC044	dup:4b9456126493d60810715dea1dc6376b4f862bb3	16/16	m2c	plumbing:R2
rock_02	0x800EC084	func_800EC084	dup:5be74ef6e3a826232e5e2b53924dac6bc787a001	38/38	m2c	jtbl-uncarved
rock_02	0x800EC11C	func_800EC11C	dup:3dc8f76edd59a0a00c77958edb0be3b1ff8b02d5	nocompile	m2c	undrawn
rock_02	0x800EC2B8	func_800EC2B8	dup:121f11a174162ac86a75688a191e4cceecdee613	nocompile	m2c	undrawn
rock_02	0x800EC484	func_800EC484	dup:eb9bd934010ff42a1f660be0bb4bcc90ed90af8b	nocompile	m2c	undrawn
rock_02	0x800EC640	func_800EC640	dup:3c7aad723884df3265673e7b43ca78f79c143fea	nocompile	m2c	undrawn
rock_02	0x800EC784	func_800EC784	dup:e68c05833e333fe8805e9efe480600911efef9b8	20/49	m2c	undrawn
rock_02	0x800EC848	func_800EC848	dup:c0fe93549d8b393ed381dc6837e8880721bfbb33	nocompile	m2c	jtbl-uncarved
rock_02	0x800EC9C8	func_800EC9C8	dup:2c0c3bfd417a3625e6188467653d05aa5a570d8c	nocompile	m2c	jtbl-uncarved
rock_02	0x800ECA60	func_800ECA60	dup:af239b6cf6fab26aa48c23b19c1352389f4918fb	nocompile	m2c	undrawn
rock_02	0x800ECCF0	func_800ECCF0	dup:eddaec1abe0747887e78b34ffa0c36e37ef32a2f	nocompile	m2c	undrawn
rock_02	0x800ECF78	func_800ECF78	dup:f963924baef29b66318d53e3f57b045b983cf57e	1/73	m2c	undrawn
rock_02	0x800ED09C	func_800ED09C	dup:681f19e63defd1bfa95e27b7143581e4f2b3b0a7	51/54	m2c	undrawn
rock_02	0x800ED1F8	func_800ED1F8	dup:85e8100d55936f7112b4c230e6bb6d66b9ebc803	25/25	m2c	undrawn
rock_02	0x800ED25C	func_800ED25C	dup:a6e79c949180f6c50b2b3c9650945314517ab2b8	23/23	m2c	plumbing:R2
rock_02	0x800ED2F4	func_800ED2F4	dup:327f58c0753afe156aa464b5c67385d099b1f987	31/31	m2c	undrawn
rock_02	0x800ED370	func_800ED370	dup:0de043eb011495b64acf69985dc05595fefbed6f	25/25	m2c	plumbing:R2
rock_02	0x800ED3D4	func_800ED3D4	dup:d78453aaa1779408cea3e70ceed2899260fd022e	19/19	m2c	member-of:SLUS_013.95:0x80037838
rock_02	0x800ED420	func_800ED420	dup:33bd38b37182d8727a7409516bc1ce166c3ad59a	nocompile	m2c	undrawn
rock_02	0x800ED498	func_800ED498	dup:b51be65f31c0447c2d29d3ec1a3aa8b6269a0613	34/34	m2c	undrawn
rock_02	0x800ED520	func_800ED520	dup:906fe9ad3443a49bee971e3401d1004a3b87e1e5	nocompile	m2c	undrawn
rock_02	0x800ED590	func_800ED590	dup:d78453aaa1779408cea3e70ceed2899260fd022e	11/19	m2c	member-of:SLUS_013.95:0x80037838
rock_02	0x800ED5DC	func_800ED5DC	dup:33b468e08a9755824842aacd1d9836340a6cb00f	nocompile	m2c	undrawn
rock_02	0x800ED67C	func_800ED67C	dup:ac47fa83c4201004095b0f6b389e59c94eebf2a6	nocompile	m2c	undrawn
rock_02	0x800ED7B8	func_800ED7B8	dup:be9839e079ddb5ee5645ebcfb9190469b845356f	24/24	m2c	undrawn
rock_02	0x800ED880	func_800ED880	dup:0565770c6716d04ca8277154008a74f0bca73283	16/16	m2c	undrawn
rock_02	0x800ED8EC	func_800ED8EC	dup:54443c627831cb12d8f780a4f48cca752e433f0d	29/37	m2c	undrawn
rock_02	0x800EDA04	func_800EDA04	dup:66cada2b5ace48e4fdda8171b5b528324e9b4ed8	21/30	m2c	undrawn
rock_02	0x800EDAD4	func_800EDAD4	dup:e2b16dfb73d236a587330d3ae09d915d5e844d05	25/29	m2c	undrawn
rock_02	0x800EDB48	func_800EDB48	dup:2c409c3e750b23ef38f1eb91ad51ba535fd7bd1e	22/27	m2c	member-of:rock_00:0x801EBBEC
rock_02	0x800EDBB4	func_800EDBB4	dup:9178294124148be490e5c68d79020bb839872097	15/46	m2c	undrawn
rock_02	0x800EDC94	func_800EDC94	dup:092b78e20e4a8e3dd6f0100e81da3d0b6b44ca35	8/19	m2c	member-of:SLUS_013.95:0x80046C64
rock_02	0x800EDCE0	func_800EDCE0	dup:7ce572c2f092152843edffa9b7486accb1c1db88	24/24	m2c	plumbing:R2
rock_02	0x800EDD60	func_800EDD60	unique	53/93	m2c	undrawn
rock_02	0x800EDED4	func_800EDED4	unique	0/64	m2c	undrawn
rock_02	0x800EDFD4	func_800EDFD4	unique	8/109	m2c	undrawn
rock_02	0x800EE188	func_800EE188	unique	16/79	m2c	undrawn
rock_02	0x800EE2C4	func_800EE2C4	unique	nocompile	m2c	undrawn
rock_02	0x800EE390	func_800EE390	unique	nocompile	m2c	undrawn
rock_02	0x800EE468	func_800EE468	unique	10/73	m2c	undrawn
rock_02	0x800EE58C	func_800EE58C	unique	nocompile	m2c	undrawn
rock_02	0x800EE6D0	func_800EE6D0	unique	0/73	m2c	undrawn
rock_02	0x800EE7F4	func_800EE7F4	unique	nocompile	m2c	undrawn
rock_02	0x800EE904	func_800EE904	unique	16/145	m2c	undrawn
rock_02	0x800EEB48	func_800EEB48	unique	0/89	m2c	undrawn
rock_02	0x800EECAC	func_800EECAC	unique	nocompile	m2c	undrawn
rock_02	0x800EF2EC	func_800EF2EC	family:b0be69d0c201c6371c3522f28942a6c55de486fc	nocompile	m2c	member-of:rock_45:0x800FC7D8
rock_02	0x800EF3F8	func_800EF3F8	unique	0/76	m2c	undrawn
rock_02	0x800EF528	func_800EF528	unique	2/100	m2c	undrawn
rock_02	0x800EF6B8	func_800EF6B8	unique	9/83	m2c	undrawn
rock_02	0x800EF804	func_800EF804	unique	nocompile	m2c	undrawn
rock_02	0x800EFA5C	func_800EFA5C	unique	43/104	m2c	undrawn
rock_02	0x800EFBFC	func_800EFBFC	unique	3/65	m2c	member-of:rock_02:0x800EFD00
rock_02	0x800EFD00	func_800EFD00	unique	1/55	m2c	undrawn
rock_02	0x800EFDDC	func_800EFDDC	unique	8/61	m2c	member-of:rock_02:0x800EFD00
rock_02	0x800EFED0	func_800EFED0	dup:7eb263c59b8359c00282568a9705985cc50ff485	11/31	m2c	member-of:SLUS_013.95:0x80037838
rock_02	0x800EFF4C	func_800EFF4C	unique	2/67	m2c	undrawn
rock_02	0x800F0134	func_800F0134	unique	0/43	m2c	undrawn
rock_02	0x800F01E0	func_800F01E0	unique	nocompile	m2c	undrawn
rock_02	0x800F0294	func_800F0294	family:8a94197ac6579b3f13a902501167ef630527cb72	18/59	m2c	undrawn
rock_02	0x800F0380	func_800F0380	dup:220f94628b161d05d8053d6e63803fdbc82d6391	17/25	m2c	member-of:SLUS_013.95:0x80037838
rock_02	0x800F03EC	func_800F03EC	dup:220f94628b161d05d8053d6e63803fdbc82d6391	17/25	m2c	member-of:SLUS_013.95:0x80037838
rock_02	0x800F0450	func_800F0450	unique	nocompile	m2c	member-of:rock_02:0x800F0794
rock_02	0x800F04F4	func_800F04F4	dup:220f94628b161d05d8053d6e63803fdbc82d6391	17/25	m2c	member-of:SLUS_013.95:0x80037838
rock_02	0x800F0558	func_800F0558	unique	nocompile	m2c	member-of:rock_02:0x800F0884
rock_02	0x800F05C0	func_800F05C0	unique	nocompile	m2c	undrawn
rock_02	0x800F065C	func_800F065C	unique	10/21	m2c	undrawn
rock_02	0x800F06B0	func_800F06B0	unique	nocompile	m2c	undrawn
rock_02	0x800F0730	func_800F0730	dup:220f94628b161d05d8053d6e63803fdbc82d6391	17/25	m2c	member-of:SLUS_013.95:0x80037838
rock_02	0x800F0794	func_800F0794	unique	nocompile	m2c	undrawn
rock_02	0x800F0820	func_800F0820	dup:220f94628b161d05d8053d6e63803fdbc82d6391	17/25	m2c	member-of:SLUS_013.95:0x80037838
rock_02	0x800F0884	func_800F0884	unique	nocompile	m2c	undrawn
rock_02	0x800F08E8	func_800F08E8	unique	17/19	m2c	undrawn
rock_02	0x800F0934	func_800F0934	dup:220f94628b161d05d8053d6e63803fdbc82d6391	17/25	m2c	member-of:SLUS_013.95:0x80037838
rock_02	0x800F0998	func_800F0998	unique	nocompile	m2c	member-of:rock_02:0x800F0884
rock_02	0x800F09FC	func_800F09FC	unique	11/70	m2c	undrawn
rock_02	0x800F0B14	func_800F0B14	unique	nocompile	m2c	undrawn
rock_02	0x800F0C0C	func_800F0C0C	family:3391245e6372bd1d182e330233a21a012685f035	26/31	m2c	undrawn
rock_02	0x800F0C88	func_800F0C88	unique	24/52	m2c	undrawn
rock_02	0x800F0D58	func_800F0D58	unique	0/29	m2c	undrawn
rock_02	0x800F0DCC	func_800F0DCC	unique	0/43	m2c	undrawn
rock_02	0x800F0E78	func_800F0E78	unique	nocompile	m2c	undrawn
rock_02	0x800F0F4C	func_800F0F4C	family:e7c23ae378ca318ad6f787b361d4787f774dc710	10/64	m2c	member-of:rock_22:0x800F8ECC
rock_02	0x800F104C	func_800F104C	unique	nocompile	m2c	undrawn
rock_02	0x800F117C	func_800F117C	unique	6/12	m2c	undrawn
rock_02	0x800F11AC	func_800F11AC	unique	8/20	m2c	undrawn
rock_02	0x800F11FC	func_800F11FC	family:e7c23ae378ca318ad6f787b361d4787f774dc710	10/64	m2c	member-of:rock_22:0x800F8ECC
rock_02	0x800F12FC	func_800F12FC	unique	15/35	m2c	undrawn
rock_02	0x800F1388	func_800F1388	dup:38e1a722ce8eb22c0c91e96517429c593bfa9d95	8/16	m2c	member-of:SLUS_013.95:0x80046C64
rock_02	0x800F14F0	func_800F14F0	unique	14/33	m2c	undrawn
rock_02	0x800F1594	func_800F1594	unique	21/50	m2c	undrawn
rock_02	0x800F167C	func_800F167C	unique	8/34	m2c	undrawn
rock_02	0x800F1724	func_800F1724	dup:ab48a222642b4fb018426bea62c26ae9e64724d3	nocompile	m2c	undrawn
rock_02	0x800F1980	func_800F1980	dup:f105be1a1ca547cd00875490b60f31aa3157ad46	nocompile	m2c	undrawn
rock_02	0x800F1F50	func_800F1F50	dup:d1015eafa378f683747f20083f88be5e1a234792	19/67	m2c	undrawn
rock_02	0x800F205C	func_800F205C	dup:cd43521d90615a33ef4fff1fc2046726a1ea952c	7/85	m2c	undrawn
rock_02	0x800F21B0	func_800F21B0	dup:788ef7b3183e355102963ab2de55ad692fef47e5	12/78	m2c	undrawn
rock_02	0x800F22E8	func_800F22E8	dup:ab9b1707a6ac7fc12d52f556f2c5e1810ee04b97	5/84	m2c	undrawn
rock_02	0x800F2438	func_800F2438	dup:1987c47d61868d339c562ab67a1bc0a632f563d7	0/83	m2c	undrawn
rock_02	0x800F2584	func_800F2584	dup:9561efb3bfe5aff7f5859936e66d6234742eb06a	nocompile	m2c	undrawn
rock_02	0x800F2864	func_800F2864	dup:db1c73509b735a276b0de0629401343b8fc06d98	nocompile	m2c	undrawn
rock_02	0x800F2984	func_800F2984	dup:40b30ca0a76b28b595fabebaa5c31f4ad14a761a	nocompile	m2c	undrawn
rock_02	0x800F2AC8	func_800F2AC8	dup:260b4590007650af924b2c4fddee4b8f5fce9c48	nocompile	m2c	undrawn
rock_02	0x800F2BE4	func_800F2BE4	dup:aceba921fe492cfce2f0f697755fde6900766c1b	34/73	m2c	undrawn
rock_02	0x800F2D08	func_800F2D08	dup:1708b4755e8ac45a2821f41352d833fa421ff485	nocompile	m2c	member-of:rock_02:0x800F2EBC
rock_02	0x800F2EBC	func_800F2EBC	dup:4f00c92e64f1a5234699d3b08763780ef1c357d3	5/96	m2c	undrawn
rock_02	0x800F303C	func_800F303C	dup:61e30eeb46e0e181c163e7773e327805cbfde94d	14/74	m2c	undrawn
rock_02	0x800F3164	func_800F3164	dup:c43f2be1ca68d8f0e7b61ed735b280972cbbfdd3	16/85	m2c	undrawn
rock_02	0x800F32B8	func_800F32B8	dup:94f493980397b336976692d903d6edaf6334a60a	16/66	m2c	undrawn
rock_02	0x800F33C0	func_800F33C0	dup:6f2bb9ff4567c6cb0d4113447fc8ade9bb440080	30/51	m2c	undrawn
rock_02	0x800F348C	func_800F348C	dup:b0869aa89d13b8e5671119fe56b84bc059f93700	12/94	m2c	undrawn
rock_02	0x800F3604	func_800F3604	dup:d6d297f6b2615549ab15d97fbbc8e0b6566d003c	nocompile	m2c	undrawn
rock_02	0x800F370C	func_800F370C	dup:805df948c6a1d6ed36a65327be0ce210fd59195b	nocompile	m2c	undrawn
rock_02	0x800F38F4	func_800F38F4	dup:c64f96883f71c558a50a278be146615dee7389b5	nocompile	m2c	undrawn
rock_02	0x800F3EE0	func_800F3EE0	dup:fbe7623be5b09ec3c1f74ae83e277957f87952b7	nocompile	m2c	undrawn
rock_02	0x800F4194	func_800F4194	dup:1ab856be016e32a3fe866d1f8c5337a0730cc71d	51/187	m2c	undrawn
rock_02	0x800F4480	func_800F4480	dup:382dc398387ff4afa9a513ce80ee675f1d088ae2	nocompile	m2c	undrawn
rock_02	0x800F4620	func_800F4620	dup:7cf27c8356f382b9349491e19c3a494da17d93e5	28/107	m2c	undrawn
rock_02	0x800F47CC	func_800F47CC	dup:d35d6ac875d916244dc04bced3546b48289cccca	24/72	m2c	undrawn
rock_02	0x800F48EC	func_800F48EC	dup:ad6dd78117667f6faf476cf8a22fe4054e07c664	0/115	m2c	undrawn
rock_02	0x800F4AB8	func_800F4AB8	dup:a85087d8a6f8fb55cbdf619dace9ad1fccfe80d9	89/99	m2c	undrawn
rock_02	0x800F4C44	func_800F4C44	dup:8919d8e51fb95afc71f2de72516a71a43d6a2885	nocompile	m2c	member-of:rock_02:0x800F4194
rock_02	0x800F4F44	func_800F4F44	dup:ededc5688abb6b1dff25e470661ebbafba13207f	16/139	m2c	undrawn
rock_02	0x800F5170	func_800F5170	dup:3841861bc21ec5a06e7fe26f058b170fac036262	12/23	m2c	member-of:SLUS_013.95:0x80037838
rock_02	0x800F5208	func_800F5208	dup:bb30f7e898d3670e4c04783378002225bacae7bb	17/29	m2c	undrawn
rock_02	0x800F527C	func_800F527C	dup:3a82d9987be42e8f002a1a4463fa2eb996eaa9ea	27/65	m2c	member-of:rock_22:0x800F8ECC
rock_02	0x800F53D0	func_800F53D0	dup:a43684670e8c12840343b107887163848cc99022	14/20	m2c	member-of:rock_00:0x801F3640
rock_02	0x800F5420	func_800F5420	dup:e5c928a379906fcdef8a9d10e618d0ce4a92d95e	24/31	m2c	undrawn
rock_02	0x800F549C	func_800F549C	dup:2e7ba15f137f4f407c30b1dd20d8ea9525dd5c67	14/51	m2c	undrawn
rock_02	0x800F5568	func_800F5568	dup:24fc9c08126ab460335b423fbe2a0738f84e8796	30/33	m2c	undrawn
rock_02	0x800F55EC	func_800F55EC	dup:7e4220fac46c82deca9d32f52d244a855a1c9feb	0/67	m2c	member-of:rock_02:0x800F6708
rock_02	0x800F56F8	func_800F56F8	dup:f2d77a6e1298ddac68202b271e5cbadbe3a38228	16/26	m2c	member-of:rock_00:0x801F3640
rock_02	0x800F57C8	func_800F57C8	dup:68d7b1c77b1e16d0436f32608e4e679e745542df	17/27	m2c	undrawn
rock_02	0x800F588C	func_800F588C	dup:a022a280496770d3a29dc4d3f382289047cb1121	18/32	m2c	undrawn
rock_02	0x800F590C	func_800F590C	dup:b6d54ebe957db93071db78ccad2b0091ca41e6af	12/17	m2c	member-of:rock_00:0x801F3640
rock_02	0x800F5950	func_800F5950	dup:4fb44dd14e418d7110c129d1c99aa13104f51c0d	25/28	m2c	undrawn
rock_02	0x800F59C0	func_800F59C0	dup:6f86c452bd7cc0f66b45171bc2ec936f5c40668f	12/40	m2c	undrawn
rock_02	0x800F5A60	func_800F5A60	dup:0670694b1ce5fdc05aa427c4704bcf00b79e257c	4/39	m2c	undrawn
rock_02	0x800F5AFC	func_800F5AFC	dup:e6b9acb491b98a778c36886c51529b6fe286c954	8/13	m2c	member-of:SLUS_013.95:0x80041FB0
rock_02	0x800F5B30	func_800F5B30	dup:bfe6a1ae865360f1ce7c0798130ad4929cacbb00	5/36	m2c	member-of:rock_02:0x800F5C40
rock_02	0x800F5BFC	func_800F5BFC	dup:1a1fe9dc4aa83362a604ed84c4aab5c6f5794cbe	13/17	m2c	member-of:rock_07:0x800ED0F0
rock_02	0x800F5C40	func_800F5C40	dup:cee6cda89c74a00f9339d88441ec97a0c862d51b	3/33	m2c	undrawn
rock_02	0x800F5D00	func_800F5D00	dup:b24fed799e33f3804098d1a9cf8d6743151808d7	16/17	m2c	undrawn
rock_02	0x800F5D44	func_800F5D44	dup:08bfc191e01402684efaa84ae5c9a0c6a34d8710	4/36	m2c	member-of:rock_02:0x800F5C40
rock_02	0x800F5E10	func_800F5E10	dup:d0792cb11aa529a6577cae4353895795c8652b32	16/19	m2c	member-of:rock_07:0x800ED0F0
rock_02	0x800F5E5C	func_800F5E5C	dup:f3e05725727ed7ab1c98f018b9c7860ef338c10e	25/35	m2c	member-of:rock_02:0x800F5568
rock_02	0x800F5EE8	func_800F5EE8	dup:30e646b232141d1396f5aeb8267442e76b3cc2a9	13/59	m2c	undrawn
rock_02	0x800F5FD4	func_800F5FD4	dup:4ca0c1c810c8cec249ea8f9e33461e5db27d3cdb	6/33	m2c	undrawn
rock_02	0x800F6058	func_800F6058	dup:07e8314b0ef86de36fe9d28e20020b8a86433721	6/38	m2c	member-of:rock_02:0x800F5C40
rock_02	0x800F612C	func_800F612C	dup:054de2f1f600d37ca95f9774ac9271016a6a95ff	nocompile	m2c	undrawn
rock_02	0x800F6268	func_800F6268	dup:3315b94b98655b95572a374f3d6e6067e07bfb15	nocompile	m2c	undrawn
rock_02	0x800F6328	func_800F6328	dup:bf30b53f7d582edfb4bfc34d6ba9fc40f78907f6	nocompile	m2c	undrawn
rock_02	0x800F6400	func_800F6400	dup:5d86d4bb6847a2fe94145f6f593d10be8cbb5d42	nocompile	m2c	undrawn
rock_02	0x800F64FC	func_800F64FC	dup:6380a7aeff5aa1cb8d8a70d3a643813d2bff0570	16/19	m2c	member-of:rock_00:0x801F3640
rock_02	0x800F6548	func_800F6548	dup:16203fa24144cfea19570ffbfd039866bd316266	16/23	m2c	member-of:rock_11:0x800FABA0
rock_02	0x800F6618	func_800F6618	dup:1a1d72ee5c8a66c6e0690fe443ac5e1862d1b0cf	7/27	m2c	undrawn
rock_02	0x800F6684	func_800F6684	dup:63e2235baedc4d6876dde3c8d1a7e18c150fc0a5	30/33	m2c	member-of:rock_02:0x800F5568
rock_02	0x800F6708	func_800F6708	dup:1425f55608d3ce6f7227f549de710c2230d31381	0/66	m2c	undrawn
rock_02	0x800F6810	func_800F6810	dup:4a04d8397a65bcbeca0628adabce3f312e85ec2f	16/26	m2c	member-of:rock_00:0x801F3640
rock_02	0x800F68CC	func_800F68CC	dup:3d856e6b7a700ad8e16be5525f97b73d4298f3ed	20/34	m2c	member-of:rock_02:0x800F588C
rock_02	0x800F6954	func_800F6954	dup:f28710eaf4d5f17ed6fe5f32e0d79444cde18ec3	6/20	m2c	member-of:rock_00:0x801F3640
rock_02	0x800F69A4	func_800F69A4	dup:6f86c452bd7cc0f66b45171bc2ec936f5c40668f	12/40	m2c	member-of:rock_02:0x800F59C0
rock_02	0x800F6A44	func_800F6A44	dup:0670694b1ce5fdc05aa427c4704bcf00b79e257c	4/39	m2c	member-of:rock_02:0x800F5A60
rock_02	0x800F6AE0	func_800F6AE0	dup:520354c536c26bbfc5f56dc49ff8d92c40835b06	13/16	m2c	undrawn
rock_02	0x800F6B20	func_800F6B20	dup:30dcea0bcbb491ae8b036600028dcb50aa3e961e	14/48	m2c	undrawn
rock_02	0x800F6C1C	func_800F6C1C	dup:38e96dc97f337812f257c5763a9d9c9f0f1cd2b8	0/63	m2c	undrawn
rock_02	0x800F6D18	func_800F6D18	dup:ca38c5624d291321ed3e8f92f3b3ff1b9e252f42	29/36	m2c	undrawn
rock_02	0x800F6DA8	func_800F6DA8	dup:6d14751ea24d046a410fa87623f2646f33d2e91a	30/42	m2c	undrawn
rock_02	0x800F6E50	func_800F6E50	dup:0288331f987aeba864064c3c831f44fcd4fdaac7	nocompile	m2c	undrawn
rock_02	0x800F6EE0	func_800F6EE0	dup:985b63ada0aa5b21aac76e5d1492e69e7318fb2c	14/24	m2c	member-of:rock_00:0x801F3640
rock_02	0x800F6F40	func_800F6F40	dup:afc539897796d57a66b5cb64ebe0da322be538e1	33/40	m2c	undrawn
rock_02	0x800F6FE0	func_800F6FE0	dup:5cb55347bd1a22d305e0e281ff226bf543d2bee2	5/37	m2c	member-of:rock_02:0x800F5C40
rock_02	0x800F70B0	func_800F70B0	dup:912f0df5e4dcf8df43405e4eeb3692526e5577dc	17/31	m2c	undrawn
rock_02	0x800F712C	func_800F712C	dup:f27f38c35998c08c03b3fbaf5f3f3cf871681ff8	7/30	m2c	undrawn
rock_02	0x800F71A4	func_800F71A4	dup:d543c512991b60a8e00afb0a96b2e4ba463fb756	26/38	m2c	undrawn
rock_02	0x800F7278	func_800F7278	dup:56f4382d8f4fc967ef3404afe7cfe4bca57d106e	14/31	m2c	undrawn
rock_02	0x800F72F4	func_800F72F4	dup:7a4dbc5299a580c38498af2ffe47631ee72b21b4	18/32	m2c	member-of:rock_02:0x800F588C
rock_02	0x800F7374	func_800F7374	dup:f28710eaf4d5f17ed6fe5f32e0d79444cde18ec3	6/20	m2c	member-of:rock_00:0x801F3640
rock_02	0x800F73C4	func_800F73C4	dup:6f86c452bd7cc0f66b45171bc2ec936f5c40668f	12/40	m2c	member-of:rock_02:0x800F59C0
rock_02	0x800F7464	func_800F7464	dup:0670694b1ce5fdc05aa427c4704bcf00b79e257c	4/39	m2c	member-of:rock_02:0x800F5A60
rock_02	0x800F7500	func_800F7500	dup:2c129aa23b2a194c6b42871150748bba2590f671	8/13	m2c	member-of:SLUS_013.95:0x80041FB0
rock_02	0x800F7570	func_800F7570	dup:a1c0cb76202cc24024d9f653c4ac9de40ba341c0	nocompile	m2c	undrawn
rock_02	0x800F7624	func_800F7624	dup:2a6eff0b87a27c7c6fa035164bc158357f2b2a08	30/33	m2c	member-of:rock_02:0x800F5568
rock_02	0x800F76A8	func_800F76A8	dup:f2d77a6e1298ddac68202b271e5cbadbe3a38228	16/26	m2c	member-of:rock_00:0x801F3640
rock_02	0x800F7710	func_800F7710	dup:ccd7abe334fa4b8966ef6ca51395c0700299b8ad	6/27	m2c	undrawn
rock_02	0x800F77B8	func_800F77B8	dup:2e613b96ec0db8e15952a7f40789b6fe84bab94e	21/24	m2c	undrawn
rock_02	0x800F7818	func_800F7818	dup:d85bd38664e673856a7c53223ddd88580081a6d9	24/49	m2c	undrawn
rock_02	0x800F78DC	func_800F78DC	dup:e9cf60637c2a9af6d548d0047e7d50385f480db6	8/37	m2c	member-of:rock_02:0x800F8044
rock_02	0x800F7970	func_800F7970	dup:4754f82d3926e4deb05f86418139f3e4aa87742c	10/37	m2c	undrawn
rock_02	0x800F7A04	func_800F7A04	dup:d5364d25f27007cc93155b381ededb98e55f5f25	17/22	m2c	undrawn
rock_02	0x800F7A5C	func_800F7A5C	dup:e76814942a7e045fa51b2a098353fcbcdef6d81a	5/37	m2c	member-of:rock_02:0x800F5C40
rock_02	0x800F7B2C	func_800F7B2C	dup:aeb0c2a1cc2fd858e000b28bde6f7272c9f68555	nocompile	m2c	member-of:rock_02:0x800F77B8
rock_02	0x800F7B9C	func_800F7B9C	dup:0d1293c64f760dc5ae304d7206e2258a78ba022f	45/50	m2c	member-of:rock_02:0x800F7818
rock_02	0x800F7C64	func_800F7C64	dup:2617f7de68279bd170b8e7dc35d3e1995ef2518a	36/38	m2c	member-of:rock_02:0x800F8044
rock_02	0x800F7CFC	func_800F7CFC	dup:69f7deb6a27069d6225ecf4172caff9a3dde716a	28/40	m2c	member-of:rock_02:0x800F7970
rock_02	0x800F7D9C	func_800F7D9C	dup:527eae132c1966f3b346d860818c35318910492f	nocompile	m2c	undrawn
rock_02	0x800F7E68	func_800F7E68	dup:1ec08285d414bf098f8873335af4c12d4fdb66e2	15/22	m2c	undrawn
rock_02	0x800F7EFC	func_800F7EFC	dup:aeb0c2a1cc2fd858e000b28bde6f7272c9f68555	nocompile	m2c	member-of:rock_02:0x800F77B8
rock_02	0x800F7F6C	func_800F7F6C	dup:f5062abca0cd3ce90b38b9abaae9ab92cd251a3f	49/54	m2c	member-of:rock_02:0x800F7818
rock_02	0x800F8044	func_800F8044	dup:79f899fd9a5e81302d413db021e2de1db0bad70e	30/32	m2c	undrawn
rock_02	0x800F80C4	func_800F80C4	dup:691445fb58973a813fd2c9936fa13da32c302fea	27/39	m2c	member-of:rock_02:0x800F7970
rock_02	0x800F8160	func_800F8160	dup:527eae132c1966f3b346d860818c35318910492f	nocompile	m2c	member-of:rock_02:0x800F7D9C
rock_02	0x800F822C	func_800F822C	dup:e76814942a7e045fa51b2a098353fcbcdef6d81a	5/37	m2c	member-of:rock_02:0x800F5C40
rock_02	0x800F82C0	func_800F82C0	dup:6585f4e014fd84c4d1e02e43d6d2f63c6f3aa7c1	6/28	m2c	undrawn
rock_02	0x800F8338	func_800F8338	dup:3841861bc21ec5a06e7fe26f058b170fac036262	12/23	m2c	member-of:SLUS_013.95:0x80037838
rock_02	0x800F8394	func_800F8394	dup:383a4c658019266868c06ab9472c9f56757113c2	29/29	m2c	plumbing:R2
rock_02	0x800F8468	func_800F8468	dup:e3ab018e10e929812b68c50f5d2a9749708b611d	25/35	m2c	undrawn
rock_02	0x800F84F4	func_800F84F4	dup:8752fbb50d2fa41593df1b9e1882ecb0f296369a	33/35	m2c	undrawn
rock_02	0x800F8580	func_800F8580	dup:64ef14575b34743c968369b599dab6fadd03a298	17/17	m2c	plumbing:R2
rock_02	0x800F85C4	func_800F85C4	dup:15a3ef92f47f1df1afd7fe30289fe70e7dd04814	36/48	m2c	undrawn
rock_02	0x800F8684	func_800F8684	dup:4c75f8d553ee7d80e32f85e3496d121c6e983045	14/19	m2c	member-of:rock_00:0x801F3640
rock_02	0x800F86D0	func_800F86D0	dup:90055a1c7e60289edcebbc3379c486436b417f4e	13/17	m2c	member-of:rock_00:0x801F3640
rock_02	0x800F87FC	func_800F87FC	dup:f198892d482d65087faf6d8791794fcff84f345e	17/64	m2c	undrawn
rock_02	0x800F88FC	func_800F88FC	dup:96d1a0509f24058ffdbe8e5c12af1d2513615e68	6/30	m2c	undrawn
rock_02	0x800F89B0	func_800F89B0	dup:96d1a0509f24058ffdbe8e5c12af1d2513615e68	6/30	m2c	member-of:rock_02:0x800F88FC
rock_02	0x800F8A28	func_800F8A28	dup:a4d330ad6ad157ff8ffccc580f7b1ae1650d6a4d	8/22	m2c	member-of:rock_00:0x801F3640
rock_02	0x800F8A80	func_800F8A80	dup:db60b55432d7baec2964b98cdb0656ec60b4bf3d	4/49	m2c	undrawn
rock_02	0x800F8BA0	func_800F8BA0	dup:90c83ffcfa63237ed59ee12ee08416a722b66e32	25/33	m2c	undrawn
rock_02	0x800F8C24	func_800F8C24	dup:d4abf41ce85cfc89c70dd3d9c4e2474efc93611d	6/23	m2c	undrawn
rock_02	0x800F8DB8	func_800F8DB8	dup:b682fd83bd9b24ee54af789ea069bea39e32f0e3	17/28	m2c	undrawn
rock_02	0x800F8EB4	func_800F8EB4	dup:1145e1289d0e122a4722b3a9c12f21825e7651b2	32/44	m2c	undrawn
rock_02	0x800F8F64	func_800F8F64	dup:a558e829f0df7fc9f023e2605694a282b1c0e8a2	35/35	m2c	plumbing:R2
rock_02	0x800F8FF0	func_800F8FF0	dup:15a3ef92f47f1df1afd7fe30289fe70e7dd04814	36/48	m2c	member-of:rock_02:0x800F85C4
rock_02	0x800F90B0	func_800F90B0	dup:6b4ca8490c583ca922459a0e9071412d0b953a89	0/19	m2c	undrawn
rock_02	0x800F90FC	func_800F90FC	unique	nocompile	m2c	undrawn
rock_02	0x800F92B0	func_800F92B0	family:1271d30a290e9e3444eed45aae29f51c30c00180	13/22	m2c	member-of:SLUS_013.95:0x80037838
rock_02	0x800F93B8	func_800F93B8	unique	20/23	m2c	undrawn
rock_02	0x800F9414	func_800F9414	unique	24/29	m2c	undrawn
rock_02	0x800F9488	func_800F9488	unique	7/21	m2c	member-of:rock_00:0x801F3640
rock_02	0x800F95AC	func_800F95AC	family:d13e8d754b7bd3923b9f7db41cbfcfc6084da682	nocompile	m2c	undrawn
rock_02	0x800F96AC	func_800F96AC	family:4b14963b5ba15aea9e87e1a1c756a1609765b3c1	17/19	m2c	undrawn
rock_02	0x800F9754	func_800F9754	family:d13e8d754b7bd3923b9f7db41cbfcfc6084da682	nocompile	m2c	member-of:rock_02:0x800F95AC
rock_02	0x800F9854	func_800F9854	family:4b14963b5ba15aea9e87e1a1c756a1609765b3c1	17/19	m2c	member-of:rock_02:0x800F96AC
rock_02	0x800F98C0	func_800F98C0	unique	8/101	m2c	undrawn
rock_02	0x800F9A54	func_800F9A54	unique	nocompile	m2c	undrawn
rock_02	0x800F9BAC	func_800F9BAC	unique	5/40	m2c	undrawn
rock_02	0x800F9C4C	func_800F9C4C	family:1271d30a290e9e3444eed45aae29f51c30c00180	13/22	m2c	member-of:SLUS_013.95:0x80037838
rock_02	0x800F9CC4	func_800F9CC4	unique	21/24	m2c	member-of:rock_00:0x801F3640
rock_02	0x800F9D24	func_800F9D24	unique	15/25	m2c	undrawn
rock_02	0x800F9D88	func_800F9D88	unique	21/22	m2c	undrawn
rock_02	0x800F9DE0	func_800F9DE0	unique	19/25	m2c	undrawn
rock_02	0x800F9E44	func_800F9E44	unique	19/20	m2c	undrawn
rock_02	0x800F9E94	func_800F9E94	unique	15/21	m2c	undrawn
rock_02	0x800F9EE8	func_800F9EE8	unique	18/21	m2c	undrawn
rock_03	0x800E99D4	func_800E99D4	dup:1772095297e49758f99a92b2ae773a5453bb8cdb	nocompile	m2c	undrawn
rock_03	0x800E9B80	func_800E9B80	dup:6ce43a5be03ab0bc4685c1f172f0de314612dbec	nocompile	m2c	undrawn
rock_03	0x800E9C98	func_800E9C98	dup:cb37d4f5f046da91eb907db263a2bfd230186d43	nocompile	m2c	undrawn
rock_03	0x800E9DCC	func_800E9DCC	dup:600c3190269ff3e9120645c7eb8f9e81918db760	47/74	m2c	undrawn
rock_03	0x800E9EF4	func_800E9EF4	dup:96b55c862b4c19c7255fa5d57c9a44db01892721	nocompile	m2c	undrawn
rock_03	0x800EA0B0	func_800EA0B0	dup:14a9d609bb979996e594b43ed43f149f3d209988	nocompile	m2c	undrawn
rock_03	0x800EA318	func_800EA318	dup:a5f620ee45322e475106f902b5a9d481403828c0	nocompile	m2c	undrawn
rock_03	0x800EA480	func_800EA480	dup:6f4a3c5784c666ea8ba80d1886ceb7bdb9ace5c6	nocompile	m2c	undrawn
rock_03	0x800EA4DC	func_800EA4DC	dup:526b0660c6cbb43d492f44130a4a4a04df29238e	1/34	m2c	undrawn
rock_03	0x800EA5A0	func_800EA5A0	dup:32e6aad3b226849f61acd4625b35109f31ae3c2d	8/11	m2c	member-of:rock_10:0x800ECC10
rock_03	0x800EA608	func_800EA608	dup:ef07b8f7f4f2f18d4f9370531fd1d6fbd05f08cf	nocompile	m2c	member-of:rock_03:0x800EA480
rock_03	0x800EA66C	func_800EA66C	dup:dcc156acd374d061db097ad3c6bef70ec7bf9276	33/36	m2c	undrawn
rock_03	0x800EA6FC	func_800EA6FC	dup:e41836a1303a626e051431e97af4e6730bba5b71	8/11	m2c	member-of:rock_10:0x800ECC10
rock_03	0x800EA764	func_800EA764	dup:5a79e7daaf6d1ddf871a105b4cde84e9f694a434	nocompile	m2c	undrawn
rock_03	0x800EA7E4	func_800EA7E4	dup:3c1e7f5cf446e07f3e2c90b3696b1dcc35b51a38	17/20	m2c	undrawn
rock_03	0x800EA910	func_800EA910	dup:ab19d9ae77b7f52d23df8d60be93b12a98615572	11/11	m2c	member-of:rock_10:0x800ECC10
rock_03	0x800EA978	func_800EA978	dup:020615b19797e239b12fbba3502248bb4c7024ad	31/35	m2c	undrawn
rock_03	0x800EAA04	func_800EAA04	dup:8153bf25806c8e80e9030871dd07141b35550521	14/29	m2c	undrawn
rock_03	0x800EAA78	func_800EAA78	dup:6879fc880935071b6fb7bae179699c34856ae87e	17/39	m2c	member-of:rock_03:0x800EA978
rock_03	0x800EAB3C	func_800EAB3C	dup:8a468ed20b16dfe83020e94d0fc4e68153f6150a	25/45	m2c	member-of:rock_02:0x800EA8E0
rock_03	0x800EABF0	func_800EABF0	dup:48cc0ef198a7aa05af2f29a918dbc9ccce3a8468	3/48	m2c	member-of:rock_02:0x800EA8E0
rock_03	0x800EACB0	func_800EACB0	dup:3d82c3af21bbb95d722f3fba2cb6c1f7823838ca	10/12	m2c	member-of:SLUS_013.95:0x80042C18
rock_03	0x800EACE0	func_800EACE0	dup:462fd60ada60c7b290b90101b33b472f7fd65669	54/59	m2c	member-of:rock_06:0x800EB4D4
rock_03	0x800EAE0C	func_800EAE0C	dup:58c439f2c78db95ec9c777cdfe3686c0473d11a9	nocompile	m2c	undrawn
rock_03	0x800EAE94	func_800EAE94	dup:0043de0526d18de59b341a61fd06cbd569a489b2	nocompile	m2c	undrawn
rock_03	0x800EB0A0	func_800EB0A0	dup:030e585ae49a90509cffee51ccb2c7215526d7b4	3/52	m2c	undrawn
rock_03	0x800EB170	func_800EB170	dup:4e253c4d33812527bad18316e59432942688aec9	nocompile	m2c	undrawn
rock_03	0x800EB37C	func_800EB37C	dup:d4b6c043fc48266f14bcfe445e1ff0a24e932c41	nocompile	m2c	undrawn
rock_03	0x800EB490	func_800EB490	dup:1a1d869ea4e44cca72d0032e685e7206dcb1f7c7	2/59	m2c	undrawn
rock_03	0x800EB5F8	func_800EB5F8	dup:ed50c480aaeb440d125cc1d6eef66e2402c80b93	13/19	m2c	member-of:rock_07:0x800ED0F0
rock_03	0x800EB644	func_800EB644	dup:f6a0ed31645f0fbf90f62ea08c23138e008bd074	3/32	m2c	undrawn
rock_03	0x800EB6C4	func_800EB6C4	dup:71c4476db72705ca8293735e29d9527b968839bf	16/17	m2c	member-of:rock_07:0x800ED0F0
rock_03	0x800EB764	func_800EB764	dup:2c53cc37c48c9e663721dfaec69e7d6298902f4d	13/17	m2c	member-of:rock_07:0x800ED0F0
rock_03	0x800EB7E4	func_800EB7E4	dup:4ad035e7a30f5894ffd1c0969c8e923bcf3c8657	35/35	m2c	plumbing:R3
rock_03	0x800EB870	func_800EB870	dup:424f7e8f3d6d41bc2e262723756625c31de1e321	39/69	m2c	undrawn
rock_03	0x800EB9C8	func_800EB9C8	dup:1a9b8c18358ce9347aad2cfce4ac3970b0d0eb6d	7/61	m2c	undrawn
rock_03	0x800EBABC	func_800EBABC	dup:7dc1f72e5c909fa4479569b6764cdcf1cfbb67e8	25/45	m2c	member-of:rock_02:0x800EA8E0
rock_03	0x800EBB70	func_800EBB70	dup:cc3fe9c9b5aa00a1a5ebc901388ea1113f11c067	10/44	m2c	member-of:rock_07:0x800ECCD8
rock_03	0x800EBC20	func_800EBC20	dup:3d82c3af21bbb95d722f3fba2cb6c1f7823838ca	10/12	m2c	member-of:SLUS_013.95:0x80042C18
rock_03	0x800EBC50	func_800EBC50	dup:caccf0c86fc8fcb6bc006313cce4c9c6f190585b	34/39	m2c	undrawn
rock_03	0x800EBCEC	func_800EBCEC	dup:7dc8fc2b5996d677571bf9a5e084ce4552c7abc0	35/37	m2c	undrawn
rock_03	0x800EBDA0	func_800EBDA0	dup:c6cee5bdc809eb8ec8a301d9a7aa3312a9bb89be	11/29	m2c	undrawn
rock_03	0x800EBE14	func_800EBE14	dup:ab6fd96484c9701fadb28d9e53426cf62e8b02df	nocompile	m2c	undrawn
rock_03	0x800EBF6C	func_800EBF6C	dup:7fb7ba4bc3480dda044383f6146a053af606e077	61/118	m2c	undrawn
rock_03	0x800EC144	func_800EC144	dup:0b4e4dc294c7079a849914631f04e55b64d928d8	49/70	m2c	undrawn
rock_03	0x800EC25C	func_800EC25C	dup:72233e49868b6a69bf35a3e2e66b4d68c5a310ec	5/41	m2c	undrawn
rock_03	0x800EC300	func_800EC300	dup:2b146aebb3f121ab15205a4046c7b8227ee749b9	1/26	m2c	undrawn
rock_03	0x800EC368	func_800EC368	dup:32399edc70ab1390521f4d9e0b26e3a1c91e0736	0/51	m2c	undrawn
rock_03	0x800EC474	func_800EC474	dup:4cd20a1afbf5a41d5bc14d9cd99b4ca65ee26a37	9/18	m2c	jtbl-uncarved
rock_03	0x800EC4BC	func_800EC4BC	dup:173a5fc0e4a5f0dcb44e8d94028ae0ced5be657e	9/25	m2c	undrawn
rock_03	0x800EC520	func_800EC520	dup:0c5c5ce2b8f3594cb317a3246671523ea5673574	15/17	m2c	member-of:rock_00:0x801F3640
rock_03	0x800EC564	func_800EC564	dup:1629175fdecf3ad1722e52a601478c1d083f09fd	8/36	m2c	undrawn
rock_03	0x800EC5F4	func_800EC5F4	dup:abef3cc7310f744ffb150246e5664448b1e4af84	27/30	m2c	undrawn
rock_03	0x800EC66C	func_800EC66C	dup:f58d657590d9a55874b6a281d24fcbdb7b2abd22	nocompile	m2c	undrawn
rock_03	0x800EC738	func_800EC738	dup:9039ab0aaebdd4d89e10374c530a544c2b1f007c	17/27	m2c	member-of:rock_03:0x800EC7A4
rock_03	0x800EC7A4	func_800EC7A4	dup:c5d1c3945c59ba90d32daf054258f0e8b9a0cd3a	8/23	m2c	undrawn
rock_03	0x800EC800	func_800EC800	dup:b8c4a0be3c5027ed4467cf2d660dd2d6f083eb36	37/40	m2c	undrawn
rock_03	0x800EC8A0	func_800EC8A0	dup:150900c7ed4d4ab99815a300fa633642336c9c05	16/20	m2c	undrawn
rock_03	0x800EC8F0	func_800EC8F0	dup:de450038a277763fa5d3144ca2367f6c33c7d58d	69/79	m2c	undrawn
rock_03	0x800ECA2C	func_800ECA2C	dup:dcdbf37bff20dc2bd2b516b98962acff8b6128d4	6/131	m2c	undrawn
rock_03	0x800ECC38	func_800ECC38	dup:ae20a1c30850077d0c7a39a173bddc9832b6bbcb	15/103	m2c	undrawn
rock_03	0x800ECDD4	func_800ECDD4	dup:68618e238fbde9a8415b80269e19718dc3a4f81a	nocompile	m2c	undrawn
rock_03	0x800ED020	func_800ED020	dup:723e51e962dd39c8bcd5f3c45c7d46a8a33e6ea2	9/53	m2c	undrawn
rock_03	0x800ED0F4	func_800ED0F4	dup:d23c897e0e27efe19ff7a38913f25d99ba0180a1	48/75	m2c	undrawn
rock_03	0x800ED220	func_800ED220	dup:0401ee70a29ecabb479a02b354e741759cf9f98a	9/53	m2c	member-of:rock_03:0x800ED020
rock_03	0x800ED2F4	func_800ED2F4	dup:15928c05461a3d79731e81167f34e37d20ea7dff	3/77	m2c	undrawn
rock_03	0x800ED428	func_800ED428	dup:a8e97b345c4f588030b64d2d9cc95513c1259b50	85/87	m2c	member-of:rock_03:0x800EC144
rock_03	0x800ED584	func_800ED584	dup:ef09cf88f5664e71a233112285c40614eeec80db	84/96	m2c	undrawn
rock_03	0x800ED704	func_800ED704	dup:3841861bc21ec5a06e7fe26f058b170fac036262	12/23	m2c	member-of:SLUS_013.95:0x80037838
rock_03	0x800ED760	func_800ED760	dup:8db8f455f11c30a4ba352017c155b9b30798de71	36/52	m2c	undrawn
rock_03	0x800ED924	func_800ED924	dup:bab3b6b96e28a270d0631c3eef6fde4580753657	19/24	m2c	undrawn
rock_03	0x800ED984	func_800ED984	dup:c4df7cc2125e9774bfa3a72b9250d6113fba5ca1	9/13	m2c	member-of:rock_07:0x800ED0F0
rock_03	0x800ED9B8	func_800ED9B8	dup:af180e38751a8a001f5fb55ae3d06742102be596	49/51	m2c	undrawn
rock_03	0x800EDACC	func_800EDACC	dup:aaeee06b0ab0bd4094f8d1cde266bd5a2b9c4255	9/13	m2c	member-of:rock_07:0x800ED0F0
rock_03	0x800EDB00	func_800EDB00	dup:e76418fe0a3ca289bca9463d008674e49d99b023	51/53	m2c	member-of:rock_03:0x800ED9B8
rock_03	0x800EDBD4	func_800EDBD4	dup:3364a59e00fa1e11207f919d98cca0f6be10da52	17/20	m2c	member-of:rock_00:0x801F3640
rock_03	0x800EDC6C	func_800EDC6C	dup:45ff4a5387d6b479df4367b3336c3d9ff414fbac	10/14	m2c	member-of:rock_07:0x800ED0F0
rock_03	0x800EDD2C	func_800EDD2C	dup:3841861bc21ec5a06e7fe26f058b170fac036262	12/23	m2c	member-of:SLUS_013.95:0x80037838
rock_03	0x800EDD88	func_800EDD88	dup:aea767eeb8e997fda48dab431ab89446a1e79496	4/60	m2c	undrawn
rock_03	0x800EDE78	func_800EDE78	dup:b81895b1f9ec80ddf7203d07c413601ba5f3179b	22/46	m2c	undrawn
rock_03	0x800EDFF8	func_800EDFF8	dup:06d340c20f2eaef1cf032d952883ec190b9e0b0a	31/34	m2c	undrawn
rock_03	0x800EE080	func_800EE080	dup:0e9a6c0389626eba03dcae9eb7cbc0b4ec856b57	36/38	m2c	undrawn
rock_03	0x800EE154	func_800EE154	dup:aca1e75e14f5e2b746e9e5d7e613c627d466d1e8	31/124	m2c	undrawn
rock_03	0x800EE344	func_800EE344	dup:dbce94ba2d7880015e09dd31f5ed9535d7def2fb	10/138	m2c	undrawn
rock_03	0x800EE56C	func_800EE56C	dup:38e1a722ce8eb22c0c91e96517429c593bfa9d95	8/16	m2c	member-of:SLUS_013.95:0x80046C64
rock_03	0x800EE5CC	func_800EE5CC	dup:4fc8070591fd9a06eff8c2195697391c0fdeecfa	nocompile	m2c	undrawn
rock_03	0x800EE70C	func_800EE70C	dup:4cd98244d4741a887d83aad5bc1b95e41e40c799	8/61	m2c	undrawn
rock_03	0x800EE800	func_800EE800	dup:6cfe69b134fca0da9387740a4baf7b9324a0384d	5/49	m2c	undrawn
rock_03	0x800EE8C4	func_800EE8C4	dup:0879b0f12d4ce2e74a4f129bab33c0f05c066aee	24/64	m2c	undrawn
rock_03	0x800EE9C4	func_800EE9C4	dup:1a5ce432eb545609fe124eb8aa7c88af1a3f1f23	nocompile	m2c	undrawn
rock_03	0x800EEDB8	func_800EEDB8	dup:74209d184787cdeec90bea748dad844603e15e7c	11/67	m2c	undrawn
rock_03	0x800EEEC4	func_800EEEC4	dup:9f9117540cf8878b2d76d0d98987edfffacdf368	11/19	m2c	member-of:SLUS_013.95:0x80037838
rock_03	0x800EEF10	func_800EEF10	dup:2b33bdebb477f9017e80b329c788b6d92785643c	18/31	m2c	undrawn
rock_03	0x800EEFCC	func_800EEFCC	dup:97d1967fbc708ac8624496a9d9a33bf9a4e7b621	13/30	m2c	undrawn
rock_03	0x800EF144	func_800EF144	dup:72f94f54b002399bd41a2c846b5ac3a8709ba00d	5/41	m2c	member-of:rock_03:0x800EF1E8
rock_03	0x800EF1E8	func_800EF1E8	dup:7f609683839dda03945cd9ba95a9bfca6374019e	5/37	m2c	undrawn
rock_03	0x800EF27C	func_800EF27C	dup:aafd27c4fa0a1e2ab62d01d8f409d878f2203b53	1/26	m2c	undrawn
rock_03	0x800EF304	func_800EF304	dup:9b4f8725c2cdaa95959541cf16413d6590c96871	nocompile	m2c	undrawn
rock_03	0x800EF4D4	func_800EF4D4	dup:8dcb28fd5528c27495069483bba31f84f728c40a	2/41	m2c	undrawn
rock_03	0x800EF578	func_800EF578	dup:092b78e20e4a8e3dd6f0100e81da3d0b6b44ca35	8/19	m2c	member-of:SLUS_013.95:0x80046C64
rock_03	0x800EF620	func_800EF620	dup:79c9175c71d0131e44ab3e69885f621a4656dbec	5/45	m2c	undrawn
rock_03	0x800EF6D4	func_800EF6D4	dup:5b6270f0b276aeed86d7f768c82076f8a67f8393	12/38	m2c	undrawn
rock_03	0x800EF76C	func_800EF76C	dup:3941be94e62672410f43ad679b2ccfaf63c4e8cb	40/41	m2c	jtbl-uncarved
rock_03	0x800EF810	func_800EF810	dup:3335fac34bb832d9692fdfe657a9c3e7095cc7c2	nocompile	m2c	undrawn
rock_03	0x800EFB9C	func_800EFB9C	dup:600ee0ede3903dd147010d21ac5df953fc49e274	54/103	m2c	undrawn
rock_03	0x800EFD38	func_800EFD38	dup:d1c757da505e7a6c86d77b5d4bedc20f8ae0eba0	10/120	m2c	undrawn
rock_03	0x800EFF18	func_800EFF18	dup:e60266dbe01d3289fa51bb910e1178454564c7c4	17/93	m2c	member-of:rock_03:0x800F09C8
rock_03	0x800F008C	func_800F008C	dup:371d050d396f6be1c0170bd5db5a58fea1be6b98	25/181	m2c	undrawn
rock_03	0x800F0360	func_800F0360	dup:e60266dbe01d3289fa51bb910e1178454564c7c4	17/93	m2c	member-of:rock_03:0x800F09C8
rock_03	0x800F04D4	func_800F04D4	dup:371d050d396f6be1c0170bd5db5a58fea1be6b98	25/181	m2c	member-of:rock_03:0x800F008C
rock_03	0x800F07A8	func_800F07A8	dup:c323b6264eece303f85284cb6a65a5af9e880348	9/136	m2c	undrawn
rock_03	0x800F09C8	func_800F09C8	dup:8a104d7e3bcba54bfa56e7e5353583df335b5eef	31/81	m2c	undrawn
rock_03	0x800F0B0C	func_800F0B0C	dup:371d050d396f6be1c0170bd5db5a58fea1be6b98	25/181	m2c	member-of:rock_03:0x800F008C
rock_03	0x800F0DE0	func_800F0DE0	dup:20cfe279f2a01af08073d86e52f253b447aba26a	4/79	m2c	undrawn
rock_03	0x800F0F1C	func_800F0F1C	dup:8a104d7e3bcba54bfa56e7e5353583df335b5eef	31/81	m2c	member-of:rock_03:0x800F09C8
rock_03	0x800F1060	func_800F1060	dup:371d050d396f6be1c0170bd5db5a58fea1be6b98	25/181	m2c	member-of:rock_03:0x800F008C
rock_03	0x800F1334	func_800F1334	dup:6d03d86cfdc37c6dcd347a103665fa630e0dd34f	64/81	m2c	member-of:rock_03:0x800F09C8
rock_03	0x800F1478	func_800F1478	dup:371d050d396f6be1c0170bd5db5a58fea1be6b98	25/181	m2c	member-of:rock_03:0x800F008C
rock_03	0x800F174C	func_800F174C	dup:e0c9a4120e2139e4d0e768fb7efa0aff2f9959e7	24/110	m2c	undrawn
rock_03	0x800F1904	func_800F1904	dup:b82c8c8f42406df8a45d7592d26425986c947f9a	19/78	m2c	member-of:rock_04:0x800F18C4
rock_03	0x800F1A3C	func_800F1A3C	dup:5a2453abba9f8564ba00ab9e4416bcd048a7c238	0/70	m2c	undrawn
rock_03	0x800F1B54	func_800F1B54	family:8e9488fabbd0d46bec17dd8623312e8ef80e0936	nocompile	m2c	undrawn
rock_03	0x800F3AD8	func_800F3AD8	dup:310eef2ac2d656a83a2bc5961b5f7b4b9accff2d	nocompile	m2c	member-of:rock_45:0x800FC7D8
rock_03	0x800F3BE4	func_800F3BE4	dup:43258ed4ad20afafe6cfcaf2a0d1c577f148baf1	26/128	m2c	undrawn
rock_03	0x800F3DE4	func_800F3DE4	dup:cc1f8ed30a1999a7016b7fa0c48a2a38c3815f65	20/115	m2c	undrawn
rock_03	0x800F3FB0	func_800F3FB0	dup:6c03bb8db9a0a01676a5d5c3e39f305c8acaa36d	14/70	m2c	undrawn
rock_03	0x800F40C8	func_800F40C8	dup:7eb263c59b8359c00282568a9705985cc50ff485	11/31	m2c	member-of:SLUS_013.95:0x80037838
rock_03	0x800F4220	func_800F4220	dup:095be6cd7aa56fedd0795fad306bf0d6d7bb7d4e	18/46	m2c	undrawn
rock_03	0x800F42D8	func_800F42D8	dup:50b410b572713a4fd9ec40eb96e166387509c5c3	23/71	m2c	undrawn
rock_03	0x800F43F4	func_800F43F4	dup:a04ec501325b429fbbdba79552d01149aa9a5a96	9/44	m2c	undrawn
rock_03	0x800F44A4	func_800F44A4	dup:71ff65ae69334e8b32634adebe06435c4f5e144a	21/25	m2c	undrawn
rock_03	0x800F4508	func_800F4508	dup:29ab8bcaaf429fd28dfcbbc49e60c220c5a9b445	31/32	m2c	undrawn
rock_03	0x800F4588	func_800F4588	dup:2d59e9dd7b0ef63c002057d36fd8b03ea85ba640	18/59	m2c	member-of:rock_02:0x800F0294
rock_03	0x800F4674	func_800F4674	dup:9b1d4736fbf0ad6a88a63c67ccf32d3406baf9c8	17/25	m2c	member-of:SLUS_013.95:0x80037838
rock_03	0x800F46E0	func_800F46E0	dup:9b1d4736fbf0ad6a88a63c67ccf32d3406baf9c8	17/25	m2c	member-of:SLUS_013.95:0x80037838
rock_03	0x800F4744	func_800F4744	dup:761b45c61755a5dbbfadbb0a684b16cc0b18bfb6	17/56	m2c	undrawn
rock_03	0x800F4858	func_800F4858	dup:7dac7e15eecf976e4f45784fc3c501949020104f	19/20	m2c	undrawn
rock_03	0x800F48A8	func_800F48A8	dup:35e1ab4c83483bbe1e59c2bec492f14b017f15cd	3/17	m2c	undrawn
rock_03	0x800F48EC	func_800F48EC	dup:bd34d7f041a6edfd69bb58ecb57155503a8e69c3	13/37	m2c	member-of:rock_09:0x800F3A58
rock_03	0x800F4980	func_800F4980	dup:9b1d4736fbf0ad6a88a63c67ccf32d3406baf9c8	17/25	m2c	member-of:SLUS_013.95:0x80037838
rock_03	0x800F49E4	func_800F49E4	dup:761b45c61755a5dbbfadbb0a684b16cc0b18bfb6	17/56	m2c	member-of:rock_03:0x800F4744
rock_03	0x800F4AF8	func_800F4AF8	dup:7dac7e15eecf976e4f45784fc3c501949020104f	19/20	m2c	member-of:rock_03:0x800F4858
rock_03	0x800F4B48	func_800F4B48	dup:b327f3bc9122a3593e3910e58e3c3fd95f02dc44	3/20	m2c	undrawn
rock_03	0x800F4B98	func_800F4B98	dup:9b1d4736fbf0ad6a88a63c67ccf32d3406baf9c8	17/25	m2c	member-of:SLUS_013.95:0x80037838
rock_03	0x800F4BFC	func_800F4BFC	dup:761b45c61755a5dbbfadbb0a684b16cc0b18bfb6	17/56	m2c	member-of:rock_03:0x800F4744
rock_03	0x800F4D10	func_800F4D10	dup:7e4552634bf6f411a13169363a6bf3fb525c8630	23/24	m2c	member-of:rock_03:0x800F4858
rock_03	0x800F4D70	func_800F4D70	dup:18efab9cefb652275e9657b0ae9e11687557f530	7/28	m2c	undrawn
rock_03	0x800F4DE0	func_800F4DE0	dup:9b1d4736fbf0ad6a88a63c67ccf32d3406baf9c8	17/25	m2c	member-of:SLUS_013.95:0x80037838
rock_03	0x800F4E44	func_800F4E44	dup:761b45c61755a5dbbfadbb0a684b16cc0b18bfb6	17/56	m2c	member-of:rock_03:0x800F4744
rock_03	0x800F4F58	func_800F4F58	dup:df704e806a3df75f095c3099584bd8a6e211350c	23/24	m2c	member-of:rock_03:0x800F4858
rock_03	0x800F4FB8	func_800F4FB8	dup:3bc4d175f432ae6962d252388c085d091c5ceb86	14/36	m2c	undrawn
rock_03	0x800F5048	func_800F5048	dup:b25d2c7480e9e869e0d3877e3ec24df581d7c47e	18/48	m2c	undrawn
rock_03	0x800F5108	func_800F5108	dup:a0166147b01a7cdcd16fc80db847ab3b22156e93	6/29	m2c	undrawn
rock_03	0x800F517C	func_800F517C	dup:9b1d4736fbf0ad6a88a63c67ccf32d3406baf9c8	17/25	m2c	member-of:SLUS_013.95:0x80037838
rock_03	0x800F51E0	func_800F51E0	dup:761b45c61755a5dbbfadbb0a684b16cc0b18bfb6	17/56	m2c	member-of:rock_03:0x800F4744
rock_03	0x800F52F4	func_800F52F4	dup:3efe903743120f1705848f9d9ded5e5e11e4d0a6	24/25	m2c	undrawn
rock_03	0x800F5358	func_800F5358	dup:2267145c131efe465d1f54bd588fa147895af168	26/31	m2c	member-of:rock_02:0x800F0C0C
rock_03	0x800F53D4	func_800F53D4	dup:b7ce0d399d03051e576abc2da14cbb4450b1a5ee	23/24	m2c	undrawn
rock_03	0x800F5434	func_800F5434	dup:be8a6eb0a226d44103c4fb58623ddd3d92a30f36	6/28	m2c	undrawn
rock_03	0x800F54E0	func_800F54E0	dup:2fe0e50fdcabed503dca2598e42deadeb444594e	32/33	m2c	undrawn
rock_03	0x800F5564	func_800F5564	dup:12095465313e4d41242d1a91e2bef6ef5684a2e8	10/64	m2c	member-of:rock_22:0x800F8ECC
rock_03	0x800F5664	func_800F5664	dup:b0209b92fe79f9d0ba6311052df1bcae6ffc5608	12/20	m2c	member-of:SLUS_013.95:0x80037838
rock_03	0x800F56B4	func_800F56B4	dup:7655ca455b1dc39b7850ddfb9f6c4a5f12c9bbbc	1/17	m2c	undrawn
rock_03	0x800F56F8	func_800F56F8	dup:f3923d2bf918e299640b3bcd27a9f3ddc8e65b77	13/49	m2c	undrawn
rock_03	0x800F57DC	func_800F57DC	dup:7b6813e78734cc628763851809a71515447f8b9d	14/59	m2c	undrawn
rock_03	0x800F58E8	func_800F58E8	dup:1fc06a759a2e8edda47d1c9eab107c689263e714	9/48	m2c	undrawn
rock_03	0x800F59A8	func_800F59A8	dup:9829069c64bf67a323e46b945985f67b3519e1e1	26/60	m2c	undrawn
rock_03	0x800F5AB8	func_800F5AB8	dup:f65d28604d91c6ee8edc9c7862e02654317cd117	9/46	m2c	member-of:rock_03:0x800F5D58
rock_03	0x800F5B90	func_800F5B90	dup:baa2b4c26ceb65f130a1f85bfb684802d92e0495	13/58	m2c	member-of:rock_03:0x800F5D58
rock_03	0x800F5C78	func_800F5C78	dup:540b114415b75653daf84d596f4f4feec186215f	18/48	m2c	undrawn
rock_03	0x800F5D58	func_800F5D58	dup:959e63b9a0bace2412400a5ffd39a960686a1a86	9/45	m2c	undrawn
rock_03	0x800F5E0C	func_800F5E0C	dup:b995288b905e2ba9344be016e11341731f7abc5c	19/38	m2c	undrawn
rock_04	0x800E9B30	func_800E9B30	dup:e8669581fbedc190aa015d020f466dd506c8e5d9	nocompile	m2c	undrawn
rock_04	0x800E9C84	func_800E9C84	dup:e71bf064eeae7b268a015a8542a782ab44020576	41/94	m2c	undrawn
rock_04	0x800E9DFC	func_800E9DFC	dup:e4207112aeea553eb97e393a691df06150ea3c83	nocompile	m2c	undrawn
rock_04	0x800EA048	func_800EA048	dup:1d1640e250e84c07fcd489aaacac88413911f66a	22/152	m2c	undrawn
rock_04	0x800EA2A8	func_800EA2A8	dup:0b1e95c610ae1d57002bc0c938ac60681c44114e	nocompile	m2c	undrawn
rock_04	0x800EA60C	func_800EA60C	dup:82a7de7aad574a39ba0ff7e19abca007b633f1b7	nocompile	m2c	member-of:rock_04:0x800EA2A8
rock_04	0x800EA970	func_800EA970	dup:6f932ae68e2a18240a60e0dc002254f4e7764fad	nocompile	m2c	undrawn
rock_04	0x800EAC6C	func_800EAC6C	dup:ab126974fcd8b708f5d3899f16fbe9fca68a9e7d	nocompile	m2c	member-of:rock_04:0x800EA970
rock_04	0x800EAF68	func_800EAF68	dup:41d5465e740bf6fae2e858a9ee1e14dc1e1e4186	21/106	m2c	undrawn
rock_04	0x800EB110	func_800EB110	dup:8c4a249319df85aa955429b3a209272be1fcdfca	24/99	m2c	undrawn
rock_04	0x800EB29C	func_800EB29C	dup:8c37de06817377734eee430ef5b32293767e6107	32/75	m2c	undrawn
rock_04	0x800EB3C8	func_800EB3C8	dup:c5c99704794609bb452e9f599108e2d0402c41bc	36/118	m2c	undrawn
rock_04	0x800EB5A0	func_800EB5A0	dup:fb9361bbbe10d4161f8025d1ca10f8e0f5b9826c	13/24	m2c	member-of:SLUS_013.95:0x80037838
rock_04	0x800EB670	func_800EB670	dup:b78bb1bdab260f5a196baa153046a318baac32f9	37/56	m2c	member-of:rock_45:0x800FC7D8
rock_04	0x800EB750	func_800EB750	dup:1fc54f000ad5d7b0976b2430b6186144c812fe86	34/52	m2c	undrawn
rock_04	0x800EB860	func_800EB860	dup:68da6d4df13bbf21f2d5c7c09f4c24e818096786	7/59	m2c	undrawn
rock_04	0x800EB96C	func_800EB96C	dup:abeed4d7feb791d88917f652af4f8bcf02ab0673	25/77	m2c	jtbl-uncarved
rock_04	0x800EBAA0	func_800EBAA0	unique	nocompile	m2c	undrawn
rock_04	0x800EBF18	func_800EBF18	unique	40/177	m2c	undrawn
rock_04	0x800EC1DC	func_800EC1DC	unique	nocompile	m2c	undrawn
rock_04	0x800EC4DC	func_800EC4DC	unique	5/83	m2c	undrawn
rock_04	0x800EC628	func_800EC628	unique	7/109	m2c	undrawn
rock_04	0x800EC7DC	func_800EC7DC	unique	nocompile	m2c	undrawn
rock_04	0x800ECC10	func_800ECC10	unique	64/118	m2c	undrawn
rock_04	0x800ECDE8	func_800ECDE8	dup:84d85d07fa97bb14b81cf2064cdcd5de323895b2	5/24	m2c	member-of:rock_04:0x800EE208
rock_04	0x800ECF20	func_800ECF20	unique	32/50	m2c	member-of:rock_04:0x800ED08C
rock_04	0x800ECFE8	func_800ECFE8	unique	21/23	m2c	undrawn
rock_04	0x800ED044	func_800ED044	unique	0/18	m2c	undrawn
rock_04	0x800ED08C	func_800ED08C	unique	31/49	m2c	undrawn
rock_04	0x800ED150	func_800ED150	unique	4/39	m2c	undrawn
rock_04	0x800ED1EC	func_800ED1EC	dup:092b78e20e4a8e3dd6f0100e81da3d0b6b44ca35	8/19	m2c	member-of:SLUS_013.95:0x80046C64
rock_04	0x800ED238	func_800ED238	unique	31/47	m2c	undrawn
rock_04	0x800ED3A4	func_800ED3A4	dup:ca2c18c183a39afe1700fa3fae9f5e0ac099f194	nocompile	m2c	undrawn
rock_04	0x800ED808	func_800ED808	dup:5758981aca9f3c6e6a4c407b75accbda8fcf16a8	nocompile	m2c	jtbl-uncarved
rock_04	0x800EDB68	func_800EDB68	dup:ee0858fef9555f18ba955aa03a3a019fb19632a4	nocompile	m2c	jtbl-uncarved
rock_04	0x800EDF3C	func_800EDF3C	dup:6e01646f6d80191f7b89f90a578b3a248ba9403b	4/63	m2c	undrawn
rock_04	0x800EE038	func_800EE038	dup:3054ad017959b43870aa1051f531d0060d92eebe	7/116	m2c	undrawn
rock_04	0x800EE208	func_800EE208	dup:82e8eaaf3cec8606e50120d0172fd3fd7aec4736	5/20	m2c	undrawn
rock_04	0x800EE258	func_800EE258	dup:576f8c11d4de78c710f353fb3a3104e2b5c48645	0/55	m2c	undrawn
rock_04	0x800EE334	func_800EE334	dup:48abdd010b4222c789fbf58229721da658df9604	nocompile	m2c	undrawn
rock_04	0x800EE5C4	func_800EE5C4	dup:b90c5b896d91346f42d79f8b03e066916564565c	8/114	m2c	undrawn
rock_04	0x800EE78C	func_800EE78C	dup:6cbc4f2886ee5674f11488bb5bb8b557d42a4016	35/83	m2c	undrawn
rock_04	0x800EE8D8	func_800EE8D8	dup:d2c3e71028c39e57cc7d939b153323834ef98c40	nocompile	m2c	undrawn
rock_04	0x800EED40	func_800EED40	dup:5502bdd7e366637f64d6f2c7d910bc6703355b7b	1/30	m2c	member-of:rock_00:0x801EBBEC
rock_04	0x800EEE14	func_800EEE14	dup:9853e7476723153efdd127c9be314f6b67bf431a	29/35	m2c	undrawn
rock_04	0x800EEEA0	func_800EEEA0	dup:124391726df652f12eaf280e0550428de5dcbfc3	nocompile	m2c	undrawn
rock_04	0x800EF160	func_800EF160	dup:97dabeeed9e8192664c8d24403d54ed81543ae44	nocompile	m2c	undrawn
rock_04	0x800EF5D0	func_800EF5D0	dup:5d84d7e05e3105ced68d28684e7da61fdcb9efdc	37/50	m2c	undrawn
rock_04	0x800EF738	func_800EF738	dup:0d72fd7bfd030ee99880a6d91779875f862eb0e2	nocompile	m2c	undrawn
rock_04	0x800EFA20	func_800EFA20	dup:7c6edb8860751412a2e2cf539244188467ee9cae	nocompile	m2c	undrawn
rock_04	0x800EFC58	func_800EFC58	dup:33eaee9d25ff52fbbe9ada2039f8e3a9d40daa7b	nocompile	m2c	undrawn
rock_04	0x800EFD58	func_800EFD58	dup:3841861bc21ec5a06e7fe26f058b170fac036262	12/23	m2c	member-of:SLUS_013.95:0x80037838
rock_04	0x800EFDB4	func_800EFDB4	dup:747eda65c62f3222604d59aa97e43a9f3fc24fd0	41/49	m2c	undrawn
rock_04	0x800EFE78	func_800EFE78	dup:0a22b332cb216ef9247f8a036b8608681d1b5c0a	3/30	m2c	undrawn
rock_04	0x800EFF6C	func_800EFF6C	dup:13474c65eb76b70c122722f4cea4b03e35d180de	11/19	m2c	undrawn
rock_04	0x800EFFD8	func_800EFFD8	dup:f8d22e8aecc19af66f61a2d65eeb0d0fe04e3c25	nocompile	m2c	undrawn
rock_04	0x800F049C	func_800F049C	dup:2bd0f62d1a77f3fc574a99cad57556b0b122435f	1/60	m2c	undrawn
rock_04	0x800F058C	func_800F058C	dup:73ce3577f240819b1459a6fdcd4e9698e6d9b486	7/17	m2c	undrawn
rock_04	0x800F062C	func_800F062C	dup:c40ecd13454c3266762ee541f8e2ca582e2fa9bf	nocompile	m2c	undrawn
rock_04	0x800F0718	func_800F0718	dup:b47070ce695009a9e29412bc136fd196c1181846	14/16	m2c	undrawn
rock_04	0x800F0778	func_800F0778	dup:4fc8070591fd9a06eff8c2195697391c0fdeecfa	nocompile	m2c	member-of:rock_03:0x800EE5CC
rock_04	0x800F08B8	func_800F08B8	dup:4cd98244d4741a887d83aad5bc1b95e41e40c799	8/61	m2c	member-of:rock_03:0x800EE70C
rock_04	0x800F09AC	func_800F09AC	dup:6cfe69b134fca0da9387740a4baf7b9324a0384d	5/49	m2c	member-of:rock_03:0x800EE800
rock_04	0x800F0A70	func_800F0A70	dup:0879b0f12d4ce2e74a4f129bab33c0f05c066aee	24/64	m2c	member-of:rock_03:0x800EE8C4
rock_04	0x800F0B70	func_800F0B70	dup:1a5ce432eb545609fe124eb8aa7c88af1a3f1f23	nocompile	m2c	member-of:rock_03:0x800EE9C4
rock_04	0x800F0F64	func_800F0F64	dup:74209d184787cdeec90bea748dad844603e15e7c	11/67	m2c	member-of:rock_03:0x800EEDB8
rock_04	0x800F1070	func_800F1070	dup:9f9117540cf8878b2d76d0d98987edfffacdf368	11/19	m2c	member-of:SLUS_013.95:0x80037838
rock_04	0x800F10BC	func_800F10BC	dup:2b33bdebb477f9017e80b329c788b6d92785643c	18/31	m2c	member-of:rock_03:0x800EEF10
rock_04	0x800F1178	func_800F1178	dup:97d1967fbc708ac8624496a9d9a33bf9a4e7b621	13/30	m2c	member-of:rock_03:0x800EEFCC
rock_04	0x800F12F0	func_800F12F0	dup:72f94f54b002399bd41a2c846b5ac3a8709ba00d	5/41	m2c	member-of:rock_03:0x800EF1E8
rock_04	0x800F1394	func_800F1394	dup:7f609683839dda03945cd9ba95a9bfca6374019e	5/37	m2c	member-of:rock_03:0x800EF1E8
rock_04	0x800F1428	func_800F1428	dup:aafd27c4fa0a1e2ab62d01d8f409d878f2203b53	1/26	m2c	member-of:rock_03:0x800EF27C
rock_04	0x800F14B0	func_800F14B0	dup:6b1cc3cc51ad7134b32dbe5fdd36cb6c741228a8	4/162	m2c	undrawn
rock_04	0x800F1738	func_800F1738	dup:c8144328a128390ad9380aab56a278922a7d89f6	32/99	m2c	undrawn
rock_04	0x800F18C4	func_800F18C4	dup:84c4080a62580d4a23be4eba8e1b1d316966a824	16/74	m2c	undrawn
rock_04	0x800F19EC	func_800F19EC	dup:d54b3e2e65f9b1d45d54d2fe6562bf9e106e0f70	22/89	m2c	undrawn
rock_04	0x800F1B50	func_800F1B50	dup:86d318075d5df39f8eeab56661e0199526bc4570	4/104	m2c	undrawn
rock_04	0x800F1CF0	func_800F1CF0	dup:dd8a4fccc73d2f99d4392cc1889cec76ad766d96	2/112	m2c	undrawn
rock_04	0x800F1EB0	func_800F1EB0	dup:242cfdfb749104dd959a58c8101e1e9caf134a14	22/76	m2c	undrawn
rock_04	0x800F1FE0	func_800F1FE0	dup:c1c264f0fc49a36b48cf79de006b1b218ddca0c3	43/56	m2c	member-of:rock_04:0x800F47D0
rock_04	0x800F20C0	func_800F20C0	dup:6a74065461a45503f24d5ac64f8717583371a547	46/74	m2c	undrawn
rock_04	0x800F21E8	func_800F21E8	dup:b7be1f2bc3cabf4b3e298a94b7f21a1ee109437a	69/81	m2c	undrawn
rock_04	0x800F232C	func_800F232C	dup:efaa7650e42248b59810cb6282a79011696609d1	3/78	m2c	undrawn
rock_04	0x800F2464	func_800F2464	dup:696631d85c02d556b77891ea729f4a8642a13c86	45/79	m2c	undrawn
rock_04	0x800F25A0	func_800F25A0	dup:c3347cdd1f2a4d41bb0e93732e816addb7789203	29/108	m2c	member-of:rock_10:0x800F5D58
rock_04	0x800F2750	func_800F2750	dup:2a9e58b06d7744819973f64b50dc271841abe143	10/129	m2c	undrawn
rock_04	0x800F2954	func_800F2954	dup:1cce694a4f614971197a1da48836d2d208e18703	84/96	m2c	undrawn
rock_04	0x800F2AD4	func_800F2AD4	dup:30f0dde778046c0ec34da93ba68ddce8e9f85b60	nocompile	m2c	undrawn
rock_04	0x800F2CC4	func_800F2CC4	dup:515e03fbe294aaa73ebb3c95cda5cae2f81f84e2	24/114	m2c	undrawn
rock_04	0x800F2E8C	func_800F2E8C	dup:3841861bc21ec5a06e7fe26f058b170fac036262	12/23	m2c	member-of:SLUS_013.95:0x80037838
rock_04	0x800F2F24	func_800F2F24	dup:35d10a9720bc39beb740eb3b025770b1cc6a1b46	33/35	m2c	undrawn
rock_04	0x800F2FB0	func_800F2FB0	dup:f2023113f31242d5558bca99b4cfb9fd7ad95758	61/61	m2c	plumbing:R2
rock_04	0x800F30A4	func_800F30A4	dup:de3bcb80a74631dd40f906b60e94104ef3567c8a	25/30	m2c	undrawn
rock_04	0x800F311C	func_800F311C	dup:658fda1bb733654c6f09f2836b102e918e2c0167	9/14	m2c	undrawn
rock_04	0x800F3154	func_800F3154	dup:c5377ab6484adbb8796e61f85789061d175a61f1	5/20	m2c	undrawn
rock_04	0x800F31A4	func_800F31A4	dup:26088e79e9d7b394a0a48e2e483853c631cdc2b5	38/50	m2c	undrawn
rock_04	0x800F326C	func_800F326C	dup:372d872c72038110cc1e38c2c174fa0c45f98ed6	16/34	m2c	undrawn
rock_04	0x800F32F4	func_800F32F4	dup:9daa916bed9fe9191e793c9c7d619dae0bbbb5cb	27/29	m2c	undrawn
rock_04	0x800F33C4	func_800F33C4	dup:ceb2f6cd3b07de7d6c548b4f15e06c85e0b1a7ac	9/15	m2c	member-of:rock_07:0x800ED0F0
rock_04	0x800F3400	func_800F3400	dup:bb36b58ffc303cf908dd7d26af6be80d3f0b34b6	5/15	m2c	member-of:SLUS_013.95:0x80042214
rock_04	0x800F3478	func_800F3478	dup:8044d53847ec6383467c6d1a7bc3462566275d7c	12/15	m2c	member-of:rock_07:0x800ED0F0
rock_04	0x800F34B4	func_800F34B4	dup:4e1700ff635e665deb6752a797d1bfe8605973d0	14/26	m2c	undrawn
rock_04	0x800F351C	func_800F351C	dup:d6b3e5973a5c824d817a54960fbe1a029df92c07	20/57	m2c	undrawn
rock_04	0x800F3600	func_800F3600	dup:c8d935f03369ef444deba31408310005f69ccc23	6/18	m2c	member-of:rock_00:0x801F3640
rock_04	0x800F3684	func_800F3684	dup:c7ab0310685ff839c53440bc9f2f437aa3100c5b	12/17	m2c	member-of:rock_07:0x800ED0F0
rock_04	0x800F36C8	func_800F36C8	dup:bc2ba315b7b70f0ea1403479540460551e35dc85	7/25	m2c	member-of:rock_00:0x801F3640
rock_04	0x800F372C	func_800F372C	dup:0038f70f3fa4f86fa8c9d71c78988e525580a88d	7/24	m2c	member-of:rock_00:0x801F3640
rock_04	0x800F378C	func_800F378C	dup:d9c8b6e4752d04460b6ebe929964906b69dee1a6	24/29	m2c	member-of:rock_04:0x800F3BE0
rock_04	0x800F3800	func_800F3800	dup:bb36b58ffc303cf908dd7d26af6be80d3f0b34b6	5/15	m2c	member-of:SLUS_013.95:0x80042214
rock_04	0x800F3878	func_800F3878	dup:6ad50db479ecd5576cca92abb5c200ed9addb47b	9/15	m2c	member-of:rock_07:0x800ED0F0
rock_04	0x800F38B4	func_800F38B4	dup:acbcfc79a171f8fca7b8201b5e69a8f2c91a1501	16/73	m2c	undrawn
rock_04	0x800F39D8	func_800F39D8	dup:dfac0ab7b0f44dfe28d8262c74e2482e1362eac5	6/21	m2c	undrawn
rock_04	0x800F3A2C	func_800F3A2C	dup:d87f9e2d3db98bd079a60f13a124d9112fe3993a	20/63	m2c	undrawn
rock_04	0x800F3B28	func_800F3B28	dup:b9592b0165b4c73b50285c27b135c660864bb7c7	10/37	m2c	undrawn
rock_04	0x800F3BE0	func_800F3BE0	dup:1966cd2bd66099c6e3a5835bf96cfc4ff2496684	22/25	m2c	undrawn
rock_04	0x800F3C44	func_800F3C44	dup:9a51de2aff871565207006373f054d72b6d69225	9/15	m2c	member-of:rock_07:0x800ED0F0
rock_04	0x800F3C80	func_800F3C80	dup:bb36b58ffc303cf908dd7d26af6be80d3f0b34b6	5/15	m2c	member-of:SLUS_013.95:0x80042214
rock_04	0x800F3CF8	func_800F3CF8	dup:4afd3052a1532af632104d0336a6470c1e8bcee0	16/19	m2c	member-of:rock_07:0x800ED0F0
rock_04	0x800F3D44	func_800F3D44	dup:2072060f1ca14264d926f52537e8d5f47e9762de	40/58	m2c	undrawn
rock_04	0x800F3E2C	func_800F3E2C	dup:c8d935f03369ef444deba31408310005f69ccc23	6/18	m2c	member-of:rock_00:0x801F3640
rock_04	0x800F3EB0	func_800F3EB0	dup:3b0cb94db864d10d4a9e848f51f9a668973ca7bd	12/15	m2c	member-of:rock_07:0x800ED0F0
rock_04	0x800F3EEC	func_800F3EEC	dup:70dc652d6790aea90e5a11fd029306300c1f9ee1	37/42	m2c	undrawn
rock_04	0x800F3F94	func_800F3F94	dup:dd3b18d0428ec00cd47a2525212451018c533178	17/49	m2c	undrawn
rock_04	0x800F4058	func_800F4058	dup:bb36b58ffc303cf908dd7d26af6be80d3f0b34b6	5/15	m2c	member-of:SLUS_013.95:0x80042214
rock_04	0x800F40D0	func_800F40D0	dup:721d9a04c6d24652b15bbac463d371c1972f6833	0/15	m2c	undrawn
rock_04	0x800F410C	func_800F410C	dup:425a07acd79ee571ad437f2bf82a3644f10c4a84	12/17	m2c	member-of:rock_07:0x800ED0F0
rock_04	0x800F4150	func_800F4150	dup:600c0dc38f69a4abbf90ef267091bb462122c579	3/13	m2c	member-of:SLUS_013.95:0x80041FB0
rock_04	0x800F4184	func_800F4184	dup:bb36b58ffc303cf908dd7d26af6be80d3f0b34b6	5/15	m2c	member-of:SLUS_013.95:0x80042214
rock_04	0x800F41FC	func_800F41FC	dup:6869222759c92accea33cbb57e72375a684091c3	12/15	m2c	member-of:rock_07:0x800ED0F0
rock_04	0x800F4238	func_800F4238	dup:b42cc2ea66469ced55180d48a52a60926874bb74	13/59	m2c	undrawn
rock_04	0x800F4324	func_800F4324	dup:9ddc90d6f7235c034c7252140fb478412eb871b4	22/28	m2c	undrawn
rock_04	0x800F4400	func_800F4400	dup:96cddeb12ef3391d981ca87fc543086e5c0e63bf	0/11	m2c	undrawn
rock_04	0x800F442C	func_800F442C	dup:090dc22b3743138239afb2a80da645d7f9dcecec	17/20	m2c	member-of:rock_07:0x800ED0F0
rock_04	0x800F447C	func_800F447C	dup:483f0a7c44eded6ba6ecd7528d792c3de709c64a	37/51	m2c	undrawn
rock_04	0x800F4548	func_800F4548	dup:600c0dc38f69a4abbf90ef267091bb462122c579	3/13	m2c	member-of:SLUS_013.95:0x80041FB0
rock_04	0x800F457C	func_800F457C	dup:bb36b58ffc303cf908dd7d26af6be80d3f0b34b6	5/15	m2c	member-of:SLUS_013.95:0x80042214
rock_04	0x800F45F4	func_800F45F4	dup:0086ea9196fe750158ba488e5e97b8f62fb3a0ad	25/28	m2c	undrawn
rock_04	0x800F4664	func_800F4664	dup:9d9d91f72c7fd0ecbe03fe4c7ad4719942940cce	27/42	m2c	undrawn
rock_04	0x800F470C	func_800F470C	dup:dd3b18d0428ec00cd47a2525212451018c533178	17/49	m2c	member-of:rock_04:0x800F3F94
rock_04	0x800F47D0	func_800F47D0	dup:79bbab1acd3d129d5665acd1d697dcdc88bcecf1	37/50	m2c	undrawn
rock_04	0x800F4898	func_800F4898	dup:bb36b58ffc303cf908dd7d26af6be80d3f0b34b6	5/15	m2c	member-of:SLUS_013.95:0x80042214
rock_04	0x800F4948	func_800F4948	dup:72e2c1d81b536764b894a60b5cb587c112132fe3	1/39	m2c	member-of:rock_10:0x800F94C4
rock_04	0x800F49E4	func_800F49E4	dup:38b22233d102e2991294d67142a637d19382bf65	9/52	m2c	undrawn
rock_04	0x800F4AB4	func_800F4AB4	dup:1e65c4e647f3c6baf92adea4e479341832c3edc2	15/30	m2c	undrawn
rock_04	0x800F4B2C	func_800F4B2C	dup:da74b2692fe1f2f582451d66cd3ccd78bad08f50	15/31	m2c	undrawn
rock_04	0x800F4BA8	func_800F4BA8	dup:716628be7feb596bc6b3e0a88558c69c7e12730f	14/17	m2c	member-of:rock_07:0x800ED0F0
rock_04	0x800F4BEC	func_800F4BEC	dup:fe861dacc71f65517e22787c6d099fcfb59af2a3	26/31	m2c	undrawn
rock_04	0x800F4C68	func_800F4C68	dup:1ebfeab2be6ce4978254f648effde020bfdde2f0	8/46	m2c	undrawn
rock_04	0x800F4D48	func_800F4D48	dup:0b23fac036028add9e8e14f1209c4d6fcb89fab6	15/33	m2c	member-of:rock_07:0x800EBA04
rock_04	0x800F4E34	func_800F4E34	dup:3fbbd08b2d8589820d6fc844771a98cacc06ce49	21/31	m2c	undrawn
rock_04	0x800F4EB0	func_800F4EB0	dup:c55139077c8b675ef08d6b18c54efcc0c623a661	17/23	m2c	member-of:rock_00:0x801F3640
rock_04	0x800F4F24	func_800F4F24	dup:0c6e42b8cafe30585bb7691388836722ddcd37c0	5/43	m2c	undrawn
rock_04	0x800F4FD8	func_800F4FD8	dup:b66dc3562b7b8ebe679bc83eacfaeaa64b9f5593	7/44	m2c	undrawn
rock_04	0x800F5088	func_800F5088	dup:68a057dace09f68e45173ef92f317ca5bccabd64	25/45	m2c	member-of:rock_07:0x800ECC44
rock_04	0x800F513C	func_800F513C	dup:7b03054349be074028383c70f8adb6d5e012afce	25/45	m2c	member-of:rock_07:0x800ECC44
rock_04	0x800F51F0	func_800F51F0	dup:5ab011e28755e73fa7910ec08ade9cd44621d17b	37/47	m2c	member-of:rock_08:0x800EFEF8
rock_04	0x800F52AC	func_800F52AC	dup:30053276d49dc42129c5b153177eb8d5d9932a21	38/45	m2c	undrawn
rock_04	0x800F5360	func_800F5360	dup:8d355fbbf9f237ba217304224915954426fc36bd	0/74	m2c	undrawn
rock_04	0x800F5488	func_800F5488	dup:3d82c3af21bbb95d722f3fba2cb6c1f7823838ca	10/12	m2c	member-of:SLUS_013.95:0x80042C18
rock_04	0x800F54B8	func_800F54B8	dup:29937f083c11622ab04f65b2d408eaa4fdd0567a	15/16	m2c	undrawn
rock_04	0x800F54F8	func_800F54F8	dup:092b78e20e4a8e3dd6f0100e81da3d0b6b44ca35	8/19	m2c	member-of:SLUS_013.95:0x80046C64
rock_04	0x800F55FC	func_800F55FC	dup:586a8a72ea8007b3f9d258212dbbff667e9665c7	33/37	m2c	undrawn
rock_04	0x800F56CC	func_800F56CC	dup:95a59ebdaed90d54c80d207db5c777b9d959dd9b	0/16	m2c	undrawn
rock_04	0x800F570C	func_800F570C	dup:b2672846d6ce5cc71df128cf13f704945aeb5474	27/31	m2c	undrawn
rock_04	0x800F5788	func_800F5788	dup:f9fedb5b997e542de2cf37867850a32ccb2f4a1b	1/64	m2c	undrawn
rock_04	0x800F5888	func_800F5888	dup:4f9a98ef25d07065cf36dccafc1ef9de85d4e948	29/38	m2c	member-of:rock_15:0x800EFA98
rock_04	0x800F5940	func_800F5940	dup:742a816cf832c95d12bf37c565aab4358b20c59c	21/23	m2c	undrawn
rock_04	0x800F59D8	func_800F59D8	dup:ab621afee75c254116f139bcd4acc7937b5da745	37/47	m2c	member-of:rock_08:0x800EFEF8
rock_04	0x800F5A94	func_800F5A94	dup:58e2c37e98d6c5cdaad40a4526502c0cde4bc898	37/47	m2c	member-of:rock_08:0x800EFEF8
rock_05	0x800E98BC	func_800E98BC	family:01ebfee55ad3c9c08f32d1dbeaa6177b145384bc	nocompile	m2c	undrawn
rock_05	0x800E9A04	func_800E9A04	dup:b9c3c895fbb0b912c87f18082b6551b9fe28249f	nocompile	m2c	undrawn
rock_05	0x800E9B6C	func_800E9B6C	dup:586d8dc4fad781ab08a303af18cb1fd3c2647f96	nocompile	m2c	undrawn
rock_05	0x800E9CF8	func_800E9CF8	dup:f16cc4d626bbbcacffb3b289661d11538562420a	16/50	m2c	undrawn
rock_05	0x800E9E24	func_800E9E24	dup:0e7ccad7caf74d5d4ad70d0ab0834d002155294a	22/23	m2c	undrawn
rock_05	0x800E9E80	func_800E9E80	dup:5870cc71888cb456d9e6e7dbfe77f8f5536fd9b0	11/11	m2c	member-of:rock_10:0x800ECC10
rock_05	0x800E9EE8	func_800E9EE8	dup:7385248679b8180c1171eddc5f01063ba189d168	nocompile	m2c	undrawn
rock_05	0x800E9FD4	func_800E9FD4	dup:2fbbfc703984b64c1fd7d728440094f6b60848b1	nocompile	m2c	undrawn
rock_05	0x800EA07C	func_800EA07C	dup:05f2c8aca6cb4135962d9b185f0bd7a974ccc477	nocompile	m2c	undrawn
rock_05	0x800EA224	func_800EA224	dup:098d948184270b3c930f3a6d73d2234f5e420a82	76/108	m2c	undrawn
rock_05	0x800EA3D4	func_800EA3D4	dup:092b78e20e4a8e3dd6f0100e81da3d0b6b44ca35	8/19	m2c	member-of:SLUS_013.95:0x80046C64
rock_05	0x800EA420	func_800EA420	dup:12b5a38a1d9f695b46c4d8743650ead341dd4204	59/63	m2c	undrawn
rock_05	0x800EA5C8	func_800EA5C8	dup:739e5bc013dcc43177c9497c0cf8b4d3dac8e71e	nocompile	m2c	member-of:rock_02:0x800E9C20
rock_05	0x800EA750	func_800EA750	dup:bec4b333e7378010ad7c616c0768a707c3b10228	12/102	m2c	undrawn
rock_05	0x800EA8E8	func_800EA8E8	dup:4c9b9555ecee728a5db26b8ca1b5c30581c4cdd3	24/31	m2c	undrawn
rock_05	0x800EAA18	func_800EAA18	dup:fc8e51cf3b2fc11d9ed097330e2fd6ec3c572efd	25/35	m2c	undrawn
rock_05	0x800EAAA4	func_800EAAA4	dup:b633c7e54462e26495ec965080ab69cdcf1c0029	2/14	m2c	undrawn
rock_05	0x800EAADC	func_800EAADC	dup:8c4e4dbfa3d93698bd3f38d879f52eecd7b7ce70	5/19	m2c	undrawn
rock_05	0x800EAB28	func_800EAB28	unique	nocompile	m2c	undrawn
rock_05	0x800EB304	func_800EB304	unique	nocompile	m2c	undrawn
rock_05	0x800EB538	func_800EB538	unique	7/87	m2c	undrawn
rock_05	0x800EB694	func_800EB694	unique	nocompile	m2c	undrawn
rock_05	0x800EB898	func_800EB898	unique	nocompile	m2c	member-of:rock_05:0x800EB694
rock_05	0x800EBAD0	func_800EBAD0	unique	3/73	m2c	undrawn
rock_05	0x800EBBF4	func_800EBBF4	unique	7/109	m2c	undrawn
rock_05	0x800EBDA8	func_800EBDA8	unique	19/93	m2c	undrawn
rock_05	0x800EBF1C	func_800EBF1C	unique	nocompile	m2c	undrawn
rock_05	0x800EC148	func_800EC148	unique	nocompile	m2c	undrawn
rock_05	0x800EC2D0	func_800EC2D0	unique	5/153	m2c	undrawn
rock_05	0x800EC534	func_800EC534	dup:092b78e20e4a8e3dd6f0100e81da3d0b6b44ca35	8/19	m2c	member-of:SLUS_013.95:0x80046C64
rock_05	0x800EC580	func_800EC580	unique	19/44	m2c	undrawn
rock_05	0x800EC66C	func_800EC66C	unique	1/23	m2c	member-of:rock_06:0x800F26E4
rock_05	0x800EC77C	func_800EC77C	unique	10/73	m2c	undrawn
rock_05	0x800EC940	func_800EC940	family:479d5c809461fcf3d97600b0dc6b324b9af013ad	41/49	m2c	member-of:rock_05:0x800ECB88
rock_05	0x800ECA04	func_800ECA04	family:479d5c809461fcf3d97600b0dc6b324b9af013ad	46/49	m2c	member-of:rock_05:0x800ECB88
rock_05	0x800ECAC8	func_800ECAC8	unique	39/48	m2c	member-of:rock_05:0x800ECB88
rock_05	0x800ECB88	func_800ECB88	family:e16fc150bcd8ff8ef36104d1954973bf5362f67b	35/39	m2c	undrawn
rock_05	0x800ECC4C	func_800ECC4C	family:479d5c809461fcf3d97600b0dc6b324b9af013ad	46/49	m2c	member-of:rock_05:0x800ECB88
rock_05	0x800ECD24	func_800ECD24	family:e16fc150bcd8ff8ef36104d1954973bf5362f67b	35/39	m2c	member-of:rock_05:0x800ECB88
rock_05	0x800ECDC0	func_800ECDC0	unique	3/10	m2c	member-of:rock_05:0x800ECDFC
rock_05	0x800ECDFC	func_800ECDFC	unique	7/9	m2c	undrawn
rock_05	0x800ECE20	func_800ECE20	unique	37/40	m2c	member-of:rock_05:0x800ECB88
rock_05	0x800ECED4	func_800ECED4	unique	40/44	m2c	member-of:rock_05:0x800ECB88
rock_05	0x800ECF84	func_800ECF84	unique	28/42	m2c	undrawn
rock_05	0x800ED040	func_800ED040	family:3700f29d907bc76758621f1fc79d8aa9fb6deef2	42/46	m2c	undrawn
rock_05	0x800ED10C	func_800ED10C	unique	27/33	m2c	member-of:rock_05:0x800ED424
rock_05	0x800ED190	func_800ED190	unique	24/26	m2c	undrawn
rock_05	0x800ED1F8	func_800ED1F8	unique	11/48	m2c	undrawn
rock_05	0x800ED2B8	func_800ED2B8	family:3700f29d907bc76758621f1fc79d8aa9fb6deef2	42/46	m2c	member-of:rock_05:0x800ED040
rock_05	0x800ED370	func_800ED370	unique	11/45	m2c	undrawn
rock_05	0x800ED424	func_800ED424	unique	26/32	m2c	undrawn
rock_05	0x800ED4A4	func_800ED4A4	unique	23/28	m2c	undrawn
rock_05	0x800ED55C	func_800ED55C	unique	30/36	m2c	undrawn
rock_05	0x800ED610	func_800ED610	unique	42/54	m2c	undrawn
rock_05	0x800ED6E8	func_800ED6E8	unique	8/60	m2c	undrawn
rock_05	0x800ED7D8	func_800ED7D8	unique	27/34	m2c	undrawn
rock_05	0x800ED904	func_800ED904	unique	14/25	m2c	undrawn
rock_05	0x800ED968	func_800ED968	unique	27/53	m2c	undrawn
rock_05	0x800EDA5C	func_800EDA5C	dup:3841861bc21ec5a06e7fe26f058b170fac036262	12/23	m2c	member-of:SLUS_013.95:0x80037838
rock_05	0x800EDAEC	func_800EDAEC	unique	0/41	m2c	undrawn
rock_05	0x800EDB90	func_800EDB90	dup:4fc8070591fd9a06eff8c2195697391c0fdeecfa	nocompile	m2c	member-of:rock_03:0x800EE5CC
rock_05	0x800EDCD0	func_800EDCD0	dup:4cd98244d4741a887d83aad5bc1b95e41e40c799	8/61	m2c	member-of:rock_03:0x800EE70C
rock_05	0x800EDDC4	func_800EDDC4	dup:6cfe69b134fca0da9387740a4baf7b9324a0384d	5/49	m2c	member-of:rock_03:0x800EE800
rock_05	0x800EDE88	func_800EDE88	dup:0879b0f12d4ce2e74a4f129bab33c0f05c066aee	24/64	m2c	member-of:rock_03:0x800EE8C4
rock_05	0x800EDF88	func_800EDF88	dup:1a5ce432eb545609fe124eb8aa7c88af1a3f1f23	nocompile	m2c	member-of:rock_03:0x800EE9C4
rock_05	0x800EE37C	func_800EE37C	dup:74209d184787cdeec90bea748dad844603e15e7c	11/67	m2c	member-of:rock_03:0x800EEDB8
rock_05	0x800EE488	func_800EE488	dup:9f9117540cf8878b2d76d0d98987edfffacdf368	11/19	m2c	member-of:SLUS_013.95:0x80037838
rock_05	0x800EE4D4	func_800EE4D4	dup:2b33bdebb477f9017e80b329c788b6d92785643c	18/31	m2c	member-of:rock_03:0x800EEF10
rock_05	0x800EE590	func_800EE590	dup:97d1967fbc708ac8624496a9d9a33bf9a4e7b621	13/30	m2c	member-of:rock_03:0x800EEFCC
rock_05	0x800EE708	func_800EE708	dup:72f94f54b002399bd41a2c846b5ac3a8709ba00d	5/41	m2c	member-of:rock_03:0x800EF1E8
rock_05	0x800EE7AC	func_800EE7AC	dup:7f609683839dda03945cd9ba95a9bfca6374019e	5/37	m2c	member-of:rock_03:0x800EF1E8
rock_05	0x800EE840	func_800EE840	dup:aafd27c4fa0a1e2ab62d01d8f409d878f2203b53	1/26	m2c	member-of:rock_03:0x800EF27C
rock_05	0x800EE8C8	func_800EE8C8	dup:ea75ecaab4c8fca2c85320df5599b35fe0885f36	nocompile	m2c	undrawn
rock_05	0x800EEC40	func_800EEC40	dup:41fb6905ad49625a5adbcfc69bb4663874d3fb3c	nocompile	m2c	undrawn
rock_05	0x800EF0FC	func_800EF0FC	dup:28663f7a9da6231b5e59d605dadc918422ae2159	nocompile	m2c	undrawn
rock_05	0x800EF3FC	func_800EF3FC	dup:3367de5aa801d623c968b6503aa384d929e6cea1	nocompile	m2c	undrawn
rock_05	0x800EF55C	func_800EF55C	dup:25046400c690a664e31909903e0fbc2743c1a423	18/93	m2c	undrawn
rock_05	0x800EF6D0	func_800EF6D0	dup:b66ec4187a49f6748f2f2ad6a813a23a9557381d	nocompile	m2c	undrawn
rock_05	0x800EF7D4	func_800EF7D4	dup:e15582ead431c6ad4fa6cc49b57023d8041c882f	nocompile	m2c	undrawn
rock_05	0x800EF9B8	func_800EF9B8	dup:80b4889dd666250c81f3a84a811b4e74c7c33179	19/71	m2c	undrawn
rock_05	0x800EFAD4	func_800EFAD4	dup:e0b82e216b4b7b9d3e2a36154546d30a9439aefb	9/117	m2c	undrawn
rock_05	0x800EFCA8	func_800EFCA8	dup:3bc973a1090042009d2a965bad399d13ee61ad1e	nocompile	m2c	undrawn
rock_05	0x800EFE14	func_800EFE14	dup:bda4d2d1fe42e3c4536ce50c6098af9a7f431b89	nocompile	m2c	undrawn
rock_05	0x800EFFBC	func_800EFFBC	dup:f3c3409a46edd4e38a23ecd6149fabee0e147eca	nocompile	m2c	undrawn
rock_05	0x800F01FC	func_800F01FC	dup:fd79b443641dba0356f6bf19b149cb8915ad1592	15/71	m2c	undrawn
rock_05	0x800F0318	func_800F0318	dup:1b71b19a5dd4e4eab410a008118f27a5c9f05003	13/60	m2c	undrawn
rock_05	0x800F0408	func_800F0408	dup:567e594e0a4e100e167235055b3a9a05b37bbb7b	5/49	m2c	undrawn
rock_05	0x800F04CC	func_800F04CC	dup:3e5b6fcda03e7e862e08182848da7f4f2679e7b7	nocompile	m2c	undrawn
rock_05	0x800F06F0	func_800F06F0	dup:1f7145f17160df06aa011903dc881da90f4a84a1	nocompile	m2c	undrawn
rock_05	0x800F0EE4	func_800F0EE4	dup:c2cba4b46bde872c7780a291b70526397eaa71d1	nocompile	m2c	undrawn
rock_05	0x800F1384	func_800F1384	dup:3841861bc21ec5a06e7fe26f058b170fac036262	12/23	m2c	member-of:SLUS_013.95:0x80037838
rock_05	0x800F13E0	func_800F13E0	dup:23ab36e9d93e4e5c239b7948636eb1dafce83faf	29/61	m2c	member-of:rock_22:0x800F8ECC
rock_05	0x800F1548	func_800F1548	dup:72a543c6f3cc70ca0dd572a14a385e25946ebce5	1/47	m2c	undrawn
rock_05	0x800F1604	func_800F1604	dup:3ded47abd784e1e5a998ccecfc23fb5aa373a9d2	24/29	m2c	undrawn
rock_05	0x800F1678	func_800F1678	dup:247bc876b80dce136eaf5bdafa8377b502943930	17/25	m2c	undrawn
rock_05	0x800F16DC	func_800F16DC	dup:a43684670e8c12840343b107887163848cc99022	14/20	m2c	member-of:rock_00:0x801F3640
rock_05	0x800F1788	func_800F1788	dup:9eaf9002fbb082eb84dadec8a7d84e892a211f5f	23/50	m2c	undrawn
rock_05	0x800F188C	func_800F188C	dup:9cfcab93593c52008f20ff711684f7f6fa4821d4	18/19	m2c	undrawn
rock_05	0x800F1930	func_800F1930	dup:18f12b8b2045756eb502e750966169026840b2d6	26/30	m2c	undrawn
rock_05	0x800F19A8	func_800F19A8	dup:f28710eaf4d5f17ed6fe5f32e0d79444cde18ec3	6/20	m2c	member-of:rock_00:0x801F3640
rock_05	0x800F19F8	func_800F19F8	dup:85955eaf636b1bc50c643bed5a63ddce9813a8e7	29/51	m2c	undrawn
rock_05	0x800F1B00	func_800F1B00	dup:2cbb2703e64c8bcc46c1f6b67cfdda5353ec8b5a	6/17	m2c	undrawn
rock_05	0x800F1B44	func_800F1B44	dup:8bff6919a8a9e613880eb30735ee317ae77a2467	14/17	m2c	member-of:rock_07:0x800ED0F0
rock_05	0x800F1B88	func_800F1B88	dup:d27834ef32ce22d46ab0c5f1c6a25b52f7b8a67c	nocompile	m2c	undrawn
rock_05	0x800F1C48	func_800F1C48	dup:47d4e9455ef14ab7783526256f75e12ff728efdb	23/25	m2c	undrawn
rock_05	0x800F1CE8	func_800F1CE8	dup:48291168bfde1c12c312666ce9295f6742404d17	7/25	m2c	member-of:rock_00:0x801F3640
rock_05	0x800F1D4C	func_800F1D4C	dup:e8d78cdc9d5ac066227f7386fd2b9e6fafa9b93e	nocompile	m2c	undrawn
rock_05	0x800F1E60	func_800F1E60	dup:8e6a2e57bf204b2644e37a057344e727fe33eb2c	28/31	m2c	undrawn
rock_05	0x800F1F18	func_800F1F18	dup:83ea8543d4640dcca966ca1202bf4a8f78069d22	18/19	m2c	member-of:rock_05:0x800F188C
rock_05	0x800F1F64	func_800F1F64	dup:28de62e455638df70b0bb51ad4afa90184f1ac7b	34/51	m2c	undrawn
rock_05	0x800F2030	func_800F2030	dup:7a3260feed5dab5f25aa637318853444ae4e496a	22/42	m2c	undrawn
rock_05	0x800F20D8	func_800F20D8	dup:4e80a1f78caedc68756eec15afd7c1cfdbbc1c5f	15/25	m2c	member-of:rock_00:0x801F3640
rock_05	0x800F213C	func_800F213C	dup:b11abdd97c732fefd545b215da10d67240566581	6/28	m2c	undrawn
rock_05	0x800F21AC	func_800F21AC	dup:c376c5d41751e9654d2d1997715a9f944dfb49ff	22/27	m2c	undrawn
rock_05	0x800F2218	func_800F2218	dup:868a23757640ce5e0e3f515ee766ef9d10e0426b	14/27	m2c	member-of:rock_00:0x801F3640
rock_05	0x800F2284	func_800F2284	dup:cfe580b9f71cf3e49006b5d4964c3299f84d777f	24/25	m2c	undrawn
rock_05	0x800F2324	func_800F2324	dup:1b8048ec7d6aba2e814061e758b89b2786908967	28/35	m2c	undrawn
rock_05	0x800F23B0	func_800F23B0	dup:e36205f655e35923df2e14fbfaafedbb4becb39d	48/50	m2c	undrawn
rock_05	0x800F2478	func_800F2478	dup:b0c88d8633c04cd1fbe75250d89a822880788763	0/58	m2c	undrawn
rock_05	0x800F2560	func_800F2560	dup:9c67d8c56ba3bd2ec5cd794dfe0922e6c6c41ba1	36/42	m2c	undrawn
rock_05	0x800F26D4	func_800F26D4	dup:c644dc138a5d8e1a36223bdc30446e76fa6ed819	17/22	m2c	undrawn
rock_05	0x800F272C	func_800F272C	dup:7f1505d2e15b7f3b85e333d06bdf3d296e4a2ba8	17/27	m2c	undrawn
rock_05	0x800F2798	func_800F2798	dup:0e1be6c7a5b9cfbb2e335606612235f8f579ac26	4/50	m2c	undrawn
rock_05	0x800F28AC	func_800F28AC	dup:be33fac41d6811c723afda2f1d53656838c40c37	43/49	m2c	undrawn
rock_05	0x800F2970	func_800F2970	dup:bc3d4bc7b12683e37a2685c13201aaeb1422d6c8	8/39	m2c	undrawn
rock_05	0x800F2A48	func_800F2A48	dup:66c88b473c998c1827ef2b6576dd6fae887d7533	20/21	m2c	undrawn
rock_05	0x800F2A9C	func_800F2A9C	dup:be0c801375eb0038f86b2f189197b45baadf5881	17/21	m2c	undrawn
rock_05	0x800F2AF0	func_800F2AF0	dup:ccf7ea080dbaab7a4a2f81c2dcd92b8f221be50a	nocompile	m2c	undrawn
rock_05	0x800F2B4C	func_800F2B4C	dup:bd477feb7f76fafddb55be471be98be2430befde	10/12	m2c	undrawn
rock_05	0x800F2B84	func_800F2B84	dup:3841861bc21ec5a06e7fe26f058b170fac036262	12/23	m2c	member-of:SLUS_013.95:0x80037838
rock_05	0x800F2C60	func_800F2C60	dup:27fc4642321ef115535bb3ad668a95c6620af69e	3/26	m2c	undrawn
rock_05	0x800F2DEC	func_800F2DEC	dup:879694dee0f427fb83694ba41aa4fb9113927b53	10/38	m2c	undrawn
rock_05	0x800F2E84	func_800F2E84	dup:89429395311a41c42e920b724ecee7ea387aa2b9	22/31	m2c	undrawn
rock_06	0x800E9878	func_800E9878	dup:bf15342c167d14d41cb8512fd75a12baccfb97b0	5/110	m2c	undrawn
rock_06	0x800E9A30	func_800E9A30	dup:225f568d2dd747fa5ae3caabcf4576ad73a12b4a	17/203	m2c	undrawn
rock_06	0x800E9D5C	func_800E9D5C	dup:6e16db81face3e4bd80dcb0f8cfc34ec5ae73ba2	nocompile	m2c	undrawn
rock_06	0x800E9E98	func_800E9E98	dup:092b78e20e4a8e3dd6f0100e81da3d0b6b44ca35	8/19	m2c	member-of:SLUS_013.95:0x80046C64
rock_06	0x800E9F04	func_800E9F04	dup:9bc6edbf2b0e3fba5b7873492132f5e6a8d701f7	nocompile	m2c	undrawn
rock_06	0x800EA0EC	func_800EA0EC	dup:1fbf1cfd3f97ba59776f0ea513b1b0b8f891493e	27/81	m2c	member-of:rock_06:0x800ECAB8
rock_06	0x800EA230	func_800EA230	dup:0258afa871dd7541396d877ba38b3b5de538fcd9	nocompile	m2c	undrawn
rock_06	0x800EA530	func_800EA530	dup:092b78e20e4a8e3dd6f0100e81da3d0b6b44ca35	8/19	m2c	member-of:SLUS_013.95:0x80046C64
rock_06	0x800EA5F8	func_800EA5F8	dup:6eac507027d5b41d0db720a611a00549d2c56516	21/21	m2c	undrawn
rock_06	0x800EA704	func_800EA704	dup:537c25db7287c5a0566c4dfc10192e7c82cde399	17/79	m2c	undrawn
rock_06	0x800EA840	func_800EA840	dup:b62bb9224f489a693b0fda3cfdcd2c58b4bb03ee	nocompile	m2c	undrawn
rock_06	0x800EA9E0	func_800EA9E0	dup:6827a9ba4801640881f3f25409e78cc22db1b7fc	22/123	m2c	undrawn
rock_06	0x800EABCC	func_800EABCC	dup:ed3589eb1982eb71b7b530788f20a3764935cf99	nocompile	m2c	undrawn
rock_06	0x800EAD08	func_800EAD08	dup:18456df14b7930c0068a8c57d4cd79e9b7bbaefd	1/80	m2c	undrawn
rock_06	0x800EAE48	func_800EAE48	dup:94b6bb00e15b115aa6f9afbe11b3d9ffa824e1fe	30/83	m2c	undrawn
rock_06	0x800EAFD0	func_800EAFD0	dup:c27e254a2e0b2749fd75846b77094fa1c981821c	38/40	m2c	undrawn
rock_06	0x800EB070	func_800EB070	dup:50c6b6b1674f079cbf013a5f048e2dafb84129a1	35/39	m2c	undrawn
rock_06	0x800EB2B8	func_800EB2B8	dup:322c6b593a060f5fb8cb216df5f385096783eb88	38/58	m2c	undrawn
rock_06	0x800EB41C	func_800EB41C	dup:9e25552ae220f6cbfac9352ec935aa890a7e3e28	21/46	m2c	undrawn
rock_06	0x800EB4D4	func_800EB4D4	dup:bfe342a20ad06fcaa35a4ef882a0d3fb5292b7de	1/50	m2c	undrawn
rock_06	0x800EB5BC	func_800EB5BC	dup:9fc931326149177055313489882726b92e2c6b2e	81/96	m2c	member-of:rock_02:0x800EAC8C
rock_06	0x800EB73C	func_800EB73C	dup:be35b1888b96d320d3e087ef7a2b120d6f9238c3	24/105	m2c	member-of:rock_02:0x800EAE0C
rock_06	0x800EB8E0	func_800EB8E0	dup:9f9117540cf8878b2d76d0d98987edfffacdf368	11/19	m2c	member-of:SLUS_013.95:0x80037838
rock_06	0x800EB92C	func_800EB92C	dup:6f36cbcd78d1cd7f9ee3324a8f7a1bbff6f9afc8	49/68	m2c	member-of:rock_02:0x800EAFFC
rock_06	0x800EBA7C	func_800EBA7C	dup:11f815b311a4239015adc1ba49493cf37d121433	17/21	m2c	member-of:rock_02:0x800EB14C
rock_06	0x800EBB24	func_800EBB24	dup:cc1373a1829ee931b0221762a62cb51590f56793	14/18	m2c	jtbl-uncarved
rock_06	0x800EBB6C	func_800EBB6C	dup:c2ed556c33270898eecb63ea9b0dfe99e6ddada1	17/65	m2c	member-of:rock_02:0x800EB23C
rock_06	0x800EBC70	func_800EBC70	dup:6724149a08e9acdd1ca18290ecd5f9b18bc79983	16/45	m2c	member-of:rock_02:0x800EB340
rock_06	0x800EBD80	func_800EBD80	dup:4fc8070591fd9a06eff8c2195697391c0fdeecfa	nocompile	m2c	member-of:rock_03:0x800EE5CC
rock_06	0x800EBEC0	func_800EBEC0	dup:4cd98244d4741a887d83aad5bc1b95e41e40c799	8/61	m2c	member-of:rock_03:0x800EE70C
rock_06	0x800EBFB4	func_800EBFB4	dup:6cfe69b134fca0da9387740a4baf7b9324a0384d	5/49	m2c	member-of:rock_03:0x800EE800
rock_06	0x800EC078	func_800EC078	dup:0879b0f12d4ce2e74a4f129bab33c0f05c066aee	24/64	m2c	member-of:rock_03:0x800EE8C4
rock_06	0x800EC178	func_800EC178	dup:1a5ce432eb545609fe124eb8aa7c88af1a3f1f23	nocompile	m2c	member-of:rock_03:0x800EE9C4
rock_06	0x800EC56C	func_800EC56C	dup:74209d184787cdeec90bea748dad844603e15e7c	11/67	m2c	member-of:rock_03:0x800EEDB8
rock_06	0x800EC678	func_800EC678	dup:9f9117540cf8878b2d76d0d98987edfffacdf368	11/19	m2c	member-of:SLUS_013.95:0x80037838
rock_06	0x800EC6C4	func_800EC6C4	dup:2b33bdebb477f9017e80b329c788b6d92785643c	18/31	m2c	member-of:rock_03:0x800EEF10
rock_06	0x800EC780	func_800EC780	dup:97d1967fbc708ac8624496a9d9a33bf9a4e7b621	13/30	m2c	member-of:rock_03:0x800EEFCC
rock_06	0x800EC8F8	func_800EC8F8	dup:72f94f54b002399bd41a2c846b5ac3a8709ba00d	5/41	m2c	member-of:rock_03:0x800EF1E8
rock_06	0x800EC99C	func_800EC99C	dup:7f609683839dda03945cd9ba95a9bfca6374019e	5/37	m2c	member-of:rock_03:0x800EF1E8
rock_06	0x800ECA30	func_800ECA30	dup:aafd27c4fa0a1e2ab62d01d8f409d878f2203b53	1/26	m2c	member-of:rock_03:0x800EF27C
rock_06	0x800ECAB8	func_800ECAB8	dup:abeed4d7feb791d88917f652af4f8bcf02ab0673	25/77	m2c	undrawn
rock_06	0x800ECBEC	func_800ECBEC	dup:8beae2834d426f96fd9c41b70491f5e42d32fcbd	nocompile	m2c	undrawn
rock_06	0x800ECE74	func_800ECE74	dup:6efef8ac479fd00d69c41bea25735a315987cc9b	nocompile	m2c	undrawn
rock_06	0x800ED09C	func_800ED09C	dup:93a87e47ae76fd4348d83209b06e553afdc6611f	nocompile	m2c	undrawn
rock_06	0x800EDAB0	func_800EDAB0	dup:b11fc08eaa32f19756187c3ba60b2dcabc8d5d4a	nocompile	m2c	undrawn
rock_06	0x800EDC9C	func_800EDC9C	dup:b59a82de8b65584308d31f5d5f0102186405bd6f	54/237	m2c	undrawn
rock_06	0x800EE050	func_800EE050	dup:84d85d07fa97bb14b81cf2064cdcd5de323895b2	5/24	m2c	member-of:rock_04:0x800EE208
rock_06	0x800EE158	func_800EE158	dup:ac02bcd6fd06f3b74e7300c46616b5399d7687b2	7/31	m2c	undrawn
rock_06	0x800EE1D4	func_800EE1D4	dup:35bee7a1f06e22ec6cc8119aca62d1d7e6897792	nocompile	m2c	undrawn
rock_06	0x800EE344	func_800EE344	dup:e6e893b0865bfbb37a3b7955f231d90ab8e3a309	13/223	m2c	undrawn
rock_06	0x800EE6C0	func_800EE6C0	dup:bdcbb35d57ec33e0aeb4bf036e6a178b3713b5ff	14/90	m2c	undrawn
rock_06	0x800EE828	func_800EE828	dup:9a5ccaf70c58b008e6b2c0a9bd9b6912c7271ce2	4/63	m2c	undrawn
rock_06	0x800EE924	func_800EE924	dup:6e2a3f71aa07a26bdc27c790a0e132a203de0ad4	nocompile	m2c	undrawn
rock_06	0x800EEACC	func_800EEACC	dup:6661c93aa09c4197abc04563650552ea1c68c8a0	44/97	m2c	undrawn
rock_06	0x800EEC50	func_800EEC50	dup:faa4d6dc0e3ef12e4d847bfdfc5b723d9f59f777	58/108	m2c	undrawn
rock_06	0x800EEE00	func_800EEE00	dup:3382a1e83a8ed802ce46f023866cc2e184fe45e0	56/124	m2c	member-of:rock_06:0x800EEC50
rock_06	0x800EEFF0	func_800EEFF0	dup:e0ca6960c630ebcf7900fe41fd64a70451b1b90f	56/166	m2c	undrawn
rock_06	0x800EF288	func_800EF288	dup:78ba1195dc7bf2ba6869c61a15eef69f2b67a194	89/167	m2c	undrawn
rock_06	0x800EF524	func_800EF524	dup:3d302dce177b24458d697baa9faa59b539d62f32	84/141	m2c	member-of:rock_06:0x800F1494
rock_06	0x800EF758	func_800EF758	dup:f751c07cd61932feff2f14e3c6508d07b704f9ff	97/126	m2c	undrawn
rock_06	0x800EF950	func_800EF950	dup:d24d7a776134c9c7103d443d4f996da47e930bbc	29/191	m2c	undrawn
rock_06	0x800EFC4C	func_800EFC4C	dup:72a6efb8ee245d1091cf1dc5a82fc5cf4c90b3c0	72/89	m2c	undrawn
rock_06	0x800EFDB0	func_800EFDB0	dup:060b5b443e9d642a90eb5274d1c43b050cf938c0	57/135	m2c	undrawn
rock_06	0x800EFFCC	func_800EFFCC	dup:f45acdc936cebd8e4053b65a56652d19b154358d	81/84	m2c	undrawn
rock_06	0x800F011C	func_800F011C	dup:e063171204525cd7c4cc6a06a3628aa40d5df9ed	84/148	m2c	undrawn
rock_06	0x800F036C	func_800F036C	dup:ed9e15a385b3c63036239b8aa5b9110f6351133a	nocompile	m2c	undrawn
rock_06	0x800F04E8	func_800F04E8	dup:1163f1e3b61d4887afaf414faa8ae6c124c5eccb	nocompile	m2c	undrawn
rock_06	0x800F071C	func_800F071C	dup:c3eeee905520cc63dd13f57bb6654d3c49ad5457	nocompile	m2c	undrawn
rock_06	0x800F097C	func_800F097C	dup:98af63e37e343cde390ae3e0282e5c37ec05e6e3	40/120	m2c	undrawn
rock_06	0x800F0B5C	func_800F0B5C	dup:fe736aa2376cf3464351d6e2ad60db0e7a833706	11/210	m2c	undrawn
rock_06	0x800F0EA4	func_800F0EA4	dup:3e1aec2888ff5b10f335ea296f9ae372a727dbc2	6/135	m2c	undrawn
rock_06	0x800F10C0	func_800F10C0	dup:898b26e0360eac49ea5c19e103a9a75965f8de51	12/245	m2c	undrawn
rock_06	0x800F1494	func_800F1494	dup:26a9e051224f4d08babd64403f542fb55ebf47b8	56/119	m2c	undrawn
rock_06	0x800F1670	func_800F1670	dup:bfd3fc4c681a7289088758dbda988840d820722e	nocompile	m2c	undrawn
rock_06	0x800F1DA8	func_800F1DA8	dup:68739234b123e41bd7518a38b3a2945daaac3bff	21/71	m2c	undrawn
rock_06	0x800F1EC4	func_800F1EC4	dup:d20a5d3d170326d4ef015a84ce8b71367c3a07c4	69/340	m2c	undrawn
rock_06	0x800F2414	func_800F2414	dup:0a426e3f6016c00618db6b17206db0f91cb5aef5	4/62	m2c	undrawn
rock_06	0x800F250C	func_800F250C	dup:fe2a2fe379dbafb7d91d123878bc4d9b8cd0913d	15/16	m2c	undrawn
rock_06	0x800F2588	func_800F2588	dup:2fd81afa574f3f22fe03da6472185ee7571aa700	nocompile	m2c	undrawn
rock_06	0x800F26E4	func_800F26E4	dup:020323399ced02706467798c778f7c269e1681d8	19/19	m2c	undrawn
rock_07	0x800E9C98	func_800E9C98	dup:73e13f7ae975a558313be75e697a5077bcaaf77d	3/24	m2c	undrawn
rock_07	0x800E9CF8	func_800E9CF8	unique	12/16	m2c	undrawn
rock_07	0x800E9D38	func_800E9D38	unique	5/16	m2c	undrawn
rock_07	0x800E9D78	func_800E9D78	unique	6/36	m2c	undrawn
rock_07	0x800E9E08	func_800E9E08	unique	25/171	m2c	undrawn
rock_07	0x800EA0B4	func_800EA0B4	unique	38/70	m2c	undrawn
rock_07	0x800EA1CC	func_800EA1CC	unique	10/69	m2c	undrawn
rock_07	0x800EA2E0	func_800EA2E0	unique	26/69	m2c	undrawn
rock_07	0x800EA3F4	func_800EA3F4	unique	8/64	m2c	undrawn
rock_07	0x800EA4F4	func_800EA4F4	unique	nocompile	m2c	undrawn
rock_07	0x800EA860	func_800EA860	unique	nocompile	m2c	undrawn
rock_07	0x800EAA2C	func_800EAA2C	unique	3/73	m2c	undrawn
rock_07	0x800EAB50	func_800EAB50	unique	nocompile	m2c	undrawn
rock_07	0x800EAE90	func_800EAE90	unique	17/91	m2c	undrawn
rock_07	0x800EAFFC	func_800EAFFC	unique	nocompile	m2c	undrawn
rock_07	0x800EB114	func_800EB114	unique	nocompile	m2c	undrawn
rock_07	0x800EB2E8	func_800EB2E8	unique	54/120	m2c	undrawn
rock_07	0x800EB540	func_800EB540	unique	15/32	m2c	undrawn
rock_07	0x800EB5C0	func_800EB5C0	unique	20/27	m2c	undrawn
rock_07	0x800EB62C	func_800EB62C	unique	14/35	m2c	undrawn
rock_07	0x800EB6B8	func_800EB6B8	unique	11/46	m2c	undrawn
rock_07	0x800EB80C	func_800EB80C	unique	21/28	m2c	undrawn
rock_07	0x800EB87C	func_800EB87C	unique	1/37	m2c	undrawn
rock_07	0x800EB910	func_800EB910	unique	5/42	m2c	undrawn
rock_07	0x800EB9B8	func_800EB9B8	unique	15/19	m2c	undrawn
rock_07	0x800EBA04	func_800EBA04	unique	15/32	m2c	undrawn
rock_07	0x800EBAD8	func_800EBAD8	dup:bb36b58ffc303cf908dd7d26af6be80d3f0b34b6	5/15	m2c	member-of:SLUS_013.95:0x80042214
rock_07	0x800EBB14	func_800EBB14	unique	9/25	m2c	member-of:rock_04:0x800EE208
rock_07	0x800EBBC4	func_800EBBC4	dup:e5ad3ff6eeb8adec5a32a2bc9d9b0222f90c267c	3/13	m2c	member-of:SLUS_013.95:0x80041FB0
rock_07	0x800EBBF8	func_800EBBF8	unique	14/34	m2c	undrawn
rock_07	0x800EBC80	func_800EBC80	unique	32/35	m2c	undrawn
rock_07	0x800EBD0C	func_800EBD0C	unique	17/31	m2c	undrawn
rock_07	0x800EBD88	func_800EBD88	dup:bb36b58ffc303cf908dd7d26af6be80d3f0b34b6	5/15	m2c	member-of:SLUS_013.95:0x80042214
rock_07	0x800EBE14	func_800EBE14	unique	0/25	m2c	undrawn
rock_07	0x800EBE78	func_800EBE78	unique	13/33	m2c	undrawn
rock_07	0x800EC000	func_800EC000	unique	32/60	m2c	undrawn
rock_07	0x800EC2D8	func_800EC2D8	unique	21/24	m2c	member-of:rock_00:0x801F3640
rock_07	0x800EC460	func_800EC460	unique	2/21	m2c	undrawn
rock_07	0x800EC550	func_800EC550	unique	15/23	m2c	member-of:SLUS_013.95:0x80037838
rock_07	0x800EC5AC	func_800EC5AC	unique	19/37	m2c	undrawn
rock_07	0x800EC640	func_800EC640	unique	19/31	m2c	undrawn
rock_07	0x800EC700	func_800EC700	unique	11/55	m2c	undrawn
rock_07	0x800EC7F4	func_800EC7F4	unique	74/77	m2c	undrawn
rock_07	0x800EC928	func_800EC928	unique	10/13	m2c	member-of:rock_07:0x800ED0F0
rock_07	0x800EC95C	func_800EC95C	unique	0/27	m2c	member-of:rock_10:0x800F93C4
rock_07	0x800EC9C8	func_800EC9C8	unique	21/24	m2c	undrawn
rock_07	0x800ECA28	func_800ECA28	unique	20/21	m2c	undrawn
rock_07	0x800ECAB8	func_800ECAB8	unique	8/43	m2c	undrawn
rock_07	0x800ECB64	func_800ECB64	unique	3/24	m2c	undrawn
rock_07	0x800ECBC4	func_800ECBC4	family:49ab892cdc50aaf9ae4f052579f1a3fe339be672	7/21	m2c	member-of:rock_00:0x801F3640
rock_07	0x800ECC18	func_800ECC18	unique	0/9	m2c	undrawn
rock_07	0x800ECC44	func_800ECC44	unique	22/37	m2c	undrawn
rock_07	0x800ECCD8	func_800ECCD8	unique	38/41	m2c	undrawn
rock_07	0x800ECD7C	func_800ECD7C	unique	7/31	m2c	undrawn
rock_07	0x800ECE7C	func_800ECE7C	unique	nocompile	m2c	undrawn
rock_07	0x800ECF20	func_800ECF20	unique	26/32	m2c	undrawn
rock_07	0x800ECFA0	func_800ECFA0	family:5f8796da8205659cb2016927d8b01f94be75d3a4	6/20	m2c	member-of:rock_00:0x801F3640
rock_07	0x800ECFF0	func_800ECFF0	unique	12/19	m2c	undrawn
rock_07	0x800ED03C	func_800ED03C	unique	7/10	m2c	undrawn
rock_07	0x800ED064	func_800ED064	unique	25/35	m2c	undrawn
rock_07	0x800ED0F0	func_800ED0F0	unique	9/12	m2c	undrawn
rock_07	0x800ED1D8	func_800ED1D8	unique	8/32	m2c	undrawn
rock_07	0x800ED264	func_800ED264	unique	0/64	m2c	undrawn
rock_07	0x800ED3A0	func_800ED3A0	unique	9/35	m2c	undrawn
rock_07	0x800ED4D0	func_800ED4D0	dup:c93d9dc279deef45804d82919077afed73dd9623	nocompile	m2c	undrawn
rock_07	0x800ED764	func_800ED764	dup:acb01dc7855df05a3b68c2f0a3e612bb9dd5ce17	nocompile	m2c	undrawn
rock_07	0x800ED8AC	func_800ED8AC	unique	3/59	m2c	member-of:rock_28:0x800F089C
rock_07	0x800ED998	func_800ED998	unique	nocompile	m2c	undrawn
rock_07	0x800EDBB8	func_800EDBB8	unique	9/82	m2c	undrawn
rock_07	0x800EDD7C	func_800EDD7C	unique	18/23	m2c	undrawn
rock_07	0x800EDDD8	func_800EDDD8	dup:bf15342c167d14d41cb8512fd75a12baccfb97b0	5/110	m2c	member-of:rock_06:0x800E9878
rock_07	0x800EDF90	func_800EDF90	dup:225f568d2dd747fa5ae3caabcf4576ad73a12b4a	17/203	m2c	member-of:rock_06:0x800E9A30
rock_07	0x800EE2BC	func_800EE2BC	dup:6e16db81face3e4bd80dcb0f8cfc34ec5ae73ba2	nocompile	m2c	member-of:rock_06:0x800E9D5C
rock_07	0x800EE3F8	func_800EE3F8	dup:092b78e20e4a8e3dd6f0100e81da3d0b6b44ca35	8/19	m2c	member-of:SLUS_013.95:0x80046C64
rock_07	0x800EE464	func_800EE464	dup:9bc6edbf2b0e3fba5b7873492132f5e6a8d701f7	nocompile	m2c	member-of:rock_06:0x800E9F04
rock_07	0x800EE64C	func_800EE64C	dup:1fbf1cfd3f97ba59776f0ea513b1b0b8f891493e	27/81	m2c	member-of:rock_06:0x800ECAB8
rock_07	0x800EE790	func_800EE790	dup:0258afa871dd7541396d877ba38b3b5de538fcd9	nocompile	m2c	member-of:rock_06:0x800EA230
rock_07	0x800EEA90	func_800EEA90	dup:092b78e20e4a8e3dd6f0100e81da3d0b6b44ca35	8/19	m2c	member-of:SLUS_013.95:0x80046C64
rock_07	0x800EEB1C	func_800EEB1C	dup:abeed4d7feb791d88917f652af4f8bcf02ab0673	25/77	m2c	jtbl-uncarved
rock_07	0x800EEC50	func_800EEC50	dup:8beae2834d426f96fd9c41b70491f5e42d32fcbd	nocompile	m2c	member-of:rock_06:0x800ECBEC
rock_07	0x800EEED8	func_800EEED8	dup:6efef8ac479fd00d69c41bea25735a315987cc9b	nocompile	m2c	member-of:rock_06:0x800ECE74
rock_07	0x800EF100	func_800EF100	dup:93a87e47ae76fd4348d83209b06e553afdc6611f	nocompile	m2c	member-of:rock_06:0x800ED09C
rock_07	0x800EFB14	func_800EFB14	dup:b11fc08eaa32f19756187c3ba60b2dcabc8d5d4a	nocompile	m2c	member-of:rock_06:0x800EDAB0
rock_07	0x800EFD00	func_800EFD00	dup:b59a82de8b65584308d31f5d5f0102186405bd6f	54/237	m2c	member-of:rock_06:0x800EDC9C
rock_07	0x800F00B4	func_800F00B4	dup:84d85d07fa97bb14b81cf2064cdcd5de323895b2	5/24	m2c	member-of:rock_04:0x800EE208
rock_07	0x800F01BC	func_800F01BC	unique	8/108	m2c	undrawn
rock_07	0x800F036C	func_800F036C	unique	2/78	m2c	undrawn
rock_07	0x800F04A4	func_800F04A4	dup:9f9117540cf8878b2d76d0d98987edfffacdf368	11/19	m2c	member-of:SLUS_013.95:0x80037838
rock_07	0x800F0530	func_800F0530	dup:ca2c18c183a39afe1700fa3fae9f5e0ac099f194	nocompile	m2c	member-of:rock_04:0x800ED3A4
rock_07	0x800F0994	func_800F0994	dup:5758981aca9f3c6e6a4c407b75accbda8fcf16a8	nocompile	m2c	jtbl-uncarved
rock_07	0x800F0CF4	func_800F0CF4	dup:ee0858fef9555f18ba955aa03a3a019fb19632a4	nocompile	m2c	undrawn
rock_07	0x800F10C8	func_800F10C8	dup:537c25db7287c5a0566c4dfc10192e7c82cde399	17/79	m2c	member-of:rock_06:0x800EA704
rock_07	0x800F1204	func_800F1204	dup:b62bb9224f489a693b0fda3cfdcd2c58b4bb03ee	nocompile	m2c	member-of:rock_06:0x800EA840
rock_07	0x800F13A4	func_800F13A4	dup:6827a9ba4801640881f3f25409e78cc22db1b7fc	22/123	m2c	member-of:rock_06:0x800EA9E0
rock_07	0x800F1590	func_800F1590	dup:ed3589eb1982eb71b7b530788f20a3764935cf99	nocompile	m2c	member-of:rock_06:0x800EABCC
rock_07	0x800F16CC	func_800F16CC	dup:18456df14b7930c0068a8c57d4cd79e9b7bbaefd	1/80	m2c	member-of:rock_06:0x800EAD08
rock_07	0x800F180C	func_800F180C	dup:94b6bb00e15b115aa6f9afbe11b3d9ffa824e1fe	30/83	m2c	member-of:rock_06:0x800EAE48
rock_07	0x800F1994	func_800F1994	dup:c27e254a2e0b2749fd75846b77094fa1c981821c	38/40	m2c	member-of:rock_06:0x800EAFD0
rock_07	0x800F1A34	func_800F1A34	dup:50c6b6b1674f079cbf013a5f048e2dafb84129a1	35/39	m2c	member-of:rock_06:0x800EB070
rock_07	0x800F1C7C	func_800F1C7C	dup:322c6b593a060f5fb8cb216df5f385096783eb88	38/58	m2c	member-of:rock_06:0x800EB2B8
rock_07	0x800F1DE0	func_800F1DE0	dup:9e25552ae220f6cbfac9352ec935aa890a7e3e28	21/46	m2c	member-of:rock_06:0x800EB41C
rock_07	0x800F1E98	func_800F1E98	dup:bfe342a20ad06fcaa35a4ef882a0d3fb5292b7de	1/50	m2c	member-of:rock_06:0x800EB4D4
rock_07	0x800F1F80	func_800F1F80	dup:9b96813faf15938762674135c08fb943aa67a153	8/111	m2c	undrawn
rock_07	0x800F213C	func_800F213C	dup:00afdb83f8f2a74573a6af316b936c47823c0c92	nocompile	m2c	undrawn
rock_07	0x800F2340	func_800F2340	dup:84c4080a62580d4a23be4eba8e1b1d316966a824	16/74	m2c	member-of:rock_04:0x800F18C4
rock_07	0x800F2468	func_800F2468	dup:304ee0b9b07d2d9f8b211e71f0e8b5bdc86186d7	23/98	m2c	undrawn
rock_07	0x800F25F0	func_800F25F0	dup:521cd5d4214467fff2a4da4f239e4cbc99c53e35	64/82	m2c	undrawn
rock_07	0x800F2738	func_800F2738	dup:e8dfb6bae33f790ad72010ade2529b3604409289	70/83	m2c	member-of:rock_07:0x800F25F0
rock_07	0x800F2884	func_800F2884	dup:b0724304a7ced5f31f84058c8e1e2ba7e1ed5a57	28/96	m2c	undrawn
rock_07	0x800F2A04	func_800F2A04	dup:45e733bc48eadc8ca892f00aea4081fae8324499	10/141	m2c	undrawn
rock_07	0x800F2C38	func_800F2C38	dup:db2ce0c60a2e5236da0fa4ed33547d72b27a95b1	12/88	m2c	member-of:SLUS_013.95:0x80040B84
rock_07	0x800F2D98	func_800F2D98	dup:36b4dc9c977f05c772751333bc69ced4b5b33a50	7/83	m2c	undrawn
rock_07	0x800F2EE4	func_800F2EE4	dup:b740bf1de5a45c09a1e1b4161dbbf1986411816b	44/76	m2c	undrawn
rock_07	0x800F3014	func_800F3014	dup:f4443b10ddecb06c463cf30efdd0007e4a346821	0/91	m2c	undrawn
rock_07	0x800F3180	func_800F3180	dup:f6ef21ccd577c73d144b5092733380cb79a341a5	15/68	m2c	undrawn
rock_07	0x800F3290	func_800F3290	dup:6a344f119e59cc944fdb3983d145dc4940067e0c	1/90	m2c	undrawn
rock_07	0x800F33F8	func_800F33F8	dup:c3347cdd1f2a4d41bb0e93732e816addb7789203	29/108	m2c	jtbl-uncarved
rock_07	0x800F35A8	func_800F35A8	dup:c5c0589e6564ae508f8f2c722142bbbe06ae3eac	6/141	m2c	undrawn
rock_07	0x800F37DC	func_800F37DC	dup:215a0b5cc18745476445024a9e62283b2dff413e	44/107	m2c	undrawn
rock_07	0x800F3988	func_800F3988	dup:048ece71569cb098511d62529f8d1b42fd8c659b	nocompile	m2c	undrawn
rock_07	0x800F3B9C	func_800F3B9C	dup:cfa6f47b1babb3e7b40835175f0c16cac861e45a	49/57	m2c	undrawn
rock_07	0x800F3C80	func_800F3C80	dup:0f2101958aeb42ef2bd901b4dfc088da0745ce08	nocompile	m2c	undrawn
rock_07	0x800F3F94	func_800F3F94	dup:245330eb584d25a50f98ff46f5eae72ac3fb3835	43/108	m2c	undrawn
rock_07	0x800F4144	func_800F4144	dup:e7980e24b2c909aec67ca2a5c3c5bfe949e701ed	nocompile	m2c	member-of:rock_07:0x800F6E78
rock_07	0x800F4230	func_800F4230	dup:3841861bc21ec5a06e7fe26f058b170fac036262	12/23	m2c	member-of:SLUS_013.95:0x80037838
rock_07	0x800F42C8	func_800F42C8	dup:4756667fef8b7052cd642774415e5942c45e6ecf	36/38	m2c	member-of:rock_04:0x800F2F24
rock_07	0x800F4360	func_800F4360	dup:f2023113f31242d5558bca99b4cfb9fd7ad95758	7/61	m2c	member-of:rock_22:0x800F8ECC
rock_07	0x800F4504	func_800F4504	dup:72e2c1d81b536764b894a60b5cb587c112132fe3	1/39	m2c	member-of:rock_10:0x800F94C4
rock_07	0x800F45A0	func_800F45A0	dup:68d73bc8cbca12db76077f15f33d8abd783c1dfb	3/53	m2c	undrawn
rock_07	0x800F4674	func_800F4674	dup:1dd4050a26305b23b34f63f478e5f3b7003c2493	15/22	m2c	undrawn
rock_07	0x800F46CC	func_800F46CC	dup:12f7d2e2b36518ed3595c17f3b8d6969e56c03c0	6/24	m2c	undrawn
rock_07	0x800F472C	func_800F472C	dup:89b3bf0f9b27a9e33e1a128676db7d1a22f84e7b	22/39	m2c	undrawn
rock_07	0x800F47C8	func_800F47C8	dup:716628be7feb596bc6b3e0a88558c69c7e12730f	14/17	m2c	member-of:rock_07:0x800ED0F0
rock_07	0x800F4848	func_800F4848	dup:0b23fac036028add9e8e14f1209c4d6fcb89fab6	15/33	m2c	member-of:rock_07:0x800EBA04
rock_07	0x800F4934	func_800F4934	dup:2db95a901d242a60427292bac083b05e33f9e3c7	36/41	m2c	undrawn
rock_07	0x800F49D8	func_800F49D8	dup:f0b566f89c28e9007761fb0568f417b042830442	11/16	m2c	undrawn
rock_07	0x800F4A18	func_800F4A18	dup:077e8bfd3fa831231961a0795656ebfca89ae237	28/33	m2c	member-of:rock_04:0x800F3BE0
rock_07	0x800F4A9C	func_800F4A9C	dup:2cf47275611f2ed2b4ff9447dda1ee6bb817fdf3	12/15	m2c	member-of:SLUS_013.95:0x80042214
rock_07	0x800F4B14	func_800F4B14	dup:7fefd3200fc2babccf7149289042d5c102c547e8	5/52	m2c	undrawn
rock_07	0x800F4C88	func_800F4C88	dup:2cf47275611f2ed2b4ff9447dda1ee6bb817fdf3	12/15	m2c	member-of:SLUS_013.95:0x80042214
rock_07	0x800F4D00	func_800F4D00	dup:a8a6c40311a52ec4adc28f4a814f4425cfb1d043	6/44	m2c	undrawn
rock_07	0x800F4DB0	func_800F4DB0	dup:6610d21071718ecd208583f81e4a27a2cde238ff	14/19	m2c	member-of:rock_00:0x801F3640
rock_07	0x800F4DFC	func_800F4DFC	dup:8b39c3560ff3720f9160edfc0fd30eb4898352ff	14/20	m2c	member-of:rock_00:0x801F3640
rock_07	0x800F4E4C	func_800F4E4C	dup:538d500493e41c452ac8003e69e5f9160e1cfb77	32/37	m2c	undrawn
rock_07	0x800F4EE0	func_800F4EE0	dup:bb36b58ffc303cf908dd7d26af6be80d3f0b34b6	5/15	m2c	member-of:SLUS_013.95:0x80042214
rock_07	0x800F4F58	func_800F4F58	dup:a4e315c1d21ee7e9c8aeccfcd5653a6ed185cd70	17/20	m2c	member-of:rock_07:0x800ED0F0
rock_07	0x800F4FA8	func_800F4FA8	dup:0e24e33ee05ccbfe7fe66039ced1a6519cdb4aaa	6/59	m2c	undrawn
rock_07	0x800F5094	func_800F5094	dup:31b2af50c390055f32620d5acaa9084ce97f32ea	17/22	m2c	member-of:rock_00:0x801F3640
rock_07	0x800F50EC	func_800F50EC	dup:f52c9ed39447d3b04cae70cab235e52c938ec5ef	12/65	m2c	undrawn
rock_07	0x800F51F0	func_800F51F0	dup:2bffa8ba354223e839417da81a93d7e0c4ef5790	22/25	m2c	member-of:rock_04:0x800F3BE0
rock_07	0x800F52C0	func_800F52C0	dup:a39743d08ec5191b95f66212f252df2c338e4dfc	11/15	m2c	member-of:rock_07:0x800ED0F0
rock_07	0x800F52FC	func_800F52FC	dup:6a978a9c830d67d278a5c64407179b7b3f4eb023	33/51	m2c	undrawn
rock_07	0x800F53C8	func_800F53C8	dup:2837ed89abf704c2508a13c8aa0faf1c5e147812	23/26	m2c	undrawn
rock_07	0x800F5430	func_800F5430	dup:6c9d487b58cc1066f53a9f50f047d7da685fff18	61/64	m2c	undrawn
rock_07	0x800F5530	func_800F5530	dup:c2d547324d2cb7037061544d7bdd30fa5b0e6c8d	14/20	m2c	member-of:rock_00:0x801F3640
rock_07	0x800F5580	func_800F5580	dup:bb36b58ffc303cf908dd7d26af6be80d3f0b34b6	5/15	m2c	member-of:SLUS_013.95:0x80042214
rock_07	0x800F55F8	func_800F55F8	dup:4477a8bf74f27823bcd5bca596bf75a7e396893d	17/20	m2c	member-of:rock_07:0x800ED0F0
rock_07	0x800F5648	func_800F5648	dup:7d1063ef86309e923badd21ca15d31915edd154b	24/42	m2c	undrawn
rock_07	0x800F56F0	func_800F56F0	dup:198a80d97660a0fcc2707fa52cfdccdd91146354	26/29	m2c	member-of:rock_04:0x800F3BE0
rock_07	0x800F5764	func_800F5764	dup:f3f9cbb8dd1c5a91e749eb8073e0ed06ac4f00b1	27/44	m2c	undrawn
rock_07	0x800F5814	func_800F5814	dup:7802f1eabd324cedd4f49cbb684b7a522a1cea58	21/28	m2c	undrawn
rock_07	0x800F5884	func_800F5884	dup:2bffa8ba354223e839417da81a93d7e0c4ef5790	22/25	m2c	member-of:rock_04:0x800F3BE0
rock_07	0x800F58E8	func_800F58E8	dup:ee288037840bd88f0a695eb0d3a607727057ee1e	13/19	m2c	member-of:rock_00:0x801F3640
rock_07	0x800F5934	func_800F5934	dup:bb36b58ffc303cf908dd7d26af6be80d3f0b34b6	5/15	m2c	member-of:SLUS_013.95:0x80042214
rock_07	0x800F59AC	func_800F59AC	dup:9814ca5ab392b44a642a9a9ca5201998e3e5c672	24/28	m2c	undrawn
rock_07	0x800F5A1C	func_800F5A1C	dup:722750d4226e804c12ae167f6f52ed05e8da51ae	9/35	m2c	undrawn
rock_07	0x800F5AA8	func_800F5AA8	dup:eeceee8712eafb0e34540fdde8a507bf862ca7d9	5/61	m2c	undrawn
rock_07	0x800F5C00	func_800F5C00	dup:2bffa8ba354223e839417da81a93d7e0c4ef5790	22/25	m2c	member-of:rock_04:0x800F3BE0
rock_07	0x800F5CD8	func_800F5CD8	dup:7bfaf088f2d5cd241f4f1ecb2b4b3e26d5695c3d	nocompile	m2c	undrawn
rock_07	0x800F5D3C	func_800F5D3C	dup:565116b93da54ade590f14d1a8ca85705d367cde	23/26	m2c	undrawn
rock_07	0x800F5DA4	func_800F5DA4	dup:cc1c2b81e739c91d811d7466e361dadb9167be46	18/21	m2c	member-of:rock_00:0x801F3640
rock_07	0x800F5DF8	func_800F5DF8	dup:81794a6b1a818ce2279fa0a63fb2b9701572d000	17/20	m2c	undrawn
rock_07	0x800F5E48	func_800F5E48	dup:d1da7eb62772030c361610b4b89c7e70c5082910	23/29	m2c	undrawn
rock_07	0x800F5EEC	func_800F5EEC	dup:c156e188045247d39631dfd25ab58c0c6a916573	17/36	m2c	undrawn
rock_07	0x800F5FB8	func_800F5FB8	dup:7bfaf088f2d5cd241f4f1ecb2b4b3e26d5695c3d	nocompile	m2c	member-of:rock_07:0x800F5CD8
rock_07	0x800F6008	func_800F6008	dup:4b45fcb1055cdfddaf2eaf8133d3aea66b84733d	1/68	m2c	undrawn
rock_07	0x800F6118	func_800F6118	dup:552ab892283fbb6dc681734afa3d594cd424eea3	23/26	m2c	member-of:rock_07:0x800F5D3C
rock_07	0x800F6180	func_800F6180	dup:c59140ad4ef47e9c5dade4f6899d122ec2196995	18/21	m2c	member-of:rock_00:0x801F3640
rock_07	0x800F61D4	func_800F61D4	dup:4dd21939b68ad73ca71ad245f0c64027c38c385b	9/19	m2c	undrawn
rock_07	0x800F6220	func_800F6220	dup:2d23771371cc3487839a7f95d1076ee0d7514ee9	7/35	m2c	undrawn
rock_07	0x800F62AC	func_800F62AC	dup:03ca0fc2522444c4e0c468592e568b711e651e8e	24/27	m2c	undrawn
rock_07	0x800F6354	func_800F6354	dup:c6f672d5185c5c52f1532638b5c96ea07ffa5fb9	nocompile	m2c	undrawn
rock_07	0x800F63AC	func_800F63AC	dup:43a4260524af21f798b7624c4cf0b3deb18405cc	1/68	m2c	member-of:rock_07:0x800F6008
rock_07	0x800F64BC	func_800F64BC	dup:e0f85a03951c39c4f965b2ba295087ce643184a5	23/26	m2c	member-of:rock_07:0x800F5D3C
rock_07	0x800F6524	func_800F6524	dup:4c5fecc7001c699511603fbca15e8fe98b3a9fe2	18/21	m2c	member-of:rock_00:0x801F3640
rock_07	0x800F6578	func_800F6578	dup:220baf20cfd0a79fedd3c2ce348c09cc25da4bd0	9/19	m2c	member-of:rock_07:0x800F61D4
rock_07	0x800F65C4	func_800F65C4	dup:c2764866a73f4e2aafc0e2887628ace21b4361cf	0/50	m2c	undrawn
rock_07	0x800F668C	func_800F668C	dup:4af8ff7236b5ca4ce6c9ec24a98cc99d4c543dbf	25/28	m2c	member-of:rock_07:0x800F62AC
rock_07	0x800F66FC	func_800F66FC	dup:ad98c5dc8a70ce083c4b8f3cf83569ea451d8fb4	nocompile	m2c	jtbl-uncarved
rock_07	0x800F67D0	func_800F67D0	dup:b77f846939435b809f110173c2046f4f16d67bf9	10/44	m2c	member-of:rock_07:0x800ECCD8
rock_07	0x800F6880	func_800F6880	dup:ee90bf9cbfde5b297e137ff354b9b297e28a751a	3/50	m2c	undrawn
rock_07	0x800F6948	func_800F6948	dup:19d38accf6876ba13a86ac0dc1abce98a5e06eef	27/53	m2c	member-of:rock_08:0x800EFEF8
rock_07	0x800F6A1C	func_800F6A1C	dup:e3a240f96cc545036984b2797c48bc794441938a	25/45	m2c	member-of:rock_07:0x800ECC44
rock_07	0x800F6AD0	func_800F6AD0	dup:c991f3d4653fbd53e854631c5afb97e46d82631f	22/49	m2c	member-of:rock_08:0x800EFEF8
rock_07	0x800F6B94	func_800F6B94	dup:0eb65fee261d0be9db42ebe0c4f750aa7bd927b8	3/55	m2c	undrawn
rock_07	0x800F6C70	func_800F6C70	dup:f80886d81be9e8d11c89e96473e8163ef377e621	17/55	m2c	undrawn
rock_07	0x800F6D4C	func_800F6D4C	dup:2da1aa240f8e855afc71685b476c556f190b8f8a	1/63	m2c	undrawn
rock_07	0x800F6E48	func_800F6E48	dup:3d82c3af21bbb95d722f3fba2cb6c1f7823838ca	10/12	m2c	member-of:SLUS_013.95:0x80042C18
rock_07	0x800F6E78	func_800F6E78	dup:0ddfd921fdceb2cd6a75fffef008fe826b3605bf	nocompile	m2c	undrawn
rock_07	0x800F6F60	func_800F6F60	dup:29937f083c11622ab04f65b2d408eaa4fdd0567a	15/16	m2c	member-of:rock_04:0x800F54B8
rock_07	0x800F6FA0	func_800F6FA0	dup:84aa576f257dd01df621cfe2d0598fb4c42b2b15	17/33	m2c	member-of:SLUS_013.95:0x80037838
rock_07	0x800F7024	func_800F7024	dup:66778633b31b62de4dadddf13fc67cb69d75cc44	0/29	m2c	undrawn
rock_07	0x800F7130	func_800F7130	dup:2e1a968e7b8b00311a82a84ddd59c9edafe8ed5b	36/42	m2c	undrawn
rock_07	0x800F71D8	func_800F71D8	dup:a27bca983364dac678c8781989a4682971aafa73	17/19	m2c	undrawn
rock_07	0x800F7224	func_800F7224	dup:ac09be74da97b4c75824fd8eecbf649f77cc8419	10/38	m2c	undrawn
rock_07	0x800F72BC	func_800F72BC	dup:a7926c487343b2ea4189d82dd46ed54f7b4b7c13	nocompile	m2c	undrawn
rock_07	0x800F73F0	func_800F73F0	dup:546dfa537ab480c5f19d34766490db84adb5c9ea	6/53	m2c	undrawn
rock_07	0x800F7500	func_800F7500	dup:a052f5bb09ae097df807404588ebaeef67091fdc	7/21	m2c	member-of:rock_00:0x801F3640
rock_07	0x800F7554	func_800F7554	dup:e37f8e4b6997d6813655c384bbf294d3dd42abe8	31/33	m2c	undrawn
rock_07	0x800F765C	func_800F765C	dup:16f56fc5c73d480a8e740000f1e587acc576d939	14/33	m2c	undrawn
rock_07	0x800F76E0	func_800F76E0	dup:e125048d28630be71102f5efd8a4e9dedd17d470	24/26	m2c	undrawn
rock_07	0x800F7748	func_800F7748	dup:81ba8ce8e4aad98c6b686d4df03de54795778bad	8/13	m2c	undrawn
rock_07	0x800F777C	func_800F777C	dup:f3cf60f23035f61338fc2a83b5b33241048c27ae	16/19	m2c	member-of:SLUS_013.95:0x8004260C
rock_07	0x800F77C8	func_800F77C8	dup:8118c7e67b9b032922300318dce83b4da4340c1c	6/22	m2c	undrawn
rock_07	0x800F7820	func_800F7820	dup:69918caf015c37c9759ad2641b934a710b27e9ca	32/42	m2c	undrawn
rock_07	0x800F78C8	func_800F78C8	dup:51ce93011dc7664954b7b0d7df3b5b40eab7b44a	6/29	m2c	undrawn
rock_07	0x800F793C	func_800F793C	dup:ce1108bc6dac4430e1494368469599f8cd848ef5	8/13	m2c	member-of:rock_07:0x800F7748
rock_07	0x800F7970	func_800F7970	dup:b2a08ef43511494db9c72e405233f00108ffb93b	18/24	m2c	undrawn
rock_08	0x800E99AC	func_800E99AC	x4	16/16	m2c	undrawn
rock_08	0x800E99EC	func_800E99EC	x4	49/49	m2c	plumbing:R2
rock_08	0x800E9B0C	func_800E9B0C	x4	15/15	m2c	undrawn
rock_08	0x800E9B48	func_800E9B48	x4	40/40	m2c	plumbing:R2
rock_08	0x800E9C08	func_800E9C08	family:367e5efe90fc8d8353abc868c8e4b4e5665b167e	31/124	m2c	member-of:rock_03:0x800EE154
rock_08	0x800E9DF8	func_800E9DF8	unique	7/141	m2c	member-of:rock_03:0x800EE344
rock_08	0x800EA02C	func_800EA02C	dup:38e1a722ce8eb22c0c91e96517429c593bfa9d95	8/16	m2c	member-of:SLUS_013.95:0x80046C64
rock_08	0x800EA08C	func_800EA08C	unique	nocompile	m2c	undrawn
rock_08	0x800EA328	func_800EA328	unique	1/43	m2c	undrawn
rock_08	0x800EA3D4	func_800EA3D4	unique	4/29	m2c	undrawn
rock_08	0x800EA4E0	func_800EA4E0	dup:766e1de13e3cf45f188fbd9eef69cf9ad570acb7	34/43	m2c	undrawn
rock_08	0x800EA58C	func_800EA58C	unique	3/14	m2c	undrawn
rock_08	0x800EA5C4	func_800EA5C4	dup:766e1de13e3cf45f188fbd9eef69cf9ad570acb7	34/43	m2c	member-of:rock_08:0x800EA4E0
rock_08	0x800EA70C	func_800EA70C	unique	3/11	m2c	undrawn
rock_08	0x800EA740	func_800EA740	unique	8/56	m2c	jtbl-uncarved
rock_08	0x800EA820	func_800EA820	dup:362874f13e3ad8e1e9d03fd2b57cc9ba4da58584	nocompile	m2c	undrawn
rock_08	0x800EAC90	func_800EAC90	family:312c9b82a35b7b65825ae024762fa3f0ba4cdc52	nocompile	m2c	undrawn
rock_08	0x800EAEF8	func_800EAEF8	dup:d752b9f523e357fed33e7287b1dd8945a48224e5	33/104	m2c	undrawn
rock_08	0x800EB098	func_800EB098	dup:fc585566acc7017bce8f06a2547967b19965740d	54/66	m2c	undrawn
rock_08	0x800EB1A0	func_800EB1A0	dup:f46672ff40b16d57c117aba982225595666d5d11	10/62	m2c	undrawn
rock_08	0x800EB298	func_800EB298	dup:4cb0450f5f48e4e4d35626f7a8dbefdad3c13e55	18/64	m2c	undrawn
rock_08	0x800EB398	func_800EB398	dup:69980d24e2647547c751ab138380fa880de48856	nocompile	m2c	undrawn
rock_08	0x800EBEA0	func_800EBEA0	dup:0c581323a589c33197acfe786c4f08f508b86dc3	nocompile	m2c	undrawn
rock_08	0x800EC2F0	func_800EC2F0	dup:877861ab3080199e653b07e33a45b442c98dd51d	9/75	m2c	undrawn
rock_08	0x800EC41C	func_800EC41C	dup:03428c934f6a335707affd9b250118635af936fe	13/100	m2c	undrawn
rock_08	0x800EC5AC	func_800EC5AC	dup:d891ca7839c6a61895155a319eca6951dbebe820	22/26	m2c	undrawn
rock_08	0x800EC614	func_800EC614	dup:825c49e7bfdcbec49ebd9375334badb25222cfe1	3/42	m2c	undrawn
rock_08	0x800EC6DC	func_800EC6DC	dup:ae30a3aaa84c8206433d5baf806546a7a9be0ad0	6/18	m2c	member-of:SLUS_013.95:0x80046C64
rock_08	0x800EC724	func_800EC724	dup:79b8288a8a11d0b42ee2df7d151c59b38e8aa3e1	42/51	m2c	undrawn
rock_08	0x800EC7F0	func_800EC7F0	dup:1aca121a1a49d83da966c0b9210dfebe7e3878e1	42/51	m2c	member-of:rock_08:0x800EC724
rock_08	0x800EC8BC	func_800EC8BC	dup:99c828ca950442a8cd214253eca430f7c1eacec5	14/62	m2c	undrawn
rock_08	0x800EC9B4	func_800EC9B4	dup:f211ad60b11778d3979338e0f92d57d23e9ead8f	52/64	m2c	undrawn
rock_08	0x800ECBC4	func_800ECBC4	dup:f3e861c5391cfe726650bfd264bac257b6d73367	8/55	m2c	undrawn
rock_08	0x800ECCA0	func_800ECCA0	dup:eabd377ec2d2ec7bf61527cb69c6c46bd7cfbe8d	6/39	m2c	undrawn
rock_08	0x800ECD3C	func_800ECD3C	dup:18f70977e57d26c9cf2f4f825dd313db5bcb378c	1/26	m2c	member-of:rock_03:0x800EF27C
rock_08	0x800ECDC4	func_800ECDC4	dup:1d7d8b78d42c939351508499b7404f9380b4f968	19/73	m2c	undrawn
rock_08	0x800ECF44	func_800ECF44	dup:7b8489b2f3a970ff9ec05db7943e0d6918923f95	35/129	m2c	undrawn
rock_08	0x800ED148	func_800ED148	dup:cae775a03ad64ea44f107864e67a2b7083fd16c9	2/68	m2c	undrawn
rock_08	0x800ED258	func_800ED258	dup:dd8880a2a37c3d635f9ba21c4e52f0efa0ea2b5f	0/150	m2c	undrawn
rock_08	0x800ED4B0	func_800ED4B0	dup:bcd3ee96f53cf65c96b6565b3c87eebb2d5bf054	7/69	m2c	undrawn
rock_08	0x800ED5C4	func_800ED5C4	dup:9f9117540cf8878b2d76d0d98987edfffacdf368	11/19	m2c	member-of:SLUS_013.95:0x80037838
rock_08	0x800ED610	func_800ED610	dup:a949c7549899ed0b479f217541b0006584398ec6	38/61	m2c	undrawn
rock_08	0x800ED704	func_800ED704	dup:c6ddbc31f15adf475b36e1659c2dc32394d8fa29	31/42	m2c	undrawn
rock_08	0x800ED854	func_800ED854	dup:7f609683839dda03945cd9ba95a9bfca6374019e	5/37	m2c	member-of:rock_03:0x800EF1E8
rock_08	0x800ED8E8	func_800ED8E8	dup:aafd27c4fa0a1e2ab62d01d8f409d878f2203b53	1/26	m2c	member-of:rock_03:0x800EF27C
rock_08	0x800ED950	func_800ED950	dup:4b4ade695df20616f89b4e0e8871bb443ca87aeb	10/35	m2c	undrawn
rock_08	0x800ED9DC	func_800ED9DC	dup:3c56378f95e8a4cdf5c8fad934a372fd2721f108	nocompile	m2c	member-of:rock_08:0x800EF13C
rock_08	0x800EDC3C	func_800EDC3C	dup:95c088a082664ef381565ce65f36258704ad4c2e	5/125	m2c	undrawn
rock_08	0x800EDE30	func_800EDE30	dup:092b78e20e4a8e3dd6f0100e81da3d0b6b44ca35	8/19	m2c	member-of:SLUS_013.95:0x80046C64
rock_08	0x800EDEA4	func_800EDEA4	dup:739e5bc013dcc43177c9497c0cf8b4d3dac8e71e	nocompile	m2c	member-of:rock_02:0x800E9C20
rock_08	0x800EE02C	func_800EE02C	dup:bec4b333e7378010ad7c616c0768a707c3b10228	12/102	m2c	member-of:rock_05:0x800EA750
rock_08	0x800EE1C4	func_800EE1C4	dup:4c9b9555ecee728a5db26b8ca1b5c30581c4cdd3	24/31	m2c	member-of:rock_05:0x800EA8E8
rock_08	0x800EE2F4	func_800EE2F4	dup:fc8e51cf3b2fc11d9ed097330e2fd6ec3c572efd	25/35	m2c	member-of:rock_05:0x800EAA18
rock_08	0x800EE380	func_800EE380	dup:b633c7e54462e26495ec965080ab69cdcf1c0029	2/14	m2c	member-of:rock_05:0x800EAAA4
rock_08	0x800EE3B8	func_800EE3B8	dup:8c4e4dbfa3d93698bd3f38d879f52eecd7b7ce70	5/19	m2c	member-of:rock_05:0x800EAADC
rock_08	0x800EE404	func_800EE404	dup:4fc8070591fd9a06eff8c2195697391c0fdeecfa	nocompile	m2c	member-of:rock_03:0x800EE5CC
rock_08	0x800EE544	func_800EE544	dup:4cd98244d4741a887d83aad5bc1b95e41e40c799	8/61	m2c	member-of:rock_03:0x800EE70C
rock_08	0x800EE638	func_800EE638	dup:6cfe69b134fca0da9387740a4baf7b9324a0384d	5/49	m2c	member-of:rock_03:0x800EE800
rock_08	0x800EE6FC	func_800EE6FC	dup:0879b0f12d4ce2e74a4f129bab33c0f05c066aee	24/64	m2c	member-of:rock_03:0x800EE8C4
rock_08	0x800EE7FC	func_800EE7FC	dup:1a5ce432eb545609fe124eb8aa7c88af1a3f1f23	nocompile	m2c	member-of:rock_03:0x800EE9C4
rock_08	0x800EEBF0	func_800EEBF0	dup:74209d184787cdeec90bea748dad844603e15e7c	11/67	m2c	member-of:rock_03:0x800EEDB8
rock_08	0x800EECFC	func_800EECFC	dup:9f9117540cf8878b2d76d0d98987edfffacdf368	11/19	m2c	member-of:SLUS_013.95:0x80037838
rock_08	0x800EED48	func_800EED48	dup:2b33bdebb477f9017e80b329c788b6d92785643c	18/31	m2c	member-of:rock_03:0x800EEF10
rock_08	0x800EEE04	func_800EEE04	dup:97d1967fbc708ac8624496a9d9a33bf9a4e7b621	13/30	m2c	member-of:rock_03:0x800EEFCC
rock_08	0x800EEF7C	func_800EEF7C	dup:72f94f54b002399bd41a2c846b5ac3a8709ba00d	5/41	m2c	member-of:rock_03:0x800EF1E8
rock_08	0x800EF020	func_800EF020	dup:7f609683839dda03945cd9ba95a9bfca6374019e	5/37	m2c	member-of:rock_03:0x800EF1E8
rock_08	0x800EF0B4	func_800EF0B4	dup:aafd27c4fa0a1e2ab62d01d8f409d878f2203b53	1/26	m2c	member-of:rock_03:0x800EF27C
rock_08	0x800EF13C	func_800EF13C	dup:650ad91e8c275c5073aba98ee86bfe916bc4ccbb	nocompile	m2c	undrawn
rock_08	0x800EF340	func_800EF340	dup:b373deeee2f284feff7e6aa067b6e8d44fcba831	8/125	m2c	undrawn
rock_08	0x800EF534	func_800EF534	dup:bc86d5478f42c05561c92b060992772820efd87c	nocompile	m2c	undrawn
rock_08	0x800EF6B8	func_800EF6B8	dup:092b78e20e4a8e3dd6f0100e81da3d0b6b44ca35	8/19	m2c	member-of:SLUS_013.95:0x80046C64
rock_08	0x800EF740	func_800EF740	dup:205260972172aab1a639b651405429d1a37caebe	24/29	m2c	undrawn
rock_08	0x800EF7B4	func_800EF7B4	dup:5399b9c72bec2ae7918d32c2d86894262729b341	4/42	m2c	member-of:rock_08:0x800EFA10
rock_08	0x800EF85C	func_800EF85C	dup:4c9638a89e7fe193c3f00e1473cb5b4ed4250103	34/65	m2c	undrawn
rock_08	0x800EF960	func_800EF960	dup:536a301cd15c60adb5242914ce8a5df30edd1802	5/44	m2c	undrawn
rock_08	0x800EFA10	func_800EFA10	dup:a58e99fea525fa5d96e04cf25831e524e34a42dc	30/32	m2c	undrawn
rock_08	0x800EFA90	func_800EFA90	dup:9b4f8725c2cdaa95959541cf16413d6590c96871	nocompile	m2c	member-of:rock_03:0x800EF304
rock_08	0x800EFC60	func_800EFC60	dup:8dcb28fd5528c27495069483bba31f84f728c40a	2/41	m2c	member-of:rock_03:0x800EF4D4
rock_08	0x800EFD04	func_800EFD04	dup:092b78e20e4a8e3dd6f0100e81da3d0b6b44ca35	8/19	m2c	member-of:SLUS_013.95:0x80046C64
rock_08	0x800EFDAC	func_800EFDAC	dup:79c9175c71d0131e44ab3e69885f621a4656dbec	5/45	m2c	member-of:rock_03:0x800EF620
rock_08	0x800EFE60	func_800EFE60	dup:5b6270f0b276aeed86d7f768c82076f8a67f8393	12/38	m2c	member-of:rock_03:0x800EF6D4
rock_08	0x800EFEF8	func_800EFEF8	dup:3941be94e62672410f43ad679b2ccfaf63c4e8cb	40/41	m2c	undrawn
rock_08	0x800EFF9C	func_800EFF9C	dup:0205ef454fa8cebf49f0ffaf4d0458b4648f0027	67/153	m2c	undrawn
rock_08	0x800F0200	func_800F0200	dup:91b1b6d76467c2802890ec0d699e25780d74caff	45/271	m2c	undrawn
rock_08	0x800F063C	func_800F063C	dup:426f351f7a03df24676b753bd1d6fa2681cdf632	19/86	m2c	member-of:rock_04:0x800F18C4
rock_08	0x800F0794	func_800F0794	dup:834521f67bdf1b4a2947a320606dcf15aaac0f69	4/136	m2c	undrawn
rock_08	0x800F09B4	func_800F09B4	dup:c03b047dfdb9d83a902ba7f72ee0f1acc9d36010	0/63	m2c	undrawn
rock_08	0x800F0AB0	func_800F0AB0	dup:ea329aedbb6ee73f72825262a3feadc3ca76c808	10/73	m2c	undrawn
rock_08	0x800F0BD4	func_800F0BD4	dup:081cede5b56f5247700c009a8a0e33c746a4257e	nocompile	m2c	undrawn
rock_08	0x800F12D4	func_800F12D4	dup:eb522c80f58b065888d41a23769189e481a38ce1	41/103	m2c	undrawn
rock_08	0x800F1470	func_800F1470	dup:73e5e752da4b95f6aeda664e5a0e066a0203c11b	20/94	m2c	undrawn
rock_08	0x800F15E8	func_800F15E8	dup:286faa04fdbeb2bc5bf0bba626b02b9b99593285	nocompile	m2c	undrawn
rock_08	0x800F1728	func_800F1728	dup:4ee4fb07ec6711d70ce355e533c0a0a51c4a0b11	42/57	m2c	undrawn
rock_08	0x800F180C	func_800F180C	dup:4f2feaa33d71648ecd134b943f672a0d5e79688d	79/108	m2c	undrawn
rock_08	0x800F19BC	func_800F19BC	dup:cfb40c17c391223ffb41ef81e27db2a9ca0367a9	49/76	m2c	member-of:rock_08:0x800F1728
rock_08	0x800F1AEC	func_800F1AEC	dup:18f229aedebb3a66dc860fe483262d56d21b9870	76/93	m2c	undrawn
rock_08	0x800F1CD8	func_800F1CD8	dup:a4f82807c0b9b992a00732ee72a39644194bf506	27/31	m2c	undrawn
rock_08	0x800F1D54	func_800F1D54	dup:df30c9a4d6e84dd6872fe36a56130e5e2a3ecfe0	61/61	m2c	member-of:rock_22:0x800F8ECC
rock_08	0x800F1E48	func_800F1E48	dup:03008ca8c4c2a94335b2e9eaac8786b42b000a1d	32/36	m2c	undrawn
rock_08	0x800F1ED8	func_800F1ED8	dup:53523d8a4f87fdf02d9dece0a8815d0f965f1ecf	13/35	m2c	undrawn
rock_08	0x800F1F64	func_800F1F64	dup:7040bcbeee654d192e266f57d8845a702a43f247	32/34	m2c	undrawn
rock_08	0x800F208C	func_800F208C	dup:03008ca8c4c2a94335b2e9eaac8786b42b000a1d	32/36	m2c	member-of:rock_08:0x800F1E48
rock_08	0x800F211C	func_800F211C	dup:53523d8a4f87fdf02d9dece0a8815d0f965f1ecf	13/35	m2c	member-of:rock_08:0x800F1ED8
rock_08	0x800F21A8	func_800F21A8	dup:aa10f66d5aba88ef042698867b4f0654cb055dd0	31/39	m2c	undrawn
rock_08	0x800F2244	func_800F2244	dup:722b37682cedc485e8343d3e5e7e2ed195a747b4	29/37	m2c	undrawn
rock_08	0x800F22D8	func_800F22D8	dup:d3e8e7ec2c2bf8ff44522af62788ab8fcbd4278d	19/23	m2c	undrawn
rock_08	0x800F2334	func_800F2334	dup:ad992f035af74aec4b8afe07673889e613d96c87	11/17	m2c	member-of:rock_07:0x800ED0F0
rock_08	0x800F2378	func_800F2378	dup:84c3fa29206d7a5bbfd91b617738c8ec71b1b5a4	27/35	m2c	undrawn
rock_08	0x800F2404	func_800F2404	dup:5d582968f5ff552aa2c1c6b6300fd781c16b9f29	57/59	m2c	undrawn
rock_08	0x800F24F0	func_800F24F0	dup:9798a13290b7af37ad0dcc428f5fe9ec45f1e807	24/33	m2c	undrawn
rock_08	0x800F2574	func_800F2574	dup:d3e8e7ec2c2bf8ff44522af62788ab8fcbd4278d	19/23	m2c	member-of:rock_08:0x800F22D8
rock_08	0x800F25D0	func_800F25D0	dup:75b7724c74a83cbf1a6f31a25d0540c87ba23a21	9/13	m2c	member-of:rock_07:0x800ED0F0
rock_08	0x800F2604	func_800F2604	dup:8090bcade55cef5d2ed2b0f6e2aa22e597329c97	18/23	m2c	undrawn
rock_08	0x800F269C	func_800F269C	dup:4efb6a0ebb6183fbb4ce35ff3ff37822d7371423	24/27	m2c	undrawn
rock_08	0x800F2708	func_800F2708	dup:59b70147a800967954c51ae329ad71addc5f10d8	14/44	m2c	undrawn
rock_08	0x800F27B8	func_800F27B8	dup:d3e8e7ec2c2bf8ff44522af62788ab8fcbd4278d	19/23	m2c	member-of:rock_08:0x800F22D8
rock_08	0x800F2814	func_800F2814	dup:9c8777d4ecc2bdedeb4970af706a4b13930f1f27	0/87	m2c	undrawn
rock_08	0x800F2970	func_800F2970	dup:3b0621fb349e9ff043337e09b5f8dd4c64cd702f	8/22	m2c	member-of:rock_00:0x801F3640
rock_08	0x800F2A88	func_800F2A88	dup:5ea9a0444699bf14b8813f581f3af0d483657031	1/60	m2c	undrawn
rock_08	0x800F2B78	func_800F2B78	dup:8c946c3eb432e589978a50d90fbe8b9b137bfa63	24/43	m2c	undrawn
rock_08	0x800F2C24	func_800F2C24	dup:a43684670e8c12840343b107887163848cc99022	14/20	m2c	member-of:rock_00:0x801F3640
rock_08	0x800F2C74	func_800F2C74	dup:4dc495187c100def8190d9ce4fc1a479cab38a94	18/26	m2c	undrawn
rock_08	0x800F2CDC	func_800F2CDC	dup:72f3c03772689b033b039d58b4a281c1ddbbdac6	14/38	m2c	undrawn
rock_08	0x800F2DB8	func_800F2DB8	dup:245a7073cefe9cb6cede49dda6daae60c7f6676b	14/22	m2c	undrawn
rock_08	0x800F2E10	func_800F2E10	dup:680265c19f2bacf4e826b330122ac45f29c0863a	19/61	m2c	undrawn
rock_08	0x800F2F24	func_800F2F24	dup:7694d7b4a0e045ff2f8b7428091eaf2bc158746a	28/31	m2c	undrawn
rock_08	0x800F2FA0	func_800F2FA0	dup:a51524c2ab22552fdc0fef88999da55c0876e7a8	24/42	m2c	undrawn
rock_08	0x800F3048	func_800F3048	dup:d3e8e7ec2c2bf8ff44522af62788ab8fcbd4278d	19/23	m2c	member-of:rock_08:0x800F22D8
rock_08	0x800F30A4	func_800F30A4	dup:53523d8a4f87fdf02d9dece0a8815d0f965f1ecf	13/35	m2c	member-of:rock_08:0x800F1ED8
rock_08	0x800F3130	func_800F3130	dup:61e64f8e1d6941dd1a26a18de40611ae3d9e8be8	27/30	m2c	undrawn
rock_08	0x800F31A8	func_800F31A8	dup:0e2b174ae6d9c3ac9f8086f96c451ef00573553b	32/34	m2c	undrawn
rock_08	0x800F3230	func_800F3230	dup:c48a8a9bcb627a0471da1a2a40a30bc6e7eb5463	29/30	m2c	undrawn
rock_08	0x800F32A8	func_800F32A8	dup:d7798d86256f0afdabaae73146d796ab6b1bcb4c	12/12	m2c	member-of:rock_05:0x800F2B4C
rock_08	0x800F32E8	func_800F32E8	dup:092b78e20e4a8e3dd6f0100e81da3d0b6b44ca35	8/19	m2c	member-of:SLUS_013.95:0x80046C64
rock_08	0x800F3354	func_800F3354	dup:c4fc48666e5f2a3fd90202032ff0515c410aaebd	28/35	m2c	member-of:rock_00:0x801EE4DC
rock_08	0x800F341C	func_800F341C	dup:49f8ebfca4ab0b02145b6791a47063d280eaf00f	22/42	m2c	undrawn
rock_08	0x800F3500	func_800F3500	dup:3f84ff5a3f5a05d4d1b163cb25214119b9835c05	8/32	m2c	undrawn
rock_08	0x800F35BC	func_800F35BC	dup:148a6cd2debf81405926418e185f483c725d86da	nocompile	m2c	member-of:rock_08:0x800F3678
rock_08	0x800F3678	func_800F3678	dup:cf40d467c29b398fa29b4e51c526c2bed92daff4	nocompile	m2c	undrawn
rock_09	0x800E992C	func_800E992C	unique	3/17	m2c	undrawn
rock_09	0x800E9970	func_800E9970	unique	nocompile	m2c	undrawn
rock_09	0x800E9A60	func_800E9A60	x4	63/63	m2c	plumbing:R2
rock_09	0x800E9B5C	func_800E9B5C	unique	24/31	m2c	undrawn
rock_09	0x800E9BD8	func_800E9BD8	unique	27/33	m2c	member-of:rock_09:0x800E9B5C
rock_09	0x800E9C5C	func_800E9C5C	unique	27/32	m2c	member-of:rock_09:0x800E9B5C
rock_09	0x800E9CDC	func_800E9CDC	family:a358b8b147596054213373fbba886558acb3471e	nocompile	m2c	undrawn
rock_09	0x800E9D20	func_800E9D20	family:a358b8b147596054213373fbba886558acb3471e	17/17	m2c	member-of:rock_09:0x800E9CDC
rock_09	0x800E9D64	func_800E9D64	dup:961a174dc6115f5097e23132ae41dff0fcc17719	5/99	m2c	undrawn
rock_09	0x800E9EF0	func_800E9EF0	dup:d941bdad69400fb57c153f9f162558ce94bacb4d	37/162	m2c	undrawn
rock_09	0x800EA178	func_800EA178	dup:69dae7c9adf4dfa2bcc51be71a97e231785701b9	17/150	m2c	undrawn
rock_09	0x800EA3D0	func_800EA3D0	dup:9f9117540cf8878b2d76d0d98987edfffacdf368	11/19	m2c	member-of:SLUS_013.95:0x80037838
rock_09	0x800EA41C	func_800EA41C	dup:53f53cbc5fecf21871b528b78fdd534b92720fb0	21/62	m2c	undrawn
rock_09	0x800EA554	func_800EA554	dup:04ae40ee55b5419eb8190eaebb290fd256276b38	31/42	m2c	undrawn
rock_09	0x800EA5FC	func_800EA5FC	dup:16316f5b5f30405a65a1e63ec1ab551c0727c758	0/67	m2c	undrawn
rock_09	0x800EA708	func_800EA708	dup:fac052ba61e4604b305deaba6ba5b754b32e98a3	14/18	m2c	undrawn
rock_09	0x800EA750	func_800EA750	dup:c72e32b188aa6cadade60dc275ee1487a803a746	29/31	m2c	undrawn
rock_09	0x800EA7CC	func_800EA7CC	dup:95528bd2c23332c5c4d79ea816a0966686fad8a9	14/18	m2c	undrawn
rock_09	0x800EA834	func_800EA834	dup:092b78e20e4a8e3dd6f0100e81da3d0b6b44ca35	8/19	m2c	member-of:SLUS_013.95:0x80046C64
rock_09	0x800EA880	func_800EA880	dup:f844178d270439e4a4991f456838f41f270efc89	15/76	m2c	undrawn
rock_09	0x800EA9B0	func_800EA9B0	dup:5e1307603aab113d096472b84021186f27320c09	9/105	m2c	undrawn
rock_09	0x800EABCC	func_800EABCC	dup:00302666264dc6482e3b518c196781d46eed1a4d	nocompile	m2c	undrawn
rock_09	0x800EACD0	func_800EACD0	dup:493ed5c45282d2f831c3f147c688c0ae614b68d7	17/52	m2c	undrawn
rock_09	0x800EAE1C	func_800EAE1C	dup:f851afefc569f02556d3ec23ec15caae92a10332	22/31	m2c	undrawn
rock_09	0x800EAE98	func_800EAE98	dup:4f04a87fe7b22142130e3e49c9bf12516ba3a1df	6/29	m2c	undrawn
rock_09	0x800EAF0C	func_800EAF0C	dup:091d7e680a02f56b3d35f1d93c8832711361d9c1	nocompile	m2c	undrawn
rock_09	0x800EAF88	func_800EAF88	dup:d78453aaa1779408cea3e70ceed2899260fd022e	11/19	m2c	member-of:SLUS_013.95:0x80037838
rock_09	0x800EAFD4	func_800EAFD4	dup:5c0a0aedcb2d23dcc1d264fda276ee3ea33ed0e7	6/29	m2c	undrawn
rock_09	0x800EB048	func_800EB048	dup:ccb1acb17513a25c038bb4785a574021081cd7c9	15/28	m2c	undrawn
rock_09	0x800EB0B8	func_800EB0B8	dup:f83c3bd0b9e1982cee74be4da46904743b06e378	nocompile	m2c	undrawn
rock_09	0x800EB16C	func_800EB16C	dup:5b71cc590a40e35f7736b393667d258ccb50cfe7	19/26	m2c	undrawn
rock_09	0x800EB1E4	func_800EB1E4	dup:88e552930b35bd0786ce5139ed46ad760d02d466	9/40	m2c	undrawn
rock_09	0x800EB284	func_800EB284	dup:3d82c3af21bbb95d722f3fba2cb6c1f7823838ca	10/12	m2c	member-of:SLUS_013.95:0x80042C18
rock_09	0x800EB2D4	func_800EB2D4	dup:c76bc4d7334d205bc66b21091c3d404844095045	nocompile	m2c	undrawn
rock_09	0x800EB4D4	func_800EB4D4	dup:77d296d3a928006be5d6142988abc4810d09b626	nocompile	m2c	undrawn
rock_09	0x800EB5F8	func_800EB5F8	dup:0486844fc15310f3fbd871e7aa8ab2e76d57ebba	12/50	m2c	undrawn
rock_09	0x800EB6C0	func_800EB6C0	dup:6fd30efe78a5220ebad812632aa583e1088c6c0d	nocompile	m2c	undrawn
rock_09	0x800EB7E0	func_800EB7E0	dup:456488671b77c1976ab88c81c6478b0c1d26ee4b	0/47	m2c	undrawn
rock_09	0x800EB8F0	func_800EB8F0	dup:21697f30d727463c9eda191e0bc9007e4cfd6457	7/9	m2c	member-of:SLUS_013.95:0x80049E50
rock_09	0x800EB914	func_800EB914	dup:fb9361bbbe10d4161f8025d1ca10f8e0f5b9826c	13/24	m2c	member-of:SLUS_013.95:0x80037838
rock_09	0x800EB974	func_800EB974	dup:9eee2cd9fe7234a889a30979d568c123dfdccc7a	nocompile	m2c	undrawn
rock_09	0x800EBA90	func_800EBA90	dup:fb9361bbbe10d4161f8025d1ca10f8e0f5b9826c	13/24	m2c	member-of:SLUS_013.95:0x80037838
rock_09	0x800EBAF0	func_800EBAF0	dup:fe41d874ff4f1020f991ccfcad28c01d8f5fad81	10/57	m2c	undrawn
rock_09	0x800EBBD4	func_800EBBD4	dup:aa545e7ed1b53367deb0cda028624fd298c4cea5	23/64	m2c	undrawn
rock_09	0x800EBD14	func_800EBD14	dup:fb9361bbbe10d4161f8025d1ca10f8e0f5b9826c	13/24	m2c	member-of:SLUS_013.95:0x80037838
rock_09	0x800EBD74	func_800EBD74	dup:ba3551cb9927280d42dc601587b87f81a9d8c45c	9/59	m2c	member-of:rock_09:0x800EBAF0
rock_09	0x800EBE60	func_800EBE60	dup:644389df8f35919febed4527faa536f7ceb3e388	22/65	m2c	undrawn
rock_09	0x800EBFA4	func_800EBFA4	dup:a63a8bb8146a9c0b38c684c342a6a335b89a67e4	6/89	m2c	undrawn
rock_09	0x800EC108	func_800EC108	dup:acd8250d09daedb7786ab6755f9c0a8b6218ab9c	2/101	m2c	undrawn
rock_09	0x800EC338	func_800EC338	dup:404516d3d41da670a5d411d79deec94513d1cdaf	9/18	m2c	member-of:SLUS_013.95:0x80037838
rock_09	0x800EC380	func_800EC380	dup:c21d8b683171bb3abb52a614f4c9ba83e700a7ab	14/14	m2c	plumbing:R2
rock_09	0x800EC3B8	func_800EC3B8	dup:bc52a96f81030d249add15a2a866c74dc4b409a3	11/53	m2c	undrawn
rock_09	0x800EC4C8	func_800EC4C8	dup:32f9f02b5c881815c8dadab4958a83c428324aa3	20/20	m2c	undrawn
rock_09	0x800EC518	func_800EC518	dup:b8c90aca8278ba81a040d5e540f69d3d3a0234c6	23/23	m2c	plumbing:R2
rock_09	0x800EC574	func_800EC574	dup:43d0f0508ea65d95629164a5f5457fc40fa6586c	14/20	m2c	undrawn
rock_09	0x800EC600	func_800EC600	dup:cf837a1e95d897456bcd4fbf5595990f39f7c29d	4/23	m2c	undrawn
rock_09	0x800EC6C4	func_800EC6C4	dup:d3f6549296933927fddec62b430026d215f34e17	8/27	m2c	member-of:rock_09:0x800EC600
rock_09	0x800EC798	func_800EC798	dup:c8bc57b36bd7a401794b7bd55690e8094957fa4c	nocompile	m2c	undrawn
rock_09	0x800EC8C0	func_800EC8C0	dup:551fe75c1ef02f5c219c50b96f81769024476729	14/14	m2c	plumbing:R2
rock_09	0x800EC930	func_800EC930	dup:404516d3d41da670a5d411d79deec94513d1cdaf	9/18	m2c	member-of:SLUS_013.95:0x80037838
rock_09	0x800EC978	func_800EC978	dup:07168783a7151aa2c614dd0288376c1f0217cac8	12/22	m2c	undrawn
rock_09	0x800EC9D0	func_800EC9D0	dup:9056238caab51a197711ae502fc01514f75f078d	32/40	m2c	undrawn
rock_09	0x800ECA70	func_800ECA70	dup:d7798d86256f0afdabaae73146d796ab6b1bcb4c	10/12	m2c	member-of:rock_05:0x800F2B4C
rock_09	0x800ECAA0	func_800ECAA0	dup:67d5b3a77d29bfbc0aab43038f28a2ac0525e482	23/42	m2c	undrawn
rock_09	0x800ECB84	func_800ECB84	dup:2813e9c7df47f66f66efeab008e25de92af5aed8	4/35	m2c	undrawn
rock_09	0x800ECC10	func_800ECC10	dup:01e331a933cab1cc9de64cc1c5411e32528392b8	52/58	m2c	member-of:rock_06:0x800EB4D4
rock_09	0x800ECD20	func_800ECD20	dup:4a4f0651d320d7d8e4529333967845f49b95e9fe	nocompile	m2c	undrawn
rock_09	0x800ECEF4	func_800ECEF4	dup:092b78e20e4a8e3dd6f0100e81da3d0b6b44ca35	8/19	m2c	member-of:SLUS_013.95:0x80046C64
rock_09	0x800ECF40	func_800ECF40	dup:e14575f1a13ba6165bb03f668d51674693533fd6	31/43	m2c	undrawn
rock_09	0x800ED014	func_800ED014	dup:faa94cdd4738ab45bf93b34cc42862c1a94438ad	39/40	m2c	undrawn
rock_09	0x800ED0B4	func_800ED0B4	dup:aa4c4cbdd25ae75c46ffddc86aca3748060d701e	38/54	m2c	undrawn
rock_09	0x800ED18C	func_800ED18C	unique	nocompile	m2c	undrawn
rock_09	0x800ED3E4	func_800ED3E4	dup:026804bbbc1e9fb32c0b5c09a21dedc756a7d122	7/75	m2c	undrawn
rock_09	0x800ED510	func_800ED510	unique	22/45	m2c	member-of:rock_24:0x800EE300
rock_09	0x800ED5C4	func_800ED5C4	unique	0/54	m2c	undrawn
rock_09	0x800ED69C	func_800ED69C	unique	44/54	m2c	undrawn
rock_09	0x800ED774	func_800ED774	unique	43/55	m2c	member-of:rock_24:0x800EE538
rock_09	0x800ED850	func_800ED850	unique	53/55	m2c	undrawn
rock_09	0x800ED92C	func_800ED92C	dup:df6ed446cf48e9ad791775ce63f743d15ffb0092	nocompile	m2c	member-of:rock_02:0x800F95AC
rock_09	0x800EDA70	func_800EDA70	dup:c1e89f304c574cddd3011d157424f645ecd90f7c	17/19	m2c	member-of:rock_02:0x800F96AC
rock_09	0x800EDADC	func_800EDADC	dup:739e5bc013dcc43177c9497c0cf8b4d3dac8e71e	nocompile	m2c	member-of:rock_02:0x800E9C20
rock_09	0x800EDC64	func_800EDC64	dup:bec4b333e7378010ad7c616c0768a707c3b10228	12/102	m2c	member-of:rock_05:0x800EA750
rock_09	0x800EDDFC	func_800EDDFC	dup:4c9b9555ecee728a5db26b8ca1b5c30581c4cdd3	24/31	m2c	member-of:rock_05:0x800EA8E8
rock_09	0x800EDE98	func_800EDE98	dup:3f1fbe652c05aedf057246d0ef6d26303079637f	37/37	m2c	plumbing:R2
rock_09	0x800EDF2C	func_800EDF2C	dup:fc8e51cf3b2fc11d9ed097330e2fd6ec3c572efd	25/35	m2c	member-of:rock_05:0x800EAA18
rock_09	0x800EDFB8	func_800EDFB8	dup:b633c7e54462e26495ec965080ab69cdcf1c0029	2/14	m2c	member-of:rock_05:0x800EAAA4
rock_09	0x800EDFF0	func_800EDFF0	dup:8c4e4dbfa3d93698bd3f38d879f52eecd7b7ce70	5/19	m2c	member-of:rock_05:0x800EAADC
rock_09	0x800EE03C	func_800EE03C	dup:8001ff578f5b81c10f8f45efd5b3f233b298222f	nocompile	m2c	undrawn
rock_09	0x800EE150	func_800EE150	dup:019b1ca320c9e20f89bafd9531b2eec40ee4512d	nocompile	m2c	undrawn
rock_09	0x800EE27C	func_800EE27C	dup:9533d0178e8d21fae9ae681071a51a7d91801305	11/45	m2c	undrawn
rock_09	0x800EE330	func_800EE330	dup:23e4607ab3d5dd90155b40c2271c95b7262cd26c	28/67	m2c	jtbl-uncarved
rock_09	0x800EE43C	func_800EE43C	dup:092b78e20e4a8e3dd6f0100e81da3d0b6b44ca35	8/19	m2c	member-of:SLUS_013.95:0x80046C64
rock_09	0x800EE4C4	func_800EE4C4	dup:072f732a80f7157f5459418693fb4ca8669772d1	17/28	m2c	member-of:SLUS_013.95:0x80037838
rock_09	0x800EE554	func_800EE554	dup:45fa9bb77d1e370fbcd4deeb09f690d79b684ebf	21/21	m2c	plumbing:R2
rock_09	0x800EE5A8	func_800EE5A8	dup:feedf5f73576ca0ff726e97ad21779ce86d98277	27/32	m2c	member-of:rock_14:0x800EC8E8
rock_09	0x800EE698	func_800EE698	dup:16a5bd9a915357a70b5296077e43f352535309b1	8/13	m2c	member-of:SLUS_013.95:0x80041FB0
rock_09	0x800EE6CC	func_800EE6CC	dup:7e08d2c652bbc1d589366a114c1546da9820a1d2	7/31	m2c	undrawn
rock_09	0x800EE7C8	func_800EE7C8	dup:91f465a867a305f60bb60a7a4de69851663711b0	44/46	m2c	undrawn
rock_09	0x800EE880	func_800EE880	dup:e22f47e0a8bc50232ecb9b55dbdc15bbc2dffc4d	13/21	m2c	undrawn
rock_09	0x800EE8D4	func_800EE8D4	dup:9ff9d9351d2c5f5ac1112c87028a72156ff7d27c	18/24	m2c	member-of:rock_09:0x800EE880
rock_09	0x800EE934	func_800EE934	dup:76d90a83ca68029a289593d059cc5a7436e23089	17/17	m2c	plumbing:R2
rock_09	0x800EE978	func_800EE978	dup:590ed0325c72277467183ee61d9754ac680efcd0	11/19	m2c	member-of:SLUS_013.95:0x80037838
rock_09	0x800EE9E4	func_800EE9E4	dup:0d72fd7bfd030ee99880a6d91779875f862eb0e2	nocompile	m2c	member-of:rock_04:0x800EF738
rock_09	0x800EECCC	func_800EECCC	dup:7c6edb8860751412a2e2cf539244188467ee9cae	nocompile	m2c	member-of:rock_04:0x800EFA20
rock_09	0x800EEF04	func_800EEF04	dup:33eaee9d25ff52fbbe9ada2039f8e3a9d40daa7b	nocompile	m2c	member-of:rock_04:0x800EFC58
rock_09	0x800EF004	func_800EF004	dup:3841861bc21ec5a06e7fe26f058b170fac036262	12/23	m2c	member-of:SLUS_013.95:0x80037838
rock_09	0x800EF060	func_800EF060	dup:747eda65c62f3222604d59aa97e43a9f3fc24fd0	41/49	m2c	member-of:rock_04:0x800EFDB4
rock_09	0x800EF124	func_800EF124	dup:0a22b332cb216ef9247f8a036b8608681d1b5c0a	3/30	m2c	member-of:rock_04:0x800EFE78
rock_09	0x800EF218	func_800EF218	dup:13474c65eb76b70c122722f4cea4b03e35d180de	11/19	m2c	member-of:rock_04:0x800EFF6C
rock_09	0x800EF284	func_800EF284	dup:aca1e75e14f5e2b746e9e5d7e613c627d466d1e8	31/124	m2c	member-of:rock_03:0x800EE154
rock_09	0x800EF474	func_800EF474	dup:dbce94ba2d7880015e09dd31f5ed9535d7def2fb	10/138	m2c	member-of:rock_03:0x800EE344
rock_09	0x800EF69C	func_800EF69C	dup:38e1a722ce8eb22c0c91e96517429c593bfa9d95	8/16	m2c	member-of:SLUS_013.95:0x80046C64
rock_09	0x800EF6FC	func_800EF6FC	dup:4fc8070591fd9a06eff8c2195697391c0fdeecfa	nocompile	m2c	member-of:rock_03:0x800EE5CC
rock_09	0x800EF83C	func_800EF83C	dup:4cd98244d4741a887d83aad5bc1b95e41e40c799	8/61	m2c	member-of:rock_03:0x800EE70C
rock_09	0x800EF930	func_800EF930	dup:6cfe69b134fca0da9387740a4baf7b9324a0384d	5/49	m2c	member-of:rock_03:0x800EE800
rock_09	0x800EF9F4	func_800EF9F4	dup:0879b0f12d4ce2e74a4f129bab33c0f05c066aee	24/64	m2c	member-of:rock_03:0x800EE8C4
rock_09	0x800EFAF4	func_800EFAF4	dup:1a5ce432eb545609fe124eb8aa7c88af1a3f1f23	nocompile	m2c	member-of:rock_03:0x800EE9C4
rock_09	0x800EFEE8	func_800EFEE8	dup:74209d184787cdeec90bea748dad844603e15e7c	11/67	m2c	member-of:rock_03:0x800EEDB8
rock_09	0x800EFFF4	func_800EFFF4	dup:9f9117540cf8878b2d76d0d98987edfffacdf368	11/19	m2c	member-of:SLUS_013.95:0x80037838
rock_09	0x800F0040	func_800F0040	dup:2b33bdebb477f9017e80b329c788b6d92785643c	18/31	m2c	member-of:rock_03:0x800EEF10
rock_09	0x800F00FC	func_800F00FC	dup:97d1967fbc708ac8624496a9d9a33bf9a4e7b621	13/30	m2c	member-of:rock_03:0x800EEFCC
rock_09	0x800F0274	func_800F0274	dup:72f94f54b002399bd41a2c846b5ac3a8709ba00d	5/41	m2c	member-of:rock_03:0x800EF1E8
rock_09	0x800F0318	func_800F0318	dup:7f609683839dda03945cd9ba95a9bfca6374019e	5/37	m2c	member-of:rock_03:0x800EF1E8
rock_09	0x800F03AC	func_800F03AC	dup:aafd27c4fa0a1e2ab62d01d8f409d878f2203b53	1/26	m2c	member-of:rock_03:0x800EF27C
rock_09	0x800F0434	func_800F0434	dup:8a6074233c973660e346c458e95bcbb49bb9f93a	nocompile	m2c	undrawn
rock_09	0x800F06B4	func_800F06B4	dup:164417c45c561675c239b11f6cc0b705a94815be	2/151	m2c	undrawn
rock_09	0x800F0910	func_800F0910	dup:741f7d5b5164d41d0b8ee06a2e9bdf87d4932320	13/223	m2c	undrawn
rock_09	0x800F0C8C	func_800F0C8C	dup:0ff88bdc29174d5b73236a97c620974e05e63958	42/74	m2c	undrawn
rock_09	0x800F0DB4	func_800F0DB4	dup:57fd48b53546fde6a62191487f11b0923128b2b6	5/73	m2c	undrawn
rock_09	0x800F0ED8	func_800F0ED8	dup:0acdd4465f19e1073a534bc9f3aba4e8f0581bb3	2/49	m2c	undrawn
rock_09	0x800F0F9C	func_800F0F9C	dup:ff22c06bbba8ac7c61ba5ea31a61233276d292e2	4/50	m2c	undrawn
rock_09	0x800F1064	func_800F1064	dup:851c4a17366ad478b15b6e42510524713d90b502	16/56	m2c	undrawn
rock_09	0x800F1144	func_800F1144	dup:3015e9f4c092e52b782b272449f1f6266140176e	33/80	m2c	member-of:rock_09:0x800F1284
rock_09	0x800F1284	func_800F1284	dup:e71523e36ee6e0bb23ca400657931911bac2b402	23/70	m2c	undrawn
rock_09	0x800F139C	func_800F139C	dup:b43c1c586f7c38e67229336eeadacea439c2440f	19/78	m2c	member-of:rock_04:0x800F18C4
rock_09	0x800F14D4	func_800F14D4	dup:22e311066dc99abc6cc01294a5712ab1d30e9fe8	nocompile	m2c	jtbl-uncarved
rock_09	0x800F17AC	func_800F17AC	dup:d67bcee212aab19a676d0a06d6ed72013ed82595	nocompile	m2c	undrawn
rock_09	0x800F1900	func_800F1900	family:9f1e38377d05c4ae3c176497dfac6f5569b72ab2	nocompile	m2c	undrawn
rock_09	0x800F217C	func_800F217C	dup:98229f5805bd7ce332dda1939390e84d685b6d92	2/115	m2c	undrawn
rock_09	0x800F2348	func_800F2348	dup:c09fada305ab6413af564d233facf0fdf039abe1	84/141	m2c	undrawn
rock_09	0x800F257C	func_800F257C	dup:87e28506d6ab829a694986607f9d57c150b385b2	4/136	m2c	undrawn
rock_09	0x800F279C	func_800F279C	dup:eb2df606157a3fd3e63a74d33a5656890dacaace	28/115	m2c	undrawn
rock_09	0x800F2968	func_800F2968	dup:b3103fb1ac150d0a515bbb0e9e58a2938142efbd	20/109	m2c	member-of:rock_09:0x800F2C7C
rock_09	0x800F2B1C	func_800F2B1C	dup:1ff5b0a0666bdb9ede19cd387e6623650777adb3	24/88	m2c	undrawn
rock_09	0x800F2C7C	func_800F2C7C	dup:adccdf825f38c88975ca04da827b5b872d52dfb1	1/105	m2c	undrawn
rock_09	0x800F2E20	func_800F2E20	dup:fb9361bbbe10d4161f8025d1ca10f8e0f5b9826c	13/24	m2c	member-of:SLUS_013.95:0x80037838
rock_09	0x800F2F5C	func_800F2F5C	dup:b9d36d334ebdc21e579e4032a1359b7ecbca17fa	36/46	m2c	undrawn
rock_09	0x800F3014	func_800F3014	dup:cecba045557fcb56e814c4e22b6dce447d7e020e	8/57	m2c	undrawn
rock_09	0x800F30F8	func_800F30F8	dup:4bc93168e37d0f6482f59a6e3c52de5d8bef6d94	21/25	m2c	member-of:rock_03:0x800F44A4
rock_09	0x800F315C	func_800F315C	dup:897008b4777fdcf3097a7a48e934de6573221d2a	7/49	m2c	undrawn
rock_09	0x800F3220	func_800F3220	dup:0f65e9d895aa4ef0c5a30cfd1602f2b2f9743740	29/36	m2c	undrawn
rock_09	0x800F32B0	func_800F32B0	dup:5f0fe92be6b8db7d08a708813cbe8d81eece1777	44/52	m2c	undrawn
rock_09	0x800F3380	func_800F3380	dup:69d1a5480d84f493b6318786d71decb181b02c15	17/25	m2c	member-of:SLUS_013.95:0x80037838
rock_09	0x800F33EC	func_800F33EC	dup:69d1a5480d84f493b6318786d71decb181b02c15	17/25	m2c	member-of:SLUS_013.95:0x80037838
rock_09	0x800F3450	func_800F3450	dup:5c2db159f5a34d877299c1078828f1eb9c6abc64	16/18	m2c	undrawn
rock_09	0x800F3498	func_800F3498	dup:c21138e9f6f22e202cbd64fba0f934b855012176	nocompile	m2c	undrawn
rock_09	0x800F3578	func_800F3578	dup:206b0b85105194529112a19e86f2fa7d24bb40d0	2/25	m2c	undrawn
rock_09	0x800F35DC	func_800F35DC	dup:69d1a5480d84f493b6318786d71decb181b02c15	17/25	m2c	member-of:SLUS_013.95:0x80037838
rock_09	0x800F3640	func_800F3640	dup:1acc8e6b64ff849a95d4e82966dd281d05a260db	22/27	m2c	undrawn
rock_09	0x800F36AC	func_800F36AC	dup:b09ac1df7a13fc947693bb2850d4585af0e3e634	25/28	m2c	member-of:rock_09:0x800F3640
rock_09	0x800F371C	func_800F371C	dup:5662956dca302cc35d08f6c0e55fb47149543c67	24/44	m2c	member-of:rock_09:0x800F3DF0
rock_09	0x800F3870	func_800F3870	dup:48b976d3d6f924427253a0ec3f802a8e4ef2c68e	2/11	m2c	undrawn
rock_09	0x800F398C	func_800F398C	dup:c1ff675b352992a40e4c24171566bf1ca734b5c2	30/34	m2c	undrawn
rock_09	0x800F3A14	func_800F3A14	dup:f5f0fa0583ede70bb53901df4ada7fba695e19d4	16/17	m2c	undrawn
rock_09	0x800F3A58	func_800F3A58	dup:af1a8f42a01ab5837b367d820524612242384f35	9/36	m2c	undrawn
rock_09	0x800F3AE8	func_800F3AE8	dup:8f59e713834915ad0f5e853a827d01bee2a8ef63	5/26	m2c	undrawn
rock_09	0x800F3BC0	func_800F3BC0	dup:4f9b1e88d3561abbf4b0924f226b7ece6b255f9b	5/33	m2c	undrawn
rock_09	0x800F3CB0	func_800F3CB0	dup:69d1a5480d84f493b6318786d71decb181b02c15	17/25	m2c	member-of:SLUS_013.95:0x80037838
rock_09	0x800F3D14	func_800F3D14	dup:e91d1628f6d7b3e28bd8ba86818a599b07af19e3	22/27	m2c	member-of:rock_09:0x800F3640
rock_09	0x800F3D80	func_800F3D80	dup:b09ac1df7a13fc947693bb2850d4585af0e3e634	25/28	m2c	member-of:rock_09:0x800F3640
rock_09	0x800F3DF0	func_800F3DF0	dup:98b214f887a15df40d8232eecb5936e8299a2606	24/39	m2c	undrawn
rock_09	0x800F3EE0	func_800F3EE0	dup:bf7a63ecc9f9d66c3ec5ecc062138773a176c9ef	7/31	m2c	undrawn
rock_09	0x800F3F5C	func_800F3F5C	dup:19ca55179aa2ca0b87f72de86827eeb4314bbaa7	32/34	m2c	member-of:rock_09:0x800F398C
rock_09	0x800F3FE4	func_800F3FE4	dup:8c6140e515ce86d68b7143ac88b34fd300fb8a58	16/17	m2c	member-of:rock_09:0x800F3A14
rock_09	0x800F4028	func_800F4028	dup:af1a8f42a01ab5837b367d820524612242384f35	9/36	m2c	member-of:rock_09:0x800F3A58
rock_09	0x800F40B8	func_800F40B8	dup:69d1a5480d84f493b6318786d71decb181b02c15	17/25	m2c	member-of:SLUS_013.95:0x80037838
rock_09	0x800F411C	func_800F411C	dup:5f496c88f99982d2e00f5f3c17103a98ae2f7d67	22/27	m2c	member-of:rock_09:0x800F3640
rock_09	0x800F4188	func_800F4188	dup:b09ac1df7a13fc947693bb2850d4585af0e3e634	25/28	m2c	member-of:rock_09:0x800F3640
rock_09	0x800F41F8	func_800F41F8	dup:98b214f887a15df40d8232eecb5936e8299a2606	24/39	m2c	member-of:rock_09:0x800F3DF0
rock_09	0x800F42E8	func_800F42E8	dup:bf7a63ecc9f9d66c3ec5ecc062138773a176c9ef	7/31	m2c	member-of:rock_09:0x800F3EE0
rock_09	0x800F4364	func_800F4364	dup:19ca55179aa2ca0b87f72de86827eeb4314bbaa7	32/34	m2c	member-of:rock_09:0x800F398C
rock_09	0x800F43EC	func_800F43EC	dup:8c6140e515ce86d68b7143ac88b34fd300fb8a58	16/17	m2c	member-of:rock_09:0x800F3A14
rock_09	0x800F4430	func_800F4430	dup:af1a8f42a01ab5837b367d820524612242384f35	9/36	m2c	member-of:rock_09:0x800F3A58
rock_09	0x800F44C0	func_800F44C0	dup:69d1a5480d84f493b6318786d71decb181b02c15	17/25	m2c	member-of:SLUS_013.95:0x80037838
rock_09	0x800F4524	func_800F4524	dup:c83c2587e2e7b77068f4fc2fcbb4c1f9419fc66e	38/39	m2c	undrawn
rock_09	0x800F45C0	func_800F45C0	dup:eb4cd5999eddd1245684243d8a79a246393513df	2/14	m2c	undrawn
rock_09	0x800F462C	func_800F462C	dup:8a141eaee8ea42b929a54fca5f517446d973993d	6/24	m2c	undrawn
rock_09	0x800F468C	func_800F468C	dup:aa3f0e8372dbc814bf6e3d0f7e8d1da29d8fa08f	2/25	m2c	member-of:rock_09:0x800F3578
rock_09	0x800F472C	func_800F472C	dup:b532e0b0b619462e669d28714a859287bee75102	23/29	m2c	undrawn
rock_09	0x800F47A0	func_800F47A0	dup:8e24e12924fcc3a2394f5b9331f0fc03fef6f8fb	10/64	m2c	member-of:rock_22:0x800F8ECC
rock_09	0x800F48A0	func_800F48A0	dup:8159f518c1668fb14df175752280e37304a52963	2/58	m2c	undrawn
rock_09	0x800F49C8	func_800F49C8	dup:afa9425272de1777f2b88374d9593bf9e2ca5b98	41/42	m2c	undrawn
rock_10	0x800E9E88	func_800E9E88	unique	2/26	m2c	undrawn
rock_10	0x800E9EF0	func_800E9EF0	unique	7/10	m2c	undrawn
rock_10	0x800E9F18	func_800E9F18	unique	nocompile	m2c	undrawn
rock_10	0x800EA068	func_800EA068	x4	29/29	m2c	undrawn
rock_10	0x800EA0DC	func_800EA0DC	x4	16/16	m2c	plumbing:R2
rock_10	0x800EA13C	func_800EA13C	dup:30b8b2385baf03b7f06cc25824f9755cef915eec	nocompile	m2c	undrawn
rock_10	0x800EA4CC	func_800EA4CC	dup:336352b3624c4742754869945edccebb3855d63c	3/97	m2c	undrawn
rock_10	0x800EA650	func_800EA650	dup:8c4979a0cfeb1e27a98b7b2e0adaf1ad4c70d407	nocompile	m2c	undrawn
rock_10	0x800EA7C8	func_800EA7C8	dup:2d7b36afb472798e785aabbf154000ed0f6b45c9	nocompile	m2c	undrawn
rock_10	0x800EAA00	func_800EAA00	dup:f7ad3a8dedf6382ac603a2edd9e4f1d494e31cf0	nocompile	m2c	undrawn
rock_10	0x800EABD8	func_800EABD8	dup:e2823f3a6ab1661127c4a6dc7e52dda5db2a3fd8	nocompile	m2c	jtbl-uncarved
rock_10	0x800EADA8	func_800EADA8	dup:d77df8d6dc0f5eb5a1a45395d8921128bd949b2c	7/96	m2c	jtbl-uncarved
rock_10	0x800EAF28	func_800EAF28	dup:5c0a23e24cbcfb8953b6de424f5aa77ed86c5410	nocompile	m2c	undrawn
rock_10	0x800EB0F0	func_800EB0F0	dup:602e6214b1b20e7ec023e947fb63924ede86dbf0	nocompile	m2c	member-of:rock_10:0x800EB734
rock_10	0x800EB734	func_800EB734	dup:ffa57bceec24110556da9d225fe9cdc0f7e72022	nocompile	m2c	undrawn
rock_10	0x800EBCD8	func_800EBCD8	dup:a5fa341daa30585e3bb0cfef0c364ca227a74750	nocompile	m2c	jtbl-uncarved
rock_10	0x800EC970	func_800EC970	dup:ec0ef8323b363caa5ce56428146c7e6c9e8d5d44	14/18	m2c	undrawn
rock_10	0x800EC9B8	func_800EC9B8	dup:ecf3342b6d77d473dcfe1c5966b538e95481c40b	28/41	m2c	undrawn
rock_10	0x800ECA5C	func_800ECA5C	dup:855ec1df6f035e99baed24daf142700850ea7cdf	30/41	m2c	undrawn
rock_10	0x800ECB00	func_800ECB00	dup:3250d632c2b4b533a3bc60687d939944d3943d7a	5/15	m2c	member-of:SLUS_013.95:0x80042214
rock_10	0x800ECB90	func_800ECB90	dup:263f4891959880ab6287a178806b5b61afd7a8fd	7/21	m2c	member-of:rock_00:0x801F3640
rock_10	0x800ECC10	func_800ECC10	dup:8cebceb7e09cf535b027efc5bc961c2065b6a764	10/10	m2c	undrawn
rock_10	0x800ECC74	func_800ECC74	dup:778c51adcc261c5a3a1b380e952edaaa9f033b11	29/51	m2c	undrawn
rock_10	0x800ECDB0	func_800ECDB0	dup:97651806a12bcc673bc690e0bccb9c3d0b02b710	8/15	m2c	undrawn
rock_10	0x800ECDF4	func_800ECDF4	dup:ef73a50fcb64e184871bf7181623105c01ab7430	7/24	m2c	undrawn
rock_10	0x800ECEE4	func_800ECEE4	dup:c0310f60419cc3fb0ee1e864dffad10dc30ca19a	nocompile	m2c	undrawn
rock_10	0x800ED014	func_800ED014	dup:cc2c363673c5c893b85b4735c8899c10ff83a3d2	1/22	m2c	undrawn
rock_10	0x800ED0AC	func_800ED0AC	dup:a3188e972be5e7ba778460794e1de417dc96ff3d	0/72	m2c	undrawn
rock_10	0x800ED1CC	func_800ED1CC	dup:62c2970f9acd8f1c0fc818122cf6dfa1eff1c9df	5/47	m2c	jtbl-uncarved
rock_10	0x800ED2B0	func_800ED2B0	dup:ac656ba17da00cb665f5eb25bfd3eda0db855026	5/21	m2c	undrawn
rock_10	0x800ED360	func_800ED360	dup:598797265c2d1d0244374829179ed0bd25ea5360	nocompile	m2c	member-of:rock_02:0x800F95AC
rock_10	0x800ED460	func_800ED460	dup:46f673eac371fd787e85b031b929b7b9a372d5dd	17/19	m2c	member-of:rock_02:0x800F96AC
rock_10	0x800ED4CC	func_800ED4CC	dup:3dc8f76edd59a0a00c77958edb0be3b1ff8b02d5	nocompile	m2c	member-of:rock_02:0x800EC11C
rock_10	0x800ED668	func_800ED668	dup:121f11a174162ac86a75688a191e4cceecdee613	nocompile	m2c	member-of:rock_02:0x800EC2B8
rock_10	0x800ED834	func_800ED834	dup:eb9bd934010ff42a1f660be0bb4bcc90ed90af8b	nocompile	m2c	member-of:rock_02:0x800EC484
rock_10	0x800ED9F0	func_800ED9F0	dup:3c7aad723884df3265673e7b43ca78f79c143fea	nocompile	m2c	member-of:rock_02:0x800EC640
rock_10	0x800EDB34	func_800EDB34	dup:e68c05833e333fe8805e9efe480600911efef9b8	20/49	m2c	member-of:rock_02:0x800EC784
rock_10	0x800EDBF8	func_800EDBF8	dup:c0fe93549d8b393ed381dc6837e8880721bfbb33	nocompile	m2c	jtbl-uncarved
rock_10	0x800EDD78	func_800EDD78	dup:2c0c3bfd417a3625e6188467653d05aa5a570d8c	nocompile	m2c	jtbl-uncarved
rock_10	0x800EDE10	func_800EDE10	dup:af239b6cf6fab26aa48c23b19c1352389f4918fb	nocompile	m2c	member-of:rock_02:0x800ECA60
rock_10	0x800EE0A0	func_800EE0A0	dup:eddaec1abe0747887e78b34ffa0c36e37ef32a2f	nocompile	m2c	member-of:rock_02:0x800ECCF0
rock_10	0x800EE328	func_800EE328	dup:f963924baef29b66318d53e3f57b045b983cf57e	1/73	m2c	member-of:rock_02:0x800ECF78
rock_10	0x800EE44C	func_800EE44C	dup:681f19e63defd1bfa95e27b7143581e4f2b3b0a7	51/54	m2c	member-of:rock_02:0x800ED09C
rock_10	0x800EE5A8	func_800EE5A8	dup:85e8100d55936f7112b4c230e6bb6d66b9ebc803	24/25	m2c	member-of:rock_02:0x800ED1F8
rock_10	0x800EE60C	func_800EE60C	dup:a6e79c949180f6c50b2b3c9650945314517ab2b8	20/23	m2c	member-of:rock_02:0x800ED25C
rock_10	0x800EE6A4	func_800EE6A4	dup:327f58c0753afe156aa464b5c67385d099b1f987	27/31	m2c	member-of:rock_02:0x800ED2F4
rock_10	0x800EE720	func_800EE720	dup:0de043eb011495b64acf69985dc05595fefbed6f	22/25	m2c	member-of:rock_02:0x800ED25C
rock_10	0x800EE784	func_800EE784	dup:d78453aaa1779408cea3e70ceed2899260fd022e	11/19	m2c	member-of:SLUS_013.95:0x80037838
rock_10	0x800EE7D0	func_800EE7D0	dup:33bd38b37182d8727a7409516bc1ce166c3ad59a	nocompile	m2c	member-of:rock_02:0x800ED420
rock_10	0x800EE848	func_800EE848	dup:b51be65f31c0447c2d29d3ec1a3aa8b6269a0613	nocompile	m2c	member-of:rock_02:0x800ED498
rock_10	0x800EE8D0	func_800EE8D0	dup:906fe9ad3443a49bee971e3401d1004a3b87e1e5	nocompile	m2c	member-of:rock_02:0x800ED520
rock_10	0x800EE940	func_800EE940	dup:d78453aaa1779408cea3e70ceed2899260fd022e	11/19	m2c	member-of:SLUS_013.95:0x80037838
rock_10	0x800EE98C	func_800EE98C	dup:33b468e08a9755824842aacd1d9836340a6cb00f	nocompile	m2c	member-of:rock_02:0x800ED5DC
rock_10	0x800EEA2C	func_800EEA2C	dup:ac47fa83c4201004095b0f6b389e59c94eebf2a6	nocompile	m2c	member-of:rock_02:0x800ED67C
rock_10	0x800EEB68	func_800EEB68	dup:be9839e079ddb5ee5645ebcfb9190469b845356f	9/24	m2c	member-of:rock_02:0x800ED7B8
rock_10	0x800EEC30	func_800EEC30	dup:0565770c6716d04ca8277154008a74f0bca73283	6/16	m2c	member-of:rock_02:0x800ED880
rock_10	0x800EEC9C	func_800EEC9C	dup:54443c627831cb12d8f780a4f48cca752e433f0d	29/37	m2c	member-of:rock_02:0x800ED8EC
rock_10	0x800EEDB4	func_800EEDB4	dup:66cada2b5ace48e4fdda8171b5b528324e9b4ed8	21/30	m2c	member-of:rock_02:0x800EDA04
rock_10	0x800EEE84	func_800EEE84	dup:e2b16dfb73d236a587330d3ae09d915d5e844d05	25/29	m2c	member-of:rock_02:0x800EDAD4
rock_10	0x800EEEF8	func_800EEEF8	dup:2c409c3e750b23ef38f1eb91ad51ba535fd7bd1e	22/27	m2c	member-of:rock_00:0x801EBBEC
rock_10	0x800EEF64	func_800EEF64	dup:9178294124148be490e5c68d79020bb839872097	15/46	m2c	member-of:rock_02:0x800EDBB4
rock_10	0x800EF044	func_800EF044	dup:092b78e20e4a8e3dd6f0100e81da3d0b6b44ca35	8/19	m2c	member-of:SLUS_013.95:0x80046C64
rock_10	0x800EF090	func_800EF090	dup:7ce572c2f092152843edffa9b7486accb1c1db88	22/24	m2c	member-of:rock_02:0x800EDCE0
rock_10	0x800EF110	func_800EF110	dup:4fc8070591fd9a06eff8c2195697391c0fdeecfa	nocompile	m2c	member-of:rock_03:0x800EE5CC
rock_10	0x800EF250	func_800EF250	dup:4cd98244d4741a887d83aad5bc1b95e41e40c799	8/61	m2c	member-of:rock_03:0x800EE70C
rock_10	0x800EF344	func_800EF344	dup:6cfe69b134fca0da9387740a4baf7b9324a0384d	5/49	m2c	member-of:rock_03:0x800EE800
rock_10	0x800EF408	func_800EF408	dup:0879b0f12d4ce2e74a4f129bab33c0f05c066aee	24/64	m2c	member-of:rock_03:0x800EE8C4
rock_10	0x800EF508	func_800EF508	dup:1a5ce432eb545609fe124eb8aa7c88af1a3f1f23	nocompile	m2c	member-of:rock_03:0x800EE9C4
rock_10	0x800EF8FC	func_800EF8FC	dup:74209d184787cdeec90bea748dad844603e15e7c	11/67	m2c	member-of:rock_03:0x800EEDB8
rock_10	0x800EFA08	func_800EFA08	dup:9f9117540cf8878b2d76d0d98987edfffacdf368	11/19	m2c	member-of:SLUS_013.95:0x80037838
rock_10	0x800EFA54	func_800EFA54	dup:2b33bdebb477f9017e80b329c788b6d92785643c	18/31	m2c	member-of:rock_03:0x800EEF10
rock_10	0x800EFB10	func_800EFB10	dup:97d1967fbc708ac8624496a9d9a33bf9a4e7b621	13/30	m2c	member-of:rock_03:0x800EEFCC
rock_10	0x800EFC88	func_800EFC88	dup:72f94f54b002399bd41a2c846b5ac3a8709ba00d	5/41	m2c	member-of:rock_03:0x800EF1E8
rock_10	0x800EFD2C	func_800EFD2C	dup:7f609683839dda03945cd9ba95a9bfca6374019e	5/37	m2c	member-of:rock_03:0x800EF1E8
rock_10	0x800EFDC0	func_800EFDC0	dup:aafd27c4fa0a1e2ab62d01d8f409d878f2203b53	1/26	m2c	member-of:rock_03:0x800EF27C
rock_10	0x800EFE48	func_800EFE48	dup:84b7987c43b11cf1ef3490a62510b82312d2fff9	nocompile	m2c	undrawn
rock_10	0x800F006C	func_800F006C	dup:d457247f8d672e5d43ac19479e5b62c874987ef3	nocompile	m2c	undrawn
rock_10	0x800F0258	func_800F0258	dup:64f56cacbc361b4287ab2a66abfd995350afebb5	22/104	m2c	undrawn
rock_10	0x800F0434	func_800F0434	dup:7e98e0cffd71ae6f09409e2bee990d8e1b8ff600	27/27	m2c	plumbing:R2
rock_10	0x800F0534	func_800F0534	dup:ceb2f6cd3b07de7d6c548b4f15e06c85e0b1a7ac	9/15	m2c	member-of:rock_07:0x800ED0F0
rock_10	0x800F0570	func_800F0570	dup:748ab7c5a9e9f723bc8a5a096186b01c4126036b	19/31	m2c	member-of:rock_07:0x800EC640
rock_10	0x800F05EC	func_800F05EC	dup:e9e592ba6319a19b671258f022e95e53bea91930	2/23	m2c	undrawn
rock_10	0x800F0684	func_800F0684	dup:63016fe5cc34bff28f3d149f409a18f34f837c6c	9/13	m2c	member-of:rock_07:0x800ED0F0
rock_10	0x800F06B8	func_800F06B8	dup:2b49e3a5d7b6e6a09b005e39a0d74aaea02fd75a	16/22	m2c	undrawn
rock_10	0x800F0710	func_800F0710	dup:e41836a1303a626e051431e97af4e6730bba5b71	8/11	m2c	member-of:rock_10:0x800ECC10
rock_10	0x800F0778	func_800F0778	dup:cb47d1ded758f5a9b2944af59d0c64ac805e5019	9/13	m2c	member-of:rock_07:0x800ED0F0
rock_10	0x800F07F4	func_800F07F4	dup:8425531e19dfa7fd579c1f5e7e371bc8bb6be37c	25/45	m2c	undrawn
rock_10	0x800F08A8	func_800F08A8	dup:f8485a0ee43217309f6264b534c3ce16b342b0fd	7/21	m2c	member-of:rock_00:0x801F3640
rock_10	0x800F09A0	func_800F09A0	dup:002132255ceca8775b2eac2fbdcaa327bfbeebb3	0/9	m2c	jtbl-uncarved
rock_10	0x800F0A00	func_800F0A00	dup:2e43f9c2cc5e1823b880ae485b2f45d95a183686	23/45	m2c	undrawn
rock_10	0x800F0AB4	func_800F0AB4	dup:376ef0ee64ed11e8f0f8176d8fbc47da8e4d17bb	53/55	m2c	member-of:rock_06:0x800EB4D4
rock_10	0x800F0BB0	func_800F0BB0	dup:ca2c18c183a39afe1700fa3fae9f5e0ac099f194	nocompile	m2c	member-of:rock_04:0x800ED3A4
rock_10	0x800F1014	func_800F1014	dup:5758981aca9f3c6e6a4c407b75accbda8fcf16a8	nocompile	m2c	jtbl-uncarved
rock_10	0x800F1374	func_800F1374	dup:ee0858fef9555f18ba955aa03a3a019fb19632a4	nocompile	m2c	member-of:rock_07:0x800F0CF4
rock_10	0x800F1748	func_800F1748	dup:537c25db7287c5a0566c4dfc10192e7c82cde399	17/79	m2c	member-of:rock_06:0x800EA704
rock_10	0x800F1884	func_800F1884	dup:b62bb9224f489a693b0fda3cfdcd2c58b4bb03ee	nocompile	m2c	member-of:rock_06:0x800EA840
rock_10	0x800F1A24	func_800F1A24	dup:6827a9ba4801640881f3f25409e78cc22db1b7fc	22/123	m2c	member-of:rock_06:0x800EA9E0
rock_10	0x800F1C10	func_800F1C10	dup:ed3589eb1982eb71b7b530788f20a3764935cf99	nocompile	m2c	member-of:rock_06:0x800EABCC
rock_10	0x800F1D4C	func_800F1D4C	dup:18456df14b7930c0068a8c57d4cd79e9b7bbaefd	1/80	m2c	member-of:rock_06:0x800EAD08
rock_10	0x800F1E8C	func_800F1E8C	dup:94b6bb00e15b115aa6f9afbe11b3d9ffa824e1fe	30/83	m2c	member-of:rock_06:0x800EAE48
rock_10	0x800F2014	func_800F2014	dup:c27e254a2e0b2749fd75846b77094fa1c981821c	38/40	m2c	member-of:rock_06:0x800EAFD0
rock_10	0x800F20B4	func_800F20B4	dup:50c6b6b1674f079cbf013a5f048e2dafb84129a1	35/39	m2c	member-of:rock_06:0x800EB070
rock_10	0x800F22FC	func_800F22FC	dup:322c6b593a060f5fb8cb216df5f385096783eb88	38/58	m2c	member-of:rock_06:0x800EB2B8
rock_10	0x800F2460	func_800F2460	dup:9e25552ae220f6cbfac9352ec935aa890a7e3e28	21/46	m2c	member-of:rock_06:0x800EB41C
rock_10	0x800F2518	func_800F2518	dup:bfe342a20ad06fcaa35a4ef882a0d3fb5292b7de	1/50	m2c	member-of:rock_06:0x800EB4D4
rock_10	0x800F2600	func_800F2600	dup:abeed4d7feb791d88917f652af4f8bcf02ab0673	25/77	m2c	jtbl-uncarved
rock_10	0x800F2734	func_800F2734	dup:8beae2834d426f96fd9c41b70491f5e42d32fcbd	nocompile	m2c	member-of:rock_06:0x800ECBEC
rock_10	0x800F29BC	func_800F29BC	dup:6efef8ac479fd00d69c41bea25735a315987cc9b	nocompile	m2c	member-of:rock_06:0x800ECE74
rock_10	0x800F2BE4	func_800F2BE4	dup:93a87e47ae76fd4348d83209b06e553afdc6611f	nocompile	m2c	member-of:rock_06:0x800ED09C
rock_10	0x800F35F8	func_800F35F8	dup:b11fc08eaa32f19756187c3ba60b2dcabc8d5d4a	nocompile	m2c	member-of:rock_06:0x800EDAB0
rock_10	0x800F37E4	func_800F37E4	dup:b59a82de8b65584308d31f5d5f0102186405bd6f	54/237	m2c	member-of:rock_06:0x800EDC9C
rock_10	0x800F3B98	func_800F3B98	dup:84d85d07fa97bb14b81cf2064cdcd5de323895b2	5/24	m2c	member-of:rock_04:0x800EE208
rock_10	0x800F3CA0	func_800F3CA0	unique	30/99	m2c	undrawn
rock_10	0x800F3E2C	func_800F3E2C	dup:9f9117540cf8878b2d76d0d98987edfffacdf368	11/19	m2c	member-of:SLUS_013.95:0x80037838
rock_10	0x800F3E78	func_800F3E78	unique	2/47	m2c	undrawn
rock_10	0x800F3F54	func_800F3F54	dup:05f2c8aca6cb4135962d9b185f0bd7a974ccc477	nocompile	m2c	member-of:rock_05:0x800EA07C
rock_10	0x800F40FC	func_800F40FC	dup:098d948184270b3c930f3a6d73d2234f5e420a82	76/108	m2c	member-of:rock_05:0x800EA224
rock_10	0x800F42AC	func_800F42AC	dup:092b78e20e4a8e3dd6f0100e81da3d0b6b44ca35	8/19	m2c	member-of:SLUS_013.95:0x80046C64
rock_10	0x800F42F8	func_800F42F8	dup:12b5a38a1d9f695b46c4d8743650ead341dd4204	59/63	m2c	member-of:rock_05:0x800EA420
rock_10	0x800F4468	func_800F4468	dup:8f7cd00d942513cc6296ee28aa38acba9c714e70	14/14	m2c	plumbing:R2
rock_10	0x800F44A0	func_800F44A0	dup:97588ea277818355a52f0ab68a98411f4fae3720	29/261	m2c	undrawn
rock_10	0x800F48B4	func_800F48B4	dup:52fa13cd854a9c60ee42a8b200c1aca99e4d1236	34/112	m2c	undrawn
rock_10	0x800F4A74	func_800F4A74	dup:84c4080a62580d4a23be4eba8e1b1d316966a824	16/74	m2c	member-of:rock_04:0x800F18C4
rock_10	0x800F4B9C	func_800F4B9C	dup:72263ba49e7df41cba44e23fdc5c1c7ad6277c72	nocompile	m2c	undrawn
rock_10	0x800F4D7C	func_800F4D7C	dup:7f25245455a49bc3246abee46a9d6628a7405515	0/136	m2c	member-of:rock_10:0x800F6D58
rock_10	0x800F4F9C	func_800F4F9C	dup:199a4f850c24af9a196468ee5cfa40e861f1b7f5	1/65	m2c	member-of:rock_10:0x800F815C
rock_10	0x800F50A0	func_800F50A0	dup:563e672e4694a97a29270213cbd63085cdfac890	46/90	m2c	undrawn
rock_10	0x800F5208	func_800F5208	dup:f6ec670453d60f74a976832db3dc1e0fbf06404e	0/92	m2c	undrawn
rock_10	0x800F5378	func_800F5378	dup:5be6c58518e70409f32d6eb1f1ec869b1f626a06	35/138	m2c	undrawn
rock_10	0x800F55A0	func_800F55A0	dup:e8e345e23f1f5fa48bbe22812212182eb73b731d	5/184	m2c	undrawn
rock_10	0x800F5880	func_800F5880	dup:7722d46bf9fb68d2589e687471648c1e38793bd0	4/68	m2c	undrawn
rock_10	0x800F5990	func_800F5990	dup:2d049da9797efc3a7007a73009aebc9992111026	33/88	m2c	undrawn
rock_10	0x800F5AF0	func_800F5AF0	dup:1cba6bf67df7049083004d7ab77d7f23a45c9313	nocompile	m2c	undrawn
rock_10	0x800F5D58	func_800F5D58	dup:172542687d861e16b4c33c3647016479d662c787	28/107	m2c	undrawn
rock_10	0x800F5F04	func_800F5F04	dup:37e01961c0d04fc3fb21fedf0018bbfbfafabd60	nocompile	m2c	jtbl-uncarved
rock_10	0x800F60AC	func_800F60AC	dup:c1cb31e62a773259d257dd7751087404fe877b66	16/246	m2c	undrawn
rock_10	0x800F6484	func_800F6484	dup:950ba5b174e8745f5a5250dfd4a864a588190d30	54/86	m2c	undrawn
rock_10	0x800F65DC	func_800F65DC	dup:1cec98118457edf08a78ac7d8e23ec3144f7d0f5	45/110	m2c	undrawn
rock_10	0x800F6794	func_800F6794	dup:f9c54356f78e43f9b320aa1c7a23d69ec51c21c5	19/121	m2c	member-of:rock_10:0x800F65DC
rock_10	0x800F6978	func_800F6978	dup:0d58335026ae51ea6a5ab6025acd91d73e86ee23	19/121	m2c	member-of:rock_10:0x800F65DC
rock_10	0x800F6B5C	func_800F6B5C	dup:43bc122cc2f4b4a828f17fc513e4b8fa8287adf3	nocompile	m2c	undrawn
rock_10	0x800F6D58	func_800F6D58	dup:c8f5f70846af2729615fead8042f0bc2012527ae	0/123	m2c	undrawn
rock_10	0x800F6F44	func_800F6F44	dup:4d5520326376eb747918c44bcbfd2fc49169705c	nocompile	m2c	undrawn
rock_10	0x800F71F4	func_800F71F4	dup:c70e4e5fdf5812d22af9eb590ab63533537042bb	nocompile	m2c	undrawn
rock_10	0x800F74D8	func_800F74D8	dup:a659cc884f6dccb486b34a185518324740526461	nocompile	m2c	undrawn
rock_10	0x800F765C	func_800F765C	dup:a22064f4c036ce41e5bf291376f7af4b6d1075a0	nocompile	m2c	undrawn
rock_10	0x800F77A0	func_800F77A0	dup:0c66bad6a963a2ad402de737408898126955195b	6/67	m2c	member-of:SLUS_013.95:0x8002C5F0
rock_10	0x800F78AC	func_800F78AC	dup:30c45e447db495a80b4635779f6b5f1b062fde31	11/32	m2c	undrawn
rock_10	0x800F7968	func_800F7968	dup:e205845ae4100b1596ef5a1b36d1ed46d2fbaf8d	33/35	m2c	member-of:rock_04:0x800F2F24
rock_10	0x800F79F4	func_800F79F4	dup:f2023113f31242d5558bca99b4cfb9fd7ad95758	7/61	m2c	member-of:rock_22:0x800F8ECC
rock_10	0x800F7AE8	func_800F7AE8	dup:758776151e1d5a227eca9fbe778db13ec1234194	nocompile	m2c	undrawn
rock_10	0x800F7BF0	func_800F7BF0	dup:6986d0f29d39e01388ce642f9508873d79c2b328	12/57	m2c	undrawn
rock_10	0x800F7DCC	func_800F7DCC	dup:2d9ff180d94517ff68ba7fd4643c55d83010b4c6	18/22	m2c	undrawn
rock_10	0x800F7E24	func_800F7E24	dup:23697b2f92ce09dd095b0513dad44fd5f2e891cc	0/55	m2c	member-of:rock_10:0x800F815C
rock_10	0x800F7F00	func_800F7F00	dup:f9ccb639b09fa2658a9464ced0f36a378cd1cca0	15/28	m2c	member-of:rock_07:0x800F61D4
rock_10	0x800F7F70	func_800F7F70	dup:7e7278b0454105f6c6c471dbc551350169267d23	31/35	m2c	undrawn
rock_10	0x800F7FFC	func_800F7FFC	dup:cf6aa5893b27aa1afc8b231e2c14e87e7f653a4a	0/54	m2c	undrawn
rock_10	0x800F8110	func_800F8110	dup:85e48ca449499ddb186ee14dbf56d955deb2aa65	16/19	m2c	member-of:rock_07:0x800ED0F0
rock_10	0x800F815C	func_800F815C	dup:08f6a439c31522b34261c1f91839ce097783459f	5/48	m2c	undrawn
rock_10	0x800F821C	func_800F821C	dup:5661146aad639275aa9d622b27b40d6d5dce605b	13/23	m2c	member-of:rock_07:0x800F61D4
rock_10	0x800F8278	func_800F8278	dup:334b274945dfc26a4ff4d2d1a11d3dc1cac5753b	nocompile	m2c	undrawn
rock_10	0x800F83C8	func_800F83C8	dup:000acfe3041b923cb74d14e69c7b02ed2795dff7	11/15	m2c	member-of:rock_07:0x800ED0F0
rock_10	0x800F8404	func_800F8404	dup:1faeb204e8f7d48143f2a164b94f018d55053504	14/24	m2c	member-of:rock_07:0x800F61D4
rock_10	0x800F8464	func_800F8464	dup:14e1ff50347831f910ca8953eab11c5b7d4e224b	5/42	m2c	undrawn
rock_10	0x800F850C	func_800F850C	dup:0770a7dd2c5d4123cf72dbb32983863a11e5b7e5	5/45	m2c	member-of:rock_10:0x800F8464
rock_10	0x800F85C0	func_800F85C0	dup:9163cb66b4b578022e3897a24304e10d19551ae7	24/27	m2c	undrawn
rock_10	0x800F862C	func_800F862C	dup:a3514b4ffed5d7675236a32e2485d7a711144757	15/51	m2c	undrawn
rock_10	0x800F86F8	func_800F86F8	dup:55d88a2ab80f3ca568a44a4ea0340f16147eae2f	6/39	m2c	undrawn
rock_10	0x800F8794	func_800F8794	dup:a4292f351f661736d864848c1e2f8f349253e312	5/45	m2c	undrawn
rock_10	0x800F8848	func_800F8848	dup:bb36b58ffc303cf908dd7d26af6be80d3f0b34b6	5/15	m2c	member-of:SLUS_013.95:0x80042214
rock_10	0x800F88C0	func_800F88C0	dup:000acfe3041b923cb74d14e69c7b02ed2795dff7	11/15	m2c	member-of:rock_07:0x800ED0F0
rock_10	0x800F88FC	func_800F88FC	dup:ace433e153da5f90ab1b52fe1fd0792282363274	0/48	m2c	member-of:rock_10:0x800F815C
rock_10	0x800F89BC	func_800F89BC	dup:3bc5c0d2770fc50c5374e1f84e718b146c162746	20/29	m2c	undrawn
rock_10	0x800F8A30	func_800F8A30	dup:16b9ed2a22cfb06e1d29e95605b4922915f3ee9c	6/59	m2c	undrawn
rock_10	0x800F8B78	func_800F8B78	dup:000acfe3041b923cb74d14e69c7b02ed2795dff7	11/15	m2c	member-of:rock_07:0x800ED0F0
rock_10	0x800F8BB4	func_800F8BB4	dup:ace433e153da5f90ab1b52fe1fd0792282363274	0/48	m2c	member-of:rock_10:0x800F815C
rock_10	0x800F8C74	func_800F8C74	dup:2007563592fa103be68ad3eb2b9eca6e520915ef	15/27	m2c	member-of:rock_07:0x800F61D4
rock_10	0x800F8CE0	func_800F8CE0	dup:adcd41cd153daa81c926c689bea995ca55fe1397	8/27	m2c	member-of:rock_00:0x801F3640
rock_10	0x800F8D4C	func_800F8D4C	dup:285e81d46ab0280724d66f69a3b5925f63092143	7/24	m2c	member-of:rock_00:0x801F3640
rock_10	0x800F8DAC	func_800F8DAC	dup:2762806e59a0cb49f1c7e14ec1eb1677ed2fbaca	9/65	m2c	undrawn
rock_10	0x800F8EB0	func_800F8EB0	dup:01eb4cc1cef2550c44d9663014a76822adea5bf9	6/44	m2c	member-of:rock_10:0x800F8464
rock_10	0x800F8F60	func_800F8F60	dup:a0c3d0ff38e1c4b4f9fc877948364406c42aba04	23/28	m2c	undrawn
rock_10	0x800F8FD0	func_800F8FD0	dup:ec4858a1742b1ee1bbb89658bf17a940e44b3903	24/27	m2c	member-of:rock_00:0x801F3640
rock_10	0x800F903C	func_800F903C	dup:bb36b58ffc303cf908dd7d26af6be80d3f0b34b6	5/15	m2c	member-of:SLUS_013.95:0x80042214
rock_10	0x800F9108	func_800F9108	dup:000acfe3041b923cb74d14e69c7b02ed2795dff7	11/15	m2c	member-of:rock_07:0x800ED0F0
rock_10	0x800F9144	func_800F9144	dup:b046e901603765044903ad91767d667c809ddd01	0/48	m2c	member-of:rock_10:0x800F815C
rock_10	0x800F9204	func_800F9204	dup:161d5a39508284f7f3f797bf961bd03d39169e2c	16/28	m2c	member-of:rock_07:0x800F61D4
rock_10	0x800F9274	func_800F9274	dup:ef210a1632b59c2f9fc96a49cdc2dfcd9d931a1c	4/63	m2c	undrawn
rock_10	0x800F9370	func_800F9370	dup:3a385b05321816333feeebaa7c5ce201f0a274dc	7/21	m2c	member-of:rock_00:0x801F3640
rock_10	0x800F93C4	func_800F93C4	dup:779503af3be033f9f0a76a788233f0a5363f8cf9	4/26	m2c	undrawn
rock_10	0x800F94C4	func_800F94C4	dup:5c50c8e12b5da218e0b3c77b8c27f45c70964019	1/38	m2c	undrawn
rock_10	0x800F955C	func_800F955C	dup:52439b316f1a4f488271bb8cbd7363fa29a02334	24/28	m2c	undrawn
rock_10	0x800F95CC	func_800F95CC	dup:a6d64ea34a78cca2feff402dee006d8a60346b3e	14/18	m2c	member-of:rock_00:0x801F3640
rock_10	0x800F9614	func_800F9614	dup:3be21063dbd28b9a81bae33f1562d1fe1b264a3c	17/21	m2c	member-of:rock_00:0x801F3640
rock_10	0x800F9668	func_800F9668	dup:a9e88097390bade5436440c9a4549f789f1db7ad	16/29	m2c	member-of:rock_15:0x800EEBF0
rock_10	0x800F96DC	func_800F96DC	dup:716628be7feb596bc6b3e0a88558c69c7e12730f	14/17	m2c	member-of:rock_07:0x800ED0F0
rock_10	0x800F975C	func_800F975C	dup:0b23fac036028add9e8e14f1209c4d6fcb89fab6	15/33	m2c	member-of:rock_07:0x800EBA04
rock_10	0x800F9848	func_800F9848	dup:499330a5f7fd9b80eff13d3282b0e42acc7eeec5	47/49	m2c	undrawn
rock_10	0x800F990C	func_800F990C	dup:5625f916d36d6a8363bc78c7e055f119eacc414f	45/47	m2c	undrawn
rock_10	0x800F99C8	func_800F99C8	dup:e5ad3ff6eeb8adec5a32a2bc9d9b0222f90c267c	3/13	m2c	member-of:SLUS_013.95:0x80041FB0
rock_10	0x800F9A1C	func_800F9A1C	dup:3f3a6660027a8405ea862b81a5c48e628cb9a5aa	24/25	m2c	member-of:rock_07:0x800F61D4
rock_10	0x800F9A80	func_800F9A80	dup:53d6b7495c9f92df86af28314c43110fbc6e6bee	16/23	m2c	undrawn
rock_10	0x800F9BA4	func_800F9BA4	dup:1a5f547a3bfd8640a2ccdf7ca3e48014bc1a23dc	11/59	m2c	undrawn
rock_10	0x800F9CC4	func_800F9CC4	dup:9726312e4b016815da85b115f08ca00076321530	5/21	m2c	undrawn
rock_10	0x800F9D18	func_800F9D18	dup:00ee22c977fc6bf255f18114f4b9351ef47ea851	2/12	m2c	undrawn
rock_10	0x800F9D48	func_800F9D48	dup:ef610eb2a92aa4a67aa1269787c0d3724ee3ef8b	21/24	m2c	undrawn
rock_10	0x800F9DA8	func_800F9DA8	dup:7137e5a091c8bb97ecfa280d380282760a9c5180	11/23	m2c	undrawn
rock_10	0x800F9E04	func_800F9E04	dup:d7798d86256f0afdabaae73146d796ab6b1bcb4c	10/12	m2c	member-of:rock_05:0x800F2B4C
rock_10	0x800F9E3C	func_800F9E3C	dup:70707bdcc3a4b9ece5b318598f62a79c58cce797	26/42	m2c	member-of:rock_07:0x800ECC44
rock_10	0x800F9EE4	func_800F9EE4	dup:984bf53f24640da0f333908fe2e3ac96e609c4c9	31/48	m2c	member-of:rock_07:0x800ECC44
rock_10	0x800F9FA4	func_800F9FA4	dup:29937f083c11622ab04f65b2d408eaa4fdd0567a	15/16	m2c	member-of:rock_04:0x800F54B8
rock_10	0x800F9FE4	func_800F9FE4	dup:092b78e20e4a8e3dd6f0100e81da3d0b6b44ca35	8/19	m2c	member-of:SLUS_013.95:0x80046C64
rock_10	0x800FA128	func_800FA128	dup:ba5fe4c46d849ed32209d8ba7e5853dd9cb6a0e6	18/35	m2c	undrawn
rock_10	0x800FA1B4	func_800FA1B4	dup:b8c942ae1c2581918bd8ff328d5a58f9f53bed9a	28/31	m2c	undrawn
rock_10	0x800FA230	func_800FA230	dup:f423e4ebba57bd829afb8dc10f4019e49de81501	20/32	m2c	undrawn
rock_10	0x800FA2B0	func_800FA2B0	dup:2d6f6e7db7a1141bd2841f35eb4cf253ab7f5efb	22/36	m2c	undrawn
rock_10	0x800FA37C	func_800FA37C	dup:627f8cb42c89ef773b51c237836452dd2b5731b1	4/22	m2c	undrawn
rock_10	0x800FA468	func_800FA468	dup:b182774bc13d1b6702a1a67821f249f086308f39	nocompile	m2c	undrawn
rock_10	0x800FA538	func_800FA538	dup:83557e49c5dfbdf6624a2d3737eb8da5186921ce	3/33	m2c	undrawn
rock_10	0x800FA5BC	func_800FA5BC	dup:60e929784173bc85112520174d3af2109ee32b1d	22/24	m2c	member-of:rock_00:0x801EE4DC
rock_10	0x800FA644	func_800FA644	dup:b76d77e326b239d1132e09d1859ffd487dd3823b	nocompile	m2c	undrawn
rock_10	0x800FA710	func_800FA710	dup:2813ef5e08286c12f1049952a29f63ee26d03f9a	25/34	m2c	member-of:rock_15:0x800EFA98
rock_10	0x800FA7B8	func_800FA7B8	dup:702fd47959d84f902e9d71281e3a120d09008a91	3/25	m2c	undrawn
rock_10	0x800FA81C	func_800FA81C	dup:9913c7aa754ac25bb8ad11c4e518a00f65637358	6/32	m2c	undrawn
rock_11	0x800E9B90	func_800E9B90	unique	0/118	m2c	member-of:rock_24:0x800EA8A8
rock_11	0x800E9D68	func_800E9D68	dup:84101bcb12d39271fc32bc91dfc49b64751985bf	112/112	m2c	plumbing:R3
rock_11	0x800E9F28	func_800E9F28	dup:05f1009f202f183bc0176fbc2d0db37fb3659561	nocompile	m2c	undrawn
rock_11	0x800EA220	func_800EA220	dup:fc7a61cc0c3be5fd1d130c7f62f95890f4c12666	nocompile	m2c	undrawn
rock_11	0x800EA350	func_800EA350	dup:28470c8cdad63787ba365e70c11f14ab493ec642	21/78	m2c	member-of:rock_03:0x800E9DCC
rock_11	0x800EA500	func_800EA500	dup:98f1f2e8acd6996a36f15d2c411ad5ce0549ac63	26/60	m2c	member-of:rock_09:0x800EACD0
rock_11	0x800EA650	func_800EA650	dup:98797d3fec65e9e00e7d5499191e1cb205620cb9	nocompile	m2c	undrawn
rock_11	0x800EA71C	func_800EA71C	dup:9871a26a282ed90e5b15e23bc9ff3a7e51bc0b86	9/13	m2c	undrawn
rock_11	0x800EA758	func_800EA758	dup:d7f1c940c955804a5a2cc7cc82397388955e958e	29/38	m2c	undrawn
rock_11	0x800EA84C	func_800EA84C	dup:7e32235396d36da625251ec071b9beb55edc97ed	39/54	m2c	undrawn
rock_11	0x800EA944	func_800EA944	dup:4ef5dd106689cee9d0d8183b8ddd77703cb40b0c	11/15	m2c	member-of:rock_11:0x800EA71C
rock_11	0x800EA980	func_800EA980	dup:99b112e380dbc39fdd8ad7feb874ebfeb5e65efd	8/13	m2c	member-of:SLUS_013.95:0x80041FB0
rock_11	0x800EA9B4	func_800EA9B4	dup:eea0ebffeaeefaec856b0cb5b0d16ace36683148	0/39	m2c	undrawn
rock_11	0x800EAA58	func_800EAA58	dup:6adf5feb44e78a9c7e0ec32aae7255d3656638ed	8/43	m2c	undrawn
rock_11	0x800EAB04	func_800EAB04	dup:b9240c5d73d392443f6249a1139e87f6d1fd8207	9/40	m2c	member-of:rock_09:0x800EB1E4
rock_11	0x800EABA4	func_800EABA4	dup:3d82c3af21bbb95d722f3fba2cb6c1f7823838ca	10/12	m2c	jtbl-uncarved
rock_11	0x800EABD4	func_800EABD4	dup:b7198b4897043300d82388fbf6c275f4ae524edd	40/43	m2c	member-of:rock_03:0x800EBCEC
rock_11	0x800EACA0	func_800EACA0	dup:bee5126545369fccbf8484315828504258e087ea	nocompile	m2c	undrawn
rock_11	0x800EADE0	func_800EADE0	dup:163acad7accb211501f959ee0bcc234dd57aa43e	nocompile	m2c	undrawn
rock_11	0x800EAF90	func_800EAF90	dup:244c3b7c9afbe0419b23ab52fe9d2cb23c759fc5	nocompile	m2c	undrawn
rock_11	0x800EB1B8	func_800EB1B8	dup:8ed031ffe3f7c4676495c9ed24aa6db88816bf4e	nocompile	m2c	member-of:rock_11:0x800EB3D4
rock_11	0x800EB3D4	func_800EB3D4	dup:65bcc709071067d9d6cbf6416973eb3f49e5d068	nocompile	m2c	undrawn
rock_11	0x800EB5E8	func_800EB5E8	dup:df6c30d2268c6357a83823a0c4d5d7d49ddee79a	nocompile	m2c	member-of:rock_11:0x800EB3D4
rock_11	0x800EB7FC	func_800EB7FC	dup:d95e68341dbccc28b0878788108b1750587e2a87	nocompile	m2c	member-of:rock_11:0x800EB3D4
rock_11	0x800EBA10	func_800EBA10	dup:d74355f528818343ca004bbf606e045ceeb58eaa	nocompile	m2c	member-of:rock_11:0x800EB3D4
rock_11	0x800EBC28	func_800EBC28	dup:25973f608594cd5cd470ea677ab89983a3d02930	nocompile	m2c	member-of:rock_11:0x800EAF90
rock_11	0x800EBE50	func_800EBE50	dup:d12be06017c4c3ce34b233255ee6fca863c979f2	nocompile	m2c	member-of:rock_11:0x800EB3D4
rock_11	0x800EC068	func_800EC068	dup:b6ad9e7229fab6709c552010bbc29d4ab4c2d6ef	nocompile	m2c	undrawn
rock_11	0x800EC180	func_800EC180	dup:da2f954d3f73e41ff80b2cd7b3010424b42047a8	nocompile	m2c	undrawn
rock_11	0x800EC4B4	func_800EC4B4	dup:c5d3fe2ada2201af10b213e272e1d2333bc5a60b	20/34	m2c	undrawn
rock_11	0x800EC578	func_800EC578	dup:0f42c2cd15a55806fc9699cd0fed1fe15492560a	13/16	m2c	member-of:rock_07:0x800ED0F0
rock_11	0x800EC5B8	func_800EC5B8	dup:37e721e49df6711a9bf2d59dbd7aefbca4ddd8da	nocompile	m2c	undrawn
rock_11	0x800EC6AC	func_800EC6AC	dup:dec06b12b0e0d3115b1caefbfd98b45ea9ed8f34	17/29	m2c	undrawn
rock_11	0x800EC728	func_800EC728	dup:a31fcf4535e07e7d35a1bb1fb9b264f6b7b4838e	2/30	m2c	undrawn
rock_11	0x800EC7A0	func_800EC7A0	dup:609aece66ada43f7855aa6f948005f0ce6e659d9	24/24	m2c	plumbing:R3
rock_11	0x800EC800	func_800EC800	dup:3d82c3af21bbb95d722f3fba2cb6c1f7823838ca	10/12	m2c	member-of:SLUS_013.95:0x80042C18
rock_11	0x800EC830	func_800EC830	dup:5193914d8bffec4d113c8601fbbfef68d893d054	9/52	m2c	jtbl-uncarved
rock_11	0x800EC9D0	func_800EC9D0	dup:739e5bc013dcc43177c9497c0cf8b4d3dac8e71e	nocompile	m2c	member-of:rock_02:0x800E9C20
rock_11	0x800ECB58	func_800ECB58	dup:bec4b333e7378010ad7c616c0768a707c3b10228	12/102	m2c	member-of:rock_05:0x800EA750
rock_11	0x800ECCF0	func_800ECCF0	dup:4c9b9555ecee728a5db26b8ca1b5c30581c4cdd3	24/31	m2c	member-of:rock_05:0x800EA8E8
rock_11	0x800ECE20	func_800ECE20	dup:fc8e51cf3b2fc11d9ed097330e2fd6ec3c572efd	25/35	m2c	member-of:rock_05:0x800EAA18
rock_11	0x800ECEAC	func_800ECEAC	dup:b633c7e54462e26495ec965080ab69cdcf1c0029	2/14	m2c	member-of:rock_05:0x800EAAA4
rock_11	0x800ECEE4	func_800ECEE4	dup:8c4e4dbfa3d93698bd3f38d879f52eecd7b7ce70	5/19	m2c	member-of:rock_05:0x800EAADC
rock_11	0x800ECF30	func_800ECF30	dup:124391726df652f12eaf280e0550428de5dcbfc3	nocompile	m2c	member-of:rock_04:0x800EEEA0
rock_11	0x800ED1F0	func_800ED1F0	dup:97dabeeed9e8192664c8d24403d54ed81543ae44	nocompile	m2c	member-of:rock_04:0x800EF160
rock_11	0x800ED660	func_800ED660	dup:5d84d7e05e3105ced68d28684e7da61fdcb9efdc	37/50	m2c	member-of:rock_04:0x800EF5D0
rock_11	0x800ED7C8	func_800ED7C8	unique	nocompile	m2c	undrawn
rock_11	0x800EDD28	func_800EDD28	unique	nocompile	m2c	undrawn
rock_11	0x800EDF24	func_800EDF24	unique	20/68	m2c	undrawn
rock_11	0x800EE034	func_800EE034	unique	16/81	m2c	undrawn
rock_11	0x800EE178	func_800EE178	unique	nocompile	m2c	undrawn
rock_11	0x800EE4F4	func_800EE4F4	unique	14/65	m2c	undrawn
rock_11	0x800EE5F8	func_800EE5F8	unique	nocompile	m2c	member-of:rock_11:0x800EE178
rock_11	0x800EE990	func_800EE990	unique	nocompile	m2c	undrawn
rock_11	0x800EEBBC	func_800EEBBC	unique	3/86	m2c	undrawn
rock_11	0x800EED14	func_800EED14	unique	33/246	m2c	undrawn
rock_11	0x800EF0EC	func_800EF0EC	unique	60/70	m2c	member-of:rock_11:0x800EF304
rock_11	0x800EF204	func_800EF204	unique	20/64	m2c	undrawn
rock_11	0x800EF304	func_800EF304	unique	62/65	m2c	undrawn
rock_11	0x800EF408	func_800EF408	unique	nocompile	m2c	undrawn
rock_11	0x800EF5B8	func_800EF5B8	unique	nocompile	m2c	undrawn
rock_11	0x800EF7FC	func_800EF7FC	unique	nocompile	m2c	undrawn
rock_11	0x800EF98C	func_800EF98C	unique	nocompile	m2c	undrawn
rock_11	0x800EFAE4	func_800EFAE4	unique	25/119	m2c	undrawn
rock_11	0x800EFCC0	func_800EFCC0	unique	nocompile	m2c	undrawn
rock_11	0x800EFF50	func_800EFF50	unique	nocompile	m2c	undrawn
rock_11	0x800F0050	func_800F0050	unique	nocompile	m2c	jtbl-uncarved
rock_11	0x800F013C	func_800F013C	unique	38/125	m2c	undrawn
rock_11	0x800F0330	func_800F0330	unique	4/108	m2c	undrawn
rock_11	0x800F04E0	func_800F04E0	unique	8/83	m2c	undrawn
rock_11	0x800F062C	func_800F062C	unique	nocompile	m2c	undrawn
rock_11	0x800F0DE0	func_800F0DE0	unique	0/84	m2c	undrawn
rock_11	0x800F0F30	func_800F0F30	unique	nocompile	m2c	undrawn
rock_11	0x800F1048	func_800F1048	unique	10/73	m2c	undrawn
rock_11	0x800F116C	func_800F116C	unique	8/62	m2c	undrawn
rock_11	0x800F1264	func_800F1264	unique	nocompile	m2c	undrawn
rock_11	0x800F166C	func_800F166C	unique	nocompile	m2c	undrawn
rock_11	0x800F1A90	func_800F1A90	unique	nocompile	m2c	undrawn
rock_11	0x800F1BE8	func_800F1BE8	unique	35/119	m2c	undrawn
rock_11	0x800F1DC4	func_800F1DC4	unique	nocompile	m2c	undrawn
rock_11	0x800F1FBC	func_800F1FBC	unique	nocompile	m2c	undrawn
rock_11	0x800F20D4	func_800F20D4	dup:092b78e20e4a8e3dd6f0100e81da3d0b6b44ca35	8/19	m2c	member-of:SLUS_013.95:0x80046C64
rock_11	0x800F215C	func_800F215C	unique	17/25	m2c	undrawn
rock_11	0x800F21C0	func_800F21C0	dup:ec0ef8323b363caa5ce56428146c7e6c9e8d5d44	14/18	m2c	member-of:rock_10:0x800EC970
rock_11	0x800F2208	func_800F2208	unique	15/53	m2c	undrawn
rock_11	0x800F2390	func_800F2390	unique	12/18	m2c	undrawn
rock_11	0x800F23D8	func_800F23D8	unique	16/49	m2c	undrawn
rock_11	0x800F249C	func_800F249C	unique	12/18	m2c	member-of:rock_07:0x800ED0F0
rock_11	0x800F24E4	func_800F24E4	unique	8/13	m2c	member-of:SLUS_013.95:0x80041FB0
rock_11	0x800F252C	func_800F252C	unique	nocompile	m2c	undrawn
rock_11	0x800F26BC	func_800F26BC	unique	nocompile	m2c	undrawn
rock_11	0x800F2724	func_800F2724	dup:62f90e6ecac1ed75d9d519e6464f53ece1fddba7	5/15	m2c	member-of:SLUS_013.95:0x80042214
rock_11	0x800F279C	func_800F279C	unique	nocompile	m2c	undrawn
rock_11	0x800F2840	func_800F2840	dup:62f90e6ecac1ed75d9d519e6464f53ece1fddba7	5/15	m2c	member-of:SLUS_013.95:0x80042214
rock_11	0x800F28C0	func_800F28C0	unique	nocompile	m2c	member-of:rock_11:0x800F26BC
rock_11	0x800F2934	func_800F2934	unique	nocompile	m2c	member-of:rock_11:0x800F2C20
rock_11	0x800F29CC	func_800F29CC	unique	nocompile	m2c	undrawn
rock_11	0x800F2A70	func_800F2A70	unique	33/38	m2c	undrawn
rock_11	0x800F2B08	func_800F2B08	dup:62f90e6ecac1ed75d9d519e6464f53ece1fddba7	5/15	m2c	member-of:SLUS_013.95:0x80042214
rock_11	0x800F2B80	func_800F2B80	unique	35/40	m2c	member-of:rock_11:0x800F2DEC
rock_11	0x800F2C20	func_800F2C20	unique	nocompile	m2c	undrawn
rock_11	0x800F2CA8	func_800F2CA8	unique	10/16	m2c	member-of:rock_07:0x800ED0F0
rock_11	0x800F2CE8	func_800F2CE8	family:b9eba50f3bac0c742bcf2613bd93605f6894f6ab	nocompile	m2c	member-of:rock_11:0x800F2C20
rock_11	0x800F2D74	func_800F2D74	dup:62f90e6ecac1ed75d9d519e6464f53ece1fddba7	5/15	m2c	member-of:SLUS_013.95:0x80042214
rock_11	0x800F2DEC	func_800F2DEC	unique	33/38	m2c	undrawn
rock_11	0x800F2E84	func_800F2E84	family:b9eba50f3bac0c742bcf2613bd93605f6894f6ab	nocompile	m2c	member-of:rock_11:0x800F2C20
rock_11	0x800F2F10	func_800F2F10	unique	nocompile	m2c	undrawn
rock_11	0x800F3010	func_800F3010	dup:bb36b58ffc303cf908dd7d26af6be80d3f0b34b6	5/15	m2c	member-of:SLUS_013.95:0x80042214
rock_11	0x800F3088	func_800F3088	unique	26/31	m2c	undrawn
rock_11	0x800F3104	func_800F3104	unique	7/35	m2c	undrawn
rock_11	0x800F3190	func_800F3190	unique	8/49	m2c	undrawn
rock_11	0x800F3254	func_800F3254	unique	1/33	m2c	undrawn
rock_11	0x800F3314	func_800F3314	unique	29/36	m2c	member-of:rock_11:0x800F3088
rock_11	0x800F33A4	func_800F33A4	unique	7/43	m2c	member-of:rock_11:0x800F3104
rock_11	0x800F3450	func_800F3450	family:49ab892cdc50aaf9ae4f052579f1a3fe339be672	7/21	m2c	member-of:rock_00:0x801F3640
rock_11	0x800F34A4	func_800F34A4	unique	18/25	m2c	undrawn
rock_11	0x800F3610	func_800F3610	unique	19/27	m2c	undrawn
rock_11	0x800F36B8	func_800F36B8	unique	13/16	m2c	undrawn
rock_11	0x800F36F8	func_800F36F8	unique	52/64	m2c	undrawn
rock_11	0x800F384C	func_800F384C	unique	22/30	m2c	undrawn
rock_11	0x800F38C4	func_800F38C4	unique	2/17	m2c	undrawn
rock_11	0x800F3908	func_800F3908	unique	3/38	m2c	undrawn
rock_11	0x800F39A8	func_800F39A8	unique	30/35	m2c	undrawn
rock_11	0x800F3A34	func_800F3A34	unique	11/11	m2c	plumbing:R5
rock_11	0x800F3A60	func_800F3A60	unique	7/25	m2c	member-of:rock_00:0x801F3640
rock_11	0x800F3AC4	func_800F3AC4	unique	7/19	m2c	member-of:rock_00:0x801F3640
rock_11	0x800F3B70	func_800F3B70	unique	nocompile	m2c	undrawn
rock_11	0x800F3C10	func_800F3C10	unique	1/65	m2c	undrawn
rock_11	0x800F3D24	func_800F3D24	unique	40/59	m2c	undrawn
rock_11	0x800F3E10	func_800F3E10	family:ba1d9434a0d14e1f908dba01fa0fd3ee3128f246	38/45	m2c	member-of:rock_04:0x800F52AC
rock_11	0x800F3EC4	func_800F3EC4	unique	nocompile	m2c	undrawn
rock_11	0x800F402C	func_800F402C	unique	22/50	m2c	member-of:rock_04:0x800F52AC
rock_11	0x800F40F4	func_800F40F4	dup:8fbe0f694097f031d5f3336cd4d7e5bf1bb60c7b	4/55	m2c	undrawn
rock_11	0x800F41D0	func_800F41D0	unique	4/33	m2c	undrawn
rock_11	0x800F4254	func_800F4254	unique	3/53	m2c	member-of:rock_07:0x800ECCD8
rock_11	0x800F4328	func_800F4328	unique	0/57	m2c	undrawn
rock_11	0x800F440C	func_800F440C	unique	nocompile	m2c	undrawn
rock_11	0x800F4534	func_800F4534	unique	20/21	m2c	undrawn
rock_11	0x800F4588	func_800F4588	unique	27/55	m2c	undrawn
rock_11	0x800F46B4	func_800F46B4	unique	33/42	m2c	undrawn
rock_11	0x800F47B8	func_800F47B8	unique	2/55	m2c	undrawn
rock_11	0x800F48A4	func_800F48A4	unique	4/38	m2c	undrawn
rock_11	0x800F493C	func_800F493C	unique	3/13	m2c	undrawn
rock_11	0x800F4970	func_800F4970	unique	14/55	m2c	undrawn
rock_11	0x800F4A6C	func_800F4A6C	unique	16/49	m2c	undrawn
rock_11	0x800F4BB8	func_800F4BB8	unique	52/65	m2c	undrawn
rock_11	0x800F4CBC	func_800F4CBC	unique	23/27	m2c	member-of:rock_10:0x800EC970
rock_11	0x800F4D68	func_800F4D68	unique	3/16	m2c	undrawn
rock_11	0x800F4DA8	func_800F4DA8	unique	8/26	m2c	undrawn
rock_11	0x800F4E20	func_800F4E20	dup:8fbe0f694097f031d5f3336cd4d7e5bf1bb60c7b	4/55	m2c	jtbl-uncarved
rock_11	0x800F4EFC	func_800F4EFC	dup:4fc8070591fd9a06eff8c2195697391c0fdeecfa	nocompile	m2c	member-of:rock_03:0x800EE5CC
rock_11	0x800F503C	func_800F503C	dup:4cd98244d4741a887d83aad5bc1b95e41e40c799	8/61	m2c	member-of:rock_03:0x800EE70C
rock_11	0x800F5130	func_800F5130	dup:6cfe69b134fca0da9387740a4baf7b9324a0384d	5/49	m2c	member-of:rock_03:0x800EE800
rock_11	0x800F51F4	func_800F51F4	dup:0879b0f12d4ce2e74a4f129bab33c0f05c066aee	24/64	m2c	member-of:rock_03:0x800EE8C4
rock_11	0x800F52F4	func_800F52F4	dup:1a5ce432eb545609fe124eb8aa7c88af1a3f1f23	nocompile	m2c	member-of:rock_03:0x800EE9C4
rock_11	0x800F56E8	func_800F56E8	dup:74209d184787cdeec90bea748dad844603e15e7c	11/67	m2c	member-of:rock_03:0x800EEDB8
rock_11	0x800F57F4	func_800F57F4	dup:9f9117540cf8878b2d76d0d98987edfffacdf368	11/19	m2c	member-of:SLUS_013.95:0x80037838
rock_11	0x800F5840	func_800F5840	dup:2b33bdebb477f9017e80b329c788b6d92785643c	18/31	m2c	member-of:rock_03:0x800EEF10
rock_11	0x800F58FC	func_800F58FC	dup:97d1967fbc708ac8624496a9d9a33bf9a4e7b621	13/30	m2c	member-of:rock_03:0x800EEFCC
rock_11	0x800F5A74	func_800F5A74	dup:72f94f54b002399bd41a2c846b5ac3a8709ba00d	5/41	m2c	member-of:rock_03:0x800EF1E8
rock_11	0x800F5B18	func_800F5B18	dup:7f609683839dda03945cd9ba95a9bfca6374019e	5/37	m2c	member-of:rock_03:0x800EF1E8
rock_11	0x800F5BAC	func_800F5BAC	dup:aafd27c4fa0a1e2ab62d01d8f409d878f2203b53	1/26	m2c	member-of:rock_03:0x800EF27C
rock_11	0x800F5C34	func_800F5C34	unique	1/123	m2c	undrawn
rock_11	0x800F5E20	func_800F5E20	dup:c3f2ae6694813eb3977aedd168b5831067c5d9b2	nocompile	m2c	undrawn
rock_11	0x800F610C	func_800F610C	dup:012fc47ba59916eb54208b7bc4f77481ff9a42dd	nocompile	m2c	undrawn
rock_11	0x800F6298	func_800F6298	dup:01b0685a11e4da22f1e751c6c394d9b46fa0fd41	18/77	m2c	member-of:rock_04:0x800F18C4
rock_11	0x800F63CC	func_800F63CC	dup:852792bb7d5c7e7b6d727cab8ee1acf8bf3230c4	8/73	m2c	undrawn
rock_11	0x800F64F0	func_800F64F0	dup:f6f9d61cd69abb0ef9b3ebe2688d241e57811526	4/58	m2c	undrawn
rock_11	0x800F65D8	func_800F65D8	dup:7866c6c49e459aec5b696f99a20a4c6692929dfe	39/64	m2c	undrawn
rock_11	0x800F66D8	func_800F66D8	dup:5b80318ec46a2db63750e0aec3621c74bb8140e2	13/68	m2c	undrawn
rock_11	0x800F67E8	func_800F67E8	dup:f035adba1dc327ddc8ef06469d1d0775b1b3d6e7	0/108	m2c	undrawn
rock_11	0x800F6998	func_800F6998	dup:483e39eecde738a9e61dabfb846919d1da3c6faf	0/113	m2c	undrawn
rock_11	0x800F6B5C	func_800F6B5C	dup:908abfacf21fd4e2eb436db150118a69b1c7eacd	9/85	m2c	undrawn
rock_11	0x800F6CB0	func_800F6CB0	dup:2d1f2a4f5f97e4f334438b7ce953e333cc1f63fd	23/103	m2c	undrawn
rock_11	0x800F6E4C	func_800F6E4C	dup:de18315bd843d5fa39d3338155311bec6b7eb807	nocompile	m2c	undrawn
rock_11	0x800F70B8	func_800F70B8	dup:018e5a46d1f22fc51ca32dc229a7f4d0cc2619d0	8/115	m2c	undrawn
rock_11	0x800F7284	func_800F7284	dup:acb964841550058025d77b2eb95c60ded5ba02eb	54/75	m2c	undrawn
rock_11	0x800F73B0	func_800F73B0	dup:a8c70a6530d6eb285259776b3d273b7074872a26	nocompile	m2c	undrawn
rock_11	0x800F754C	func_800F754C	dup:94f149b57a06e85ce5c7aec19f14344ca6bf6442	nocompile	m2c	undrawn
rock_11	0x800F7670	func_800F7670	dup:0c576bef5f52eaa3e4e0a6607452d8275f21c5a4	6/78	m2c	undrawn
rock_11	0x800F77A8	func_800F77A8	dup:fefea9e9752ffff0fbfd44f38a541c97466c0e8f	13/138	m2c	undrawn
rock_11	0x800F79D0	func_800F79D0	dup:8ddb7c9358545622796f13dc185260d62d066365	11/133	m2c	undrawn
rock_11	0x800F7BE4	func_800F7BE4	dup:bdb806f46a593e9cf25eb19bbd65ec6425a7bf92	0/149	m2c	undrawn
rock_11	0x800F7E38	func_800F7E38	dup:81c3af2558cfad23d345a4423a569b77539e9c45	14/28	m2c	member-of:SLUS_013.95:0x80037838
rock_11	0x800F7EE4	func_800F7EE4	dup:fca4f12df478a5759d3b5af8dd129991665df6c8	33/35	m2c	member-of:rock_04:0x800F2F24
rock_11	0x800F7F70	func_800F7F70	dup:c91e0fcf6247036a475eebe576b764069e5528d9	7/61	m2c	member-of:rock_22:0x800F8ECC
rock_11	0x800F8064	func_800F8064	dup:9f11778b9920b7f0713601dd0fae5fdea7d90026	42/51	m2c	member-of:rock_04:0x800F31A4
rock_11	0x800F8130	func_800F8130	dup:c497d52c865a680565a0bab886887000e61e9cf4	30/50	m2c	undrawn
rock_11	0x800F81F8	func_800F81F8	dup:3a258cb4d8393770cf6b5e5c865c89631ea1c4c6	0/45	m2c	undrawn
rock_11	0x800F82AC	func_800F82AC	dup:a8600db09d8b16f4d8c3fa97367bc4de0dd3bef5	0/49	m2c	undrawn
rock_11	0x800F8390	func_800F8390	dup:ffca48358d3b0128d8b0344819c6563ed0d5345c	40/49	m2c	undrawn
rock_11	0x800F84A8	func_800F84A8	dup:acc489ca6f5a2b1dd339ef8d398aae79a20a5957	6/49	m2c	undrawn
rock_11	0x800F856C	func_800F856C	dup:55abe2a2bde41322732963421d4476f7e95e42c8	28/51	m2c	undrawn
rock_11	0x800F86D8	func_800F86D8	dup:2d57018088e96b47277452528cc973e8ebd770e0	0/40	m2c	undrawn
rock_11	0x800F87D4	func_800F87D4	dup:3c7a65372c2e9138a0ac339d93a80c1573b8c160	nocompile	m2c	undrawn
rock_11	0x800F8894	func_800F8894	dup:95256e47ea293c06c8d53c90e5d22e8d237afdaa	0/66	m2c	undrawn
rock_11	0x800F89E8	func_800F89E8	dup:37ff17753cc9cb6af0bae35bd3692a16a6ad2ad7	9/16	m2c	undrawn
rock_11	0x800F8A28	func_800F8A28	dup:b04d4963121be995c319285aab64cc53c07ca617	16/21	m2c	member-of:SLUS_013.95:0x8004260C
rock_11	0x800F8A7C	func_800F8A7C	dup:0cbc5c5746226e39f761dd90ee0c46f71b6d4dbc	11/29	m2c	undrawn
rock_11	0x800F8AF0	func_800F8AF0	dup:823408d70d38f1b1c5d0477c350616dccfac12c7	20/21	m2c	undrawn
rock_11	0x800F8B44	func_800F8B44	dup:cf8d6059eee27028d65593b1ee7a5d9d5d49cdf1	25/31	m2c	member-of:rock_15:0x800F3E78
rock_11	0x800F8BC0	func_800F8BC0	dup:ed8e1a0a618dc234227e05800860104af3f100e6	0/49	m2c	undrawn
rock_11	0x800F8CA4	func_800F8CA4	dup:ff8e03923174e468f1f17b32a4dca4cfbf810ec5	1/13	m2c	undrawn
rock_11	0x800F8D14	func_800F8D14	dup:36464eecc390c2ee74ce9a76e824516d03c047d8	18/27	m2c	undrawn
rock_11	0x800F8DCC	func_800F8DCC	dup:f682538b106ae5eb485e8b273031f07b90a8ce6c	17/18	m2c	undrawn
rock_11	0x800F8E14	func_800F8E14	dup:8044d53847ec6383467c6d1a7bc3462566275d7c	12/15	m2c	member-of:rock_07:0x800ED0F0
rock_11	0x800F8E50	func_800F8E50	dup:fc117e6bce6ebb929f492a49a821f9da9f3a5d35	32/74	m2c	member-of:rock_11:0x800F9184
rock_11	0x800F8FB4	func_800F8FB4	dup:bfed3e8283a118d96a435002bae5c0150daefe8c	9/22	m2c	undrawn
rock_11	0x800F900C	func_800F900C	dup:c7b9834d0ac1b3499ed51cc524fa19d42f52e11e	12/37	m2c	undrawn
rock_11	0x800F90A0	func_800F90A0	dup:67961d44fe46094c1460e050a613ceaa65f89011	14/42	m2c	undrawn
rock_11	0x800F9148	func_800F9148	dup:8044d53847ec6383467c6d1a7bc3462566275d7c	12/15	m2c	member-of:rock_07:0x800ED0F0
rock_11	0x800F9184	func_800F9184	dup:4e188ad9a660bad7d6ca9f40a1636154edc81e7b	31/71	m2c	undrawn
rock_11	0x800F92DC	func_800F92DC	dup:2ea32c0f5de4bf7c7bae400b75fd34afd7fad6da	22/25	m2c	undrawn
rock_11	0x800F9340	func_800F9340	dup:5e4629659cb996eb796dac5d31475a36c5881a29	7/83	m2c	undrawn
rock_11	0x800F948C	func_800F948C	dup:1df31c10062bd3a8dd5aad3a473da261a52c1170	0/5	m2c	undrawn
rock_11	0x800F94DC	func_800F94DC	dup:6d321da5b287e5792e06fbc57679fa5d6cce3fc7	17/18	m2c	undrawn
rock_11	0x800F9524	func_800F9524	dup:bda21b6bffdc39baafb04cb355a06184a86b8ca5	14/25	m2c	undrawn
rock_11	0x800F95C4	func_800F95C4	dup:3786f80c4a518a3f963c03d5fae355608128f62e	5/71	m2c	undrawn
rock_11	0x800F96E0	func_800F96E0	dup:798fed293923eac56c8cca8e9fa32fdeb17ad4b8	35/40	m2c	undrawn
rock_11	0x800F9780	func_800F9780	dup:ee482d22ecf8e4b24227c30e755ac380baa6c104	12/15	m2c	member-of:SLUS_013.95:0x80042214
rock_11	0x800F97BC	func_800F97BC	dup:9b9dc548fdb174df27214e7ba375ccf8db4cab52	2/42	m2c	undrawn
rock_11	0x800F98A0	func_800F98A0	dup:5881a09697a89e06601af07d17fe06fbf9d12db4	9/16	m2c	member-of:rock_07:0x800ED0F0
rock_11	0x800F99E0	func_800F99E0	dup:eccaec5d4674009808c7c01f9d583bc6dca1b1c8	1/40	m2c	member-of:rock_10:0x800F94C4
rock_11	0x800F9A80	func_800F9A80	dup:3352576564ef0d47df2da4bde1777790e2176a9a	9/41	m2c	undrawn
rock_11	0x800F9B24	func_800F9B24	dup:a869c3da019a4267e5f195c4182f9585751aef21	18/23	m2c	undrawn
rock_11	0x800F9B80	func_800F9B80	dup:716628be7feb596bc6b3e0a88558c69c7e12730f	14/17	m2c	member-of:rock_07:0x800ED0F0
rock_11	0x800F9C00	func_800F9C00	dup:0b23fac036028add9e8e14f1209c4d6fcb89fab6	15/33	m2c	member-of:rock_07:0x800EBA04
rock_11	0x800F9CEC	func_800F9CEC	dup:7e023897ae9cd3dd33430905c7543991ccb5299a	35/40	m2c	member-of:rock_11:0x800F96E0
rock_11	0x800F9D8C	func_800F9D8C	dup:ee482d22ecf8e4b24227c30e755ac380baa6c104	12/15	m2c	member-of:SLUS_013.95:0x80042214
rock_11	0x800F9E00	func_800F9E00	dup:56759a84aa74047a699ab500551a70f187e39877	25/45	m2c	member-of:rock_07:0x800ECC44
rock_11	0x800F9EB4	func_800F9EB4	dup:c96929acf3bf731e7ea9467a4b0638d0d61b821f	3/50	m2c	member-of:rock_07:0x800ECC44
rock_11	0x800F9F7C	func_800F9F7C	dup:4a7a7cb7998b4cef164d17c21bc575d7350228d8	0/60	m2c	member-of:rock_15:0x800EF164
rock_11	0x800FA06C	func_800FA06C	dup:e677740e0e0bd6fe51e83429ac7e9176fe97e727	10/57	m2c	member-of:rock_07:0x800ECCD8
rock_11	0x800FA150	func_800FA150	dup:e677740e0e0bd6fe51e83429ac7e9176fe97e727	10/57	m2c	member-of:rock_07:0x800ECCD8
rock_11	0x800FA234	func_800FA234	dup:ef6f3b86b1469953787217ec4473e3e67d4177d1	2/58	m2c	member-of:rock_07:0x800ECCD8
rock_11	0x800FA31C	func_800FA31C	dup:0a93377417fdf270a0123c1bed6597d886df874e	34/63	m2c	undrawn
rock_11	0x800FA418	func_800FA418	dup:492cf56edcf77452f6bf430fa15b1720634c8a69	35/44	m2c	undrawn
rock_11	0x800FA4C8	func_800FA4C8	dup:3d82c3af21bbb95d722f3fba2cb6c1f7823838ca	10/12	m2c	member-of:SLUS_013.95:0x80042C18
rock_11	0x800FA4F8	func_800FA4F8	dup:71d90cce56464a700b65674bff07bb0489ddcd7f	9/35	m2c	undrawn
rock_11	0x800FA584	func_800FA584	dup:3d0cc20e341db207cc6fadab6c1a9f8a1675fdf8	13/43	m2c	undrawn
rock_11	0x800FA630	func_800FA630	dup:19b48d6d2a2a7e27d3b2a2f518440829c0c9b90f	9/13	m2c	undrawn
rock_11	0x800FA664	func_800FA664	dup:bd28bfbc96f47e09f8d30a0c944b16b24b800f05	6/50	m2c	undrawn
rock_11	0x800FA72C	func_800FA72C	dup:29937f083c11622ab04f65b2d408eaa4fdd0567a	15/16	m2c	member-of:rock_04:0x800F54B8
rock_11	0x800FA76C	func_800FA76C	dup:0b4e5bb5ed3e853e4e2b049d152574c5f82bc74a	15/29	m2c	member-of:SLUS_013.95:0x80037838
rock_11	0x800FA868	func_800FA868	dup:beea2a2c7f120c227e0ca883c3f73d7a6a941326	0/29	m2c	undrawn
rock_11	0x800FA8DC	func_800FA8DC	dup:11097a76a55c13145eba5b83ef50d72df29684cd	25/58	m2c	undrawn
rock_11	0x800FAA20	func_800FAA20	dup:2b79df794b419ad143f3f9134fc7238c926af015	5/30	m2c	undrawn
rock_11	0x800FAA98	func_800FAA98	dup:449def530045f3f8ad13cec9f74ae1f46bcbb99c	19/25	m2c	undrawn
rock_11	0x800FABA0	func_800FABA0	dup:1fe7d7901dbfa0d89fe55e1f8d8165da9d0befc4	15/22	m2c	undrawn
rock_11	0x800FAC50	func_800FAC50	dup:76cd28618aaae708afb86f1d318a9c97f6b8c127	14/34	m2c	member-of:rock_07:0x800F765C
rock_11	0x800FACF8	func_800FACF8	dup:eeeffea6e6daaeb1e97cc35a77ecbaa1e14cb28b	29/38	m2c	member-of:rock_15:0x800EFA98
rock_11	0x800FADB0	func_800FADB0	dup:c80b8461057e1ed63c81148b433c90dce991ce1c	3/33	m2c	undrawn
rock_11	0x800FAE34	func_800FAE34	dup:8f01acd482c939773cc12d43ae3a47ed9269eac6	nocompile	m2c	undrawn
rock_11	0x800FB020	func_800FB020	dup:ec0ef8323b363caa5ce56428146c7e6c9e8d5d44	14/18	m2c	member-of:rock_10:0x800EC970
rock_11	0x800FB068	func_800FB068	dup:63eacb0d09b362781956251c312d92b83e2834e2	29/53	m2c	member-of:rock_07:0x800ECC44
rock_11	0x800FB1B4	func_800FB1B4	dup:4cd84b6e47714dd973ded2f7285164f92e1dc17b	0/46	m2c	undrawn
rock_12	0x800E9884	func_800E9884	unique	nocompile	m2c	undrawn
rock_12	0x800E9A98	func_800E9A98	unique	nocompile	m2c	undrawn
rock_12	0x800E9BAC	func_800E9BAC	unique	nocompile	m2c	undrawn
rock_12	0x800E9D08	func_800E9D08	unique	nocompile	m2c	undrawn
rock_12	0x800E9ED4	func_800E9ED4	unique	nocompile	m2c	undrawn
rock_12	0x800E9F7C	func_800E9F7C	unique	nocompile	m2c	undrawn
rock_12	0x800E9FB4	func_800E9FB4	unique	nocompile	m2c	member-of:SLUS_013.95:0x80049E50
rock_12	0x800E9FDC	func_800E9FDC	unique	nocompile	m2c	undrawn
rock_12	0x800EA02C	func_800EA02C	unique	nocompile	m2c	undrawn
rock_12	0x800EA0A8	func_800EA0A8	family:56c89ad765bca7ce39ba10b8e9762c58961d5c64	nocompile	m2c	undrawn
rock_12	0x800EA124	func_800EA124	unique	nocompile	m2c	member-of:rock_12:0x800EA02C
rock_12	0x800EA1A0	func_800EA1A0	family:56c89ad765bca7ce39ba10b8e9762c58961d5c64	nocompile	m2c	member-of:rock_12:0x800EA0A8
rock_12	0x800EA21C	func_800EA21C	dup:7678540574197b420f17571673856a74783eb9d5	nocompile	m2c	member-of:rock_11:0x800EA750
rock_12	0x800EA224	func_800EA224	dup:7678540574197b420f17571673856a74783eb9d5	nocompile	m2c	member-of:rock_11:0x800EA750
rock_12	0x800EA22C	func_800EA22C	dup:7678540574197b420f17571673856a74783eb9d5	nocompile	m2c	member-of:rock_11:0x800EA750
rock_12	0x800EA270	func_800EA270	unique	nocompile	m2c	undrawn
rock_12	0x800EA2A0	func_800EA2A0	unique	nocompile	m2c	undrawn
rock_12	0x800EA2C8	func_800EA2C8	unique	nocompile	m2c	undrawn
rock_12	0x800EA304	func_800EA304	dup:7f693e46b2295478282394980377f04c2f3d08dc	nocompile	m2c	member-of:rock_11:0x800EA5F0
rock_12	0x800EA324	func_800EA324	unique	nocompile	m2c	undrawn
rock_12	0x800EA394	func_800EA394	unique	nocompile	m2c	undrawn
rock_12	0x800EA3F8	func_800EA3F8	unique	nocompile	m2c	undrawn
rock_12	0x800EA480	func_800EA480	unique	nocompile	m2c	member-of:SLUS_013.95:0x80037838
rock_14	0x800E9A34	func_800E9A34	unique	7/43	m2c	undrawn
rock_14	0x800E9B1C	func_800E9B1C	unique	10/11	m2c	undrawn
rock_14	0x800E9B68	func_800E9B68	dup:bee5126545369fccbf8484315828504258e087ea	nocompile	m2c	member-of:rock_11:0x800EACA0
rock_14	0x800E9CA8	func_800E9CA8	dup:163acad7accb211501f959ee0bcc234dd57aa43e	nocompile	m2c	member-of:rock_11:0x800EADE0
rock_14	0x800E9E58	func_800E9E58	dup:244c3b7c9afbe0419b23ab52fe9d2cb23c759fc5	nocompile	m2c	member-of:rock_11:0x800EAF90
rock_14	0x800EA080	func_800EA080	dup:8ed031ffe3f7c4676495c9ed24aa6db88816bf4e	nocompile	m2c	member-of:rock_11:0x800EB3D4
rock_14	0x800EA29C	func_800EA29C	dup:65bcc709071067d9d6cbf6416973eb3f49e5d068	nocompile	m2c	member-of:rock_11:0x800EB3D4
rock_14	0x800EA4B0	func_800EA4B0	dup:df6c30d2268c6357a83823a0c4d5d7d49ddee79a	nocompile	m2c	member-of:rock_11:0x800EB3D4
rock_14	0x800EA6C4	func_800EA6C4	dup:d95e68341dbccc28b0878788108b1750587e2a87	nocompile	m2c	member-of:rock_11:0x800EB3D4
rock_14	0x800EA8D8	func_800EA8D8	dup:d74355f528818343ca004bbf606e045ceeb58eaa	nocompile	m2c	member-of:rock_11:0x800EB3D4
rock_14	0x800EAAF0	func_800EAAF0	dup:25973f608594cd5cd470ea677ab89983a3d02930	nocompile	m2c	member-of:rock_11:0x800EAF90
rock_14	0x800EAD18	func_800EAD18	dup:d12be06017c4c3ce34b233255ee6fca863c979f2	nocompile	m2c	member-of:rock_11:0x800EB3D4
rock_14	0x800EAF30	func_800EAF30	dup:b6ad9e7229fab6709c552010bbc29d4ab4c2d6ef	nocompile	m2c	member-of:rock_11:0x800EC068
rock_14	0x800EB048	func_800EB048	dup:da2f954d3f73e41ff80b2cd7b3010424b42047a8	nocompile	m2c	member-of:rock_11:0x800EC180
rock_14	0x800EB37C	func_800EB37C	dup:c5d3fe2ada2201af10b213e272e1d2333bc5a60b	20/34	m2c	member-of:rock_11:0x800EC4B4
rock_14	0x800EB440	func_800EB440	dup:0f42c2cd15a55806fc9699cd0fed1fe15492560a	13/16	m2c	member-of:rock_07:0x800ED0F0
rock_14	0x800EB480	func_800EB480	dup:37e721e49df6711a9bf2d59dbd7aefbca4ddd8da	nocompile	m2c	member-of:rock_11:0x800EC5B8
rock_14	0x800EB574	func_800EB574	dup:dec06b12b0e0d3115b1caefbfd98b45ea9ed8f34	17/29	m2c	member-of:rock_11:0x800EC6AC
rock_14	0x800EB5F0	func_800EB5F0	dup:a31fcf4535e07e7d35a1bb1fb9b264f6b7b4838e	2/30	m2c	member-of:rock_11:0x800EC728
rock_14	0x800EB668	func_800EB668	dup:609aece66ada43f7855aa6f948005f0ce6e659d9	24/24	m2c	plumbing:R3
rock_14	0x800EB6C8	func_800EB6C8	dup:3d82c3af21bbb95d722f3fba2cb6c1f7823838ca	10/12	m2c	member-of:SLUS_013.95:0x80042C18
rock_14	0x800EB6F8	func_800EB6F8	dup:5193914d8bffec4d113c8601fbbfef68d893d054	9/52	m2c	jtbl-uncarved
rock_14	0x800EB898	func_800EB898	dup:ca2c18c183a39afe1700fa3fae9f5e0ac099f194	nocompile	m2c	member-of:rock_04:0x800ED3A4
rock_14	0x800EBCFC	func_800EBCFC	dup:5758981aca9f3c6e6a4c407b75accbda8fcf16a8	nocompile	m2c	jtbl-uncarved
rock_14	0x800EC05C	func_800EC05C	dup:ee0858fef9555f18ba955aa03a3a019fb19632a4	nocompile	m2c	member-of:rock_07:0x800F0CF4
rock_14	0x800EC430	func_800EC430	dup:23e4607ab3d5dd90155b40c2271c95b7262cd26c	28/67	m2c	undrawn
rock_14	0x800EC53C	func_800EC53C	unique	nocompile	m2c	undrawn
rock_14	0x800EC860	func_800EC860	dup:092b78e20e4a8e3dd6f0100e81da3d0b6b44ca35	8/19	m2c	member-of:SLUS_013.95:0x80046C64
rock_14	0x800EC8E8	func_800EC8E8	unique	28/29	m2c	undrawn
rock_14	0x800EC98C	func_800EC98C	unique	21/28	m2c	undrawn
rock_14	0x800EC9FC	func_800EC9FC	unique	6/49	m2c	undrawn
rock_14	0x800ECAC8	func_800ECAC8	dup:d78453aaa1779408cea3e70ceed2899260fd022e	11/19	m2c	member-of:SLUS_013.95:0x80037838
rock_14	0x800ECB14	func_800ECB14	unique	21/26	m2c	undrawn
rock_14	0x800ECB9C	func_800ECB9C	dup:590ed0325c72277467183ee61d9754ac680efcd0	11/19	m2c	member-of:SLUS_013.95:0x80037838
rock_14	0x800ECC08	func_800ECC08	unique	nocompile	m2c	undrawn
rock_15	0x800E9868	func_800E9868	dup:a63a8bb8146a9c0b38c684c342a6a335b89a67e4	6/89	m2c	member-of:rock_09:0x800EBFA4
rock_15	0x800E99CC	func_800E99CC	dup:acd8250d09daedb7786ab6755f9c0a8b6218ab9c	2/101	m2c	member-of:rock_09:0x800EC108
rock_15	0x800E9BFC	func_800E9BFC	dup:404516d3d41da670a5d411d79deec94513d1cdaf	9/18	m2c	member-of:SLUS_013.95:0x80037838
rock_15	0x800E9C44	func_800E9C44	dup:c21d8b683171bb3abb52a614f4c9ba83e700a7ab	9/14	m2c	member-of:rock_07:0x800ED0F0
rock_15	0x800E9C7C	func_800E9C7C	dup:bc52a96f81030d249add15a2a866c74dc4b409a3	11/53	m2c	member-of:rock_09:0x800EC3B8
rock_15	0x800E9D8C	func_800E9D8C	dup:32f9f02b5c881815c8dadab4958a83c428324aa3	19/20	m2c	member-of:rock_09:0x800EC4C8
rock_15	0x800E9DDC	func_800E9DDC	dup:b8c90aca8278ba81a040d5e540f69d3d3a0234c6	12/23	m2c	member-of:rock_09:0x800EC518
rock_15	0x800E9E38	func_800E9E38	dup:43d0f0508ea65d95629164a5f5457fc40fa6586c	14/20	m2c	member-of:rock_09:0x800EC574
rock_15	0x800E9EC4	func_800E9EC4	dup:cf837a1e95d897456bcd4fbf5595990f39f7c29d	4/23	m2c	member-of:rock_09:0x800EC600
rock_15	0x800E9F88	func_800E9F88	dup:d3f6549296933927fddec62b430026d215f34e17	6/27	m2c	member-of:rock_09:0x800EC600
rock_15	0x800EA05C	func_800EA05C	dup:c8bc57b36bd7a401794b7bd55690e8094957fa4c	nocompile	m2c	member-of:rock_09:0x800EC798
rock_15	0x800EA184	func_800EA184	dup:551fe75c1ef02f5c219c50b96f81769024476729	11/14	m2c	member-of:rock_09:0x800EC8C0
rock_15	0x800EA1F4	func_800EA1F4	dup:404516d3d41da670a5d411d79deec94513d1cdaf	9/18	m2c	member-of:SLUS_013.95:0x80037838
rock_15	0x800EA23C	func_800EA23C	dup:07168783a7151aa2c614dd0288376c1f0217cac8	12/22	m2c	member-of:rock_09:0x800EC978
rock_15	0x800EA294	func_800EA294	dup:9056238caab51a197711ae502fc01514f75f078d	32/40	m2c	member-of:rock_09:0x800EC9D0
rock_15	0x800EA334	func_800EA334	dup:d7798d86256f0afdabaae73146d796ab6b1bcb4c	10/12	m2c	member-of:rock_05:0x800F2B4C
rock_15	0x800EA364	func_800EA364	dup:67d5b3a77d29bfbc0aab43038f28a2ac0525e482	23/42	m2c	member-of:rock_09:0x800ECAA0
rock_15	0x800EA448	func_800EA448	dup:2813e9c7df47f66f66efeab008e25de92af5aed8	17/35	m2c	member-of:rock_09:0x800ECB84
rock_15	0x800EA4D4	func_800EA4D4	dup:01e331a933cab1cc9de64cc1c5411e32528392b8	52/58	m2c	member-of:rock_06:0x800EB4D4
rock_15	0x800EA5E4	func_800EA5E4	dup:961a174dc6115f5097e23132ae41dff0fcc17719	5/99	m2c	member-of:rock_09:0x800E9D64
rock_15	0x800EA770	func_800EA770	dup:d941bdad69400fb57c153f9f162558ce94bacb4d	31/162	m2c	member-of:rock_09:0x800E9EF0
rock_15	0x800EA9F8	func_800EA9F8	dup:69dae7c9adf4dfa2bcc51be71a97e231785701b9	17/150	m2c	member-of:rock_09:0x800EA178
rock_15	0x800EAC50	func_800EAC50	dup:9f9117540cf8878b2d76d0d98987edfffacdf368	11/19	m2c	member-of:SLUS_013.95:0x80037838
rock_15	0x800EAC9C	func_800EAC9C	dup:53f53cbc5fecf21871b528b78fdd534b92720fb0	35/62	m2c	member-of:rock_09:0x800EA41C
rock_15	0x800EADD4	func_800EADD4	dup:04ae40ee55b5419eb8190eaebb290fd256276b38	31/42	m2c	member-of:rock_09:0x800EA554
rock_15	0x800EAE7C	func_800EAE7C	dup:16316f5b5f30405a65a1e63ec1ab551c0727c758	0/67	m2c	member-of:rock_09:0x800EA5FC
rock_15	0x800EAF88	func_800EAF88	dup:fac052ba61e4604b305deaba6ba5b754b32e98a3	14/18	m2c	member-of:rock_09:0x800EA708
rock_15	0x800EAFD0	func_800EAFD0	dup:c72e32b188aa6cadade60dc275ee1487a803a746	29/31	m2c	member-of:rock_09:0x800EA750
rock_15	0x800EB04C	func_800EB04C	dup:95528bd2c23332c5c4d79ea816a0966686fad8a9	14/18	m2c	member-of:rock_09:0x800EA7CC
rock_15	0x800EB0B4	func_800EB0B4	dup:092b78e20e4a8e3dd6f0100e81da3d0b6b44ca35	8/19	m2c	member-of:SLUS_013.95:0x80046C64
rock_15	0x800EB100	func_800EB100	dup:4a4f0651d320d7d8e4529333967845f49b95e9fe	nocompile	m2c	member-of:rock_09:0x800ECD20
rock_15	0x800EB2D4	func_800EB2D4	dup:092b78e20e4a8e3dd6f0100e81da3d0b6b44ca35	8/19	m2c	member-of:SLUS_013.95:0x80046C64
rock_15	0x800EB320	func_800EB320	dup:e14575f1a13ba6165bb03f668d51674693533fd6	31/43	m2c	member-of:rock_09:0x800ECF40
rock_15	0x800EB3F4	func_800EB3F4	dup:faa94cdd4738ab45bf93b34cc42862c1a94438ad	39/40	m2c	member-of:rock_09:0x800ED014
rock_15	0x800EB494	func_800EB494	dup:aa4c4cbdd25ae75c46ffddc86aca3748060d701e	38/54	m2c	member-of:rock_09:0x800ED0B4
rock_15	0x800EB56C	func_800EB56C	dup:eff064d2bb68b05af199f3e0d2e7df2d9dbd95c5	9/93	m2c	undrawn
rock_15	0x800EB6E0	func_800EB6E0	dup:7b087dc3c6362f41f51840b247939fb212b4a48c	26/66	m2c	undrawn
rock_15	0x800EB7E8	func_800EB7E8	dup:73a67f1d2e494016977e575607fa67b71640365e	14/90	m2c	undrawn
rock_15	0x800EB950	func_800EB950	dup:fb1889e9b541718edf2619e72bd13b1f946ff857	8/87	m2c	undrawn
rock_15	0x800EBAAC	func_800EBAAC	dup:e1b3a09b8ee74524d36850374d099b4f7feeb876	0/87	m2c	undrawn
rock_15	0x800EBC08	func_800EBC08	dup:fec59b3a6257933ad774c4bd5ac97746352ff332	0/90	m2c	undrawn
rock_15	0x800EBD70	func_800EBD70	dup:9f9117540cf8878b2d76d0d98987edfffacdf368	11/19	m2c	member-of:SLUS_013.95:0x80037838
rock_15	0x800EBDBC	func_800EBDBC	dup:27b627ce25031c03c490b3d3abd0ee14d70d2907	7/35	m2c	undrawn
rock_15	0x800EBED0	func_800EBED0	dup:115b6ab0a69b79cda0717d4b2a73f2ee893806f2	6/27	m2c	undrawn
rock_15	0x800EBF3C	func_800EBF3C	dup:4b462a5cf25c788a16185a820e9cdca28bbc19ff	19/26	m2c	undrawn
rock_15	0x800EBFE0	func_800EBFE0	dup:c4c886772815511852a47d9b72bd8fa6c7dbe308	10/66	m2c	undrawn
rock_15	0x800EC0E8	func_800EC0E8	dup:92712e5bb372df3c0410131dacfb5173f13eea24	8/53	m2c	undrawn
rock_15	0x800EC1F8	func_800EC1F8	dup:836b25b9d7e40b7e8898838fdbdc564d49f13195	13/23	m2c	member-of:rock_00:0x801F3640
rock_15	0x800EC254	func_800EC254	dup:41a8fd056b42e92f30c6c05c61a3f1f39793ee28	6/23	m2c	member-of:rock_00:0x801F3640
rock_15	0x800EC2B0	func_800EC2B0	dup:7c2510b0237822ef47751978cb63c983905c19ea	18/18	m2c	plumbing:R2
rock_15	0x800EC334	func_800EC334	dup:e62f58c62475f07f8ec5e740a63596cb6e412f55	12/17	m2c	member-of:rock_07:0x800ED0F0
rock_15	0x800EC378	func_800EC378	dup:db765c44764d83ed87eb4051a5238b2d0fabc772	20/20	m2c	plumbing:R2
rock_15	0x800EC3C8	func_800EC3C8	dup:6c63f20ba27c692fb02750e7decec5b7c7ee67fe	24/24	m2c	plumbing:R2
rock_15	0x800EC428	func_800EC428	dup:838e32cf39338dd1f46285032805b4a2d4e987ea	20/20	m2c	undrawn
rock_15	0x800EC478	func_800EC478	dup:aabcc5ab8bdb5030a0596c50962d8e8c3c4df26c	16/63	m2c	undrawn
rock_15	0x800EC574	func_800EC574	dup:7f6e03dbb39665831b74d88c7ea21b96a4365a62	33/53	m2c	undrawn
rock_15	0x800EC648	func_800EC648	dup:76d89d67ee939222599c070310fecf07fd7955a9	21/50	m2c	undrawn
rock_15	0x800EC774	func_800EC774	dup:2c345a097994a7b8a299812b12944ef63970cb4e	30/42	m2c	undrawn
rock_15	0x800EC858	func_800EC858	dup:f24312349140089b2884319693429707bc466328	13/20	m2c	undrawn
rock_15	0x800EC974	func_800EC974	dup:d2065206883fe9de889751b284e34c8b6076d8a4	20/73	m2c	undrawn
rock_15	0x800ECA98	func_800ECA98	dup:71ab949175a66086bc219f650b21b70da727a532	5/46	m2c	undrawn
rock_15	0x800ECB50	func_800ECB50	dup:95fb96f5b390998f121304a71ee30710df46b265	7/48	m2c	undrawn
rock_15	0x800ECC78	func_800ECC78	dup:586db17e7004e86b1cf9533ef05695f5358725ab	4/44	m2c	undrawn
rock_15	0x800ECD28	func_800ECD28	dup:048f51512f475d0609c4521b27683524f1847519	39/41	m2c	member-of:SLUS_013.95:0x8004AD78
rock_15	0x800ECDCC	func_800ECDCC	unique	5/98	m2c	undrawn
rock_15	0x800ECF54	func_800ECF54	unique	30/116	m2c	undrawn
rock_15	0x800ED124	func_800ED124	unique	nocompile	m2c	undrawn
rock_15	0x800ED234	func_800ED234	unique	39/70	m2c	undrawn
rock_15	0x800ED34C	func_800ED34C	unique	69/78	m2c	undrawn
rock_15	0x800ED484	func_800ED484	unique	28/133	m2c	undrawn
rock_15	0x800ED698	func_800ED698	unique	14/92	m2c	undrawn
rock_15	0x800ED808	func_800ED808	unique	69/80	m2c	undrawn
rock_15	0x800ED948	func_800ED948	unique	nocompile	m2c	undrawn
rock_15	0x800EDA60	func_800EDA60	unique	nocompile	m2c	undrawn
rock_15	0x800EDC04	func_800EDC04	unique	22/60	m2c	undrawn
rock_15	0x800EDCF4	func_800EDCF4	unique	66/73	m2c	undrawn
rock_15	0x800EDE18	func_800EDE18	dup:81c3af2558cfad23d345a4423a569b77539e9c45	14/28	m2c	member-of:SLUS_013.95:0x80037838
rock_15	0x800EDEC4	func_800EDEC4	family:e1a63d8033937d63f82f5fd6805cef44cb1b04a0	33/35	m2c	member-of:rock_04:0x800F2F24
rock_15	0x800EDF50	func_800EDF50	dup:c91e0fcf6247036a475eebe576b764069e5528d9	7/61	m2c	member-of:rock_22:0x800F8ECC
rock_15	0x800EE044	func_800EE044	unique	23/54	m2c	undrawn
rock_15	0x800EE11C	func_800EE11C	family:9a6ecb9af3a6a6b19e138e9591cf0e1132e3bcb1	9/15	m2c	member-of:rock_07:0x800ED0F0
rock_15	0x800EE158	func_800EE158	unique	17/21	m2c	member-of:rock_00:0x801F3640
rock_15	0x800EE1AC	func_800EE1AC	unique	28/33	m2c	undrawn
rock_15	0x800EE230	func_800EE230	unique	7/26	m2c	undrawn
rock_15	0x800EE298	func_800EE298	unique	5/29	m2c	undrawn
rock_15	0x800EE30C	func_800EE30C	unique	31/35	m2c	undrawn
rock_15	0x800EE418	func_800EE418	unique	21/31	m2c	undrawn
rock_15	0x800EE494	func_800EE494	unique	21/41	m2c	undrawn
rock_15	0x800EE538	func_800EE538	unique	19/45	m2c	undrawn
rock_15	0x800EE628	func_800EE628	unique	26/37	m2c	undrawn
rock_15	0x800EE774	func_800EE774	unique	0/28	m2c	undrawn
rock_15	0x800EE7E4	func_800EE7E4	unique	25/41	m2c	member-of:rock_15:0x800EE934
rock_15	0x800EE8C4	func_800EE8C4	unique	0/28	m2c	member-of:rock_15:0x800EE774
rock_15	0x800EE934	func_800EE934	unique	21/37	m2c	undrawn
rock_15	0x800EEAC4	func_800EEAC4	unique	19/23	m2c	undrawn
rock_15	0x800EEB20	func_800EEB20	unique	26/31	m2c	member-of:rock_04:0x800F3BE0
rock_15	0x800EEB9C	func_800EEB9C	family:49ab892cdc50aaf9ae4f052579f1a3fe339be672	7/21	m2c	member-of:rock_00:0x801F3640
rock_15	0x800EEBF0	func_800EEBF0	unique	8/29	m2c	undrawn
rock_15	0x800EEC64	func_800EEC64	dup:716628be7feb596bc6b3e0a88558c69c7e12730f	14/17	m2c	member-of:rock_07:0x800ED0F0
rock_15	0x800EECE4	func_800EECE4	dup:0b23fac036028add9e8e14f1209c4d6fcb89fab6	15/33	m2c	member-of:rock_07:0x800EBA04
rock_15	0x800EEDD0	func_800EEDD0	unique	22/55	m2c	undrawn
rock_15	0x800EEEAC	func_800EEEAC	unique	1/51	m2c	undrawn
rock_15	0x800EEF78	func_800EEF78	unique	11/39	m2c	undrawn
rock_15	0x800EF014	func_800EF014	family:4cc466bedc2c9193ca2e3e073754702897b9ff6b	9/13	m2c	member-of:rock_07:0x800ED0F0
rock_15	0x800EF0B0	func_800EF0B0	family:8dccceb6d95123dc5ac7822dc5049fbf2e86e984	25/45	m2c	member-of:rock_07:0x800ECC44
rock_15	0x800EF164	func_800EF164	unique	2/50	m2c	undrawn
rock_15	0x800EF22C	func_800EF22C	unique	9/47	m2c	member-of:rock_07:0x800ECCD8
rock_15	0x800EF2E8	func_800EF2E8	dup:3d82c3af21bbb95d722f3fba2cb6c1f7823838ca	10/12	m2c	member-of:SLUS_013.95:0x80042C18
rock_15	0x800EF318	func_800EF318	unique	11/31	m2c	undrawn
rock_15	0x800EF394	func_800EF394	dup:81c3af2558cfad23d345a4423a569b77539e9c45	14/28	m2c	member-of:SLUS_013.95:0x80037838
rock_15	0x800EF48C	func_800EF48C	unique	18/54	m2c	undrawn
rock_15	0x800EF5F0	func_800EF5F0	unique	10/58	m2c	undrawn
rock_15	0x800EF6D8	func_800EF6D8	unique	21/28	m2c	undrawn
rock_15	0x800EF80C	func_800EF80C	family:2b47e6edeeab35269fc307ff7bf34c454d67553d	8/13	m2c	member-of:rock_07:0x800F7748
rock_15	0x800EF840	func_800EF840	dup:f3cf60f23035f61338fc2a83b5b33241048c27ae	16/19	m2c	member-of:SLUS_013.95:0x8004260C
rock_15	0x800EF8C8	func_800EF8C8	unique	24/34	m2c	undrawn
rock_15	0x800EF9C4	func_800EF9C4	unique	26/45	m2c	undrawn
rock_15	0x800EFA98	func_800EFA98	unique	25/34	m2c	undrawn
rock_15	0x800EFB40	func_800EFB40	unique	14/27	m2c	member-of:SLUS_013.95:0x80037838
rock_15	0x800EFC48	func_800EFC48	dup:ec0ef8323b363caa5ce56428146c7e6c9e8d5d44	14/18	m2c	member-of:rock_10:0x800EC970
rock_15	0x800EFC90	func_800EFC90	unique	nocompile	m2c	undrawn
rock_15	0x800EFED0	func_800EFED0	unique	70/148	m2c	undrawn
rock_15	0x800F0120	func_800F0120	unique	40/82	m2c	undrawn
rock_15	0x800F0268	func_800F0268	unique	15/74	m2c	undrawn
rock_15	0x800F0390	func_800F0390	unique	8/68	m2c	undrawn
rock_15	0x800F04A0	func_800F04A0	unique	21/85	m2c	undrawn
rock_15	0x800F05F4	func_800F05F4	unique	7/84	m2c	undrawn
rock_15	0x800F0744	func_800F0744	unique	36/96	m2c	undrawn
rock_15	0x800F08C4	func_800F08C4	unique	nocompile	m2c	undrawn
rock_15	0x800F0A78	func_800F0A78	unique	nocompile	m2c	undrawn
rock_15	0x800F0D08	func_800F0D08	unique	nocompile	m2c	undrawn
rock_15	0x800F1444	func_800F1444	unique	0/183	m2c	undrawn
rock_15	0x800F1720	func_800F1720	unique	3/60	m2c	undrawn
rock_15	0x800F1810	func_800F1810	unique	nocompile	m2c	undrawn
rock_15	0x800F1A5C	func_800F1A5C	unique	18/79	m2c	undrawn
rock_15	0x800F1B98	func_800F1B98	unique	33/74	m2c	undrawn
rock_15	0x800F1CC0	func_800F1CC0	unique	38/58	m2c	undrawn
rock_15	0x800F1DA8	func_800F1DA8	unique	nocompile	m2c	undrawn
rock_15	0x800F2014	func_800F2014	unique	14/80	m2c	undrawn
rock_15	0x800F2154	func_800F2154	dup:3841861bc21ec5a06e7fe26f058b170fac036262	12/23	m2c	member-of:SLUS_013.95:0x80037838
rock_15	0x800F21EC	func_800F21EC	unique	23/34	m2c	undrawn
rock_15	0x800F2274	func_800F2274	unique	47/74	m2c	undrawn
rock_15	0x800F239C	func_800F239C	unique	37/47	m2c	undrawn
rock_15	0x800F2458	func_800F2458	unique	14/71	m2c	undrawn
rock_15	0x800F25B0	func_800F25B0	unique	16/17	m2c	member-of:rock_15:0x800F2694
rock_15	0x800F25F4	func_800F25F4	unique	3/23	m2c	undrawn
rock_15	0x800F2694	func_800F2694	unique	15/16	m2c	undrawn
rock_15	0x800F26D4	func_800F26D4	unique	37/40	m2c	undrawn
rock_15	0x800F27B0	func_800F27B0	unique	17/20	m2c	member-of:rock_07:0x800ED0F0
rock_15	0x800F2800	func_800F2800	unique	nocompile	m2c	undrawn
rock_15	0x800F2910	func_800F2910	unique	29/34	m2c	undrawn
rock_15	0x800F2998	func_800F2998	unique	21/22	m2c	undrawn
rock_15	0x800F29F0	func_800F29F0	unique	2/21	m2c	undrawn
rock_15	0x800F2A80	func_800F2A80	unique	1/52	m2c	undrawn
rock_15	0x800F2B50	func_800F2B50	unique	7/51	m2c	undrawn
rock_15	0x800F2C1C	func_800F2C1C	unique	15/53	m2c	member-of:rock_15:0x800F2DC0
rock_15	0x800F2CF0	func_800F2CF0	unique	17/52	m2c	undrawn
rock_15	0x800F2DC0	func_800F2DC0	unique	13/52	m2c	undrawn
rock_15	0x800F2E90	func_800F2E90	unique	24/27	m2c	member-of:rock_15:0x800F3140
rock_15	0x800F2EFC	func_800F2EFC	unique	12/31	m2c	undrawn
rock_15	0x800F2F78	func_800F2F78	unique	7/29	m2c	undrawn
rock_15	0x800F3028	func_800F3028	unique	7/15	m2c	undrawn
rock_15	0x800F3140	func_800F3140	unique	18/22	m2c	undrawn
rock_15	0x800F31C0	func_800F31C0	unique	7/43	m2c	undrawn
rock_15	0x800F32A8	func_800F32A8	unique	9/41	m2c	undrawn
rock_15	0x800F334C	func_800F334C	dup:716628be7feb596bc6b3e0a88558c69c7e12730f	14/17	m2c	member-of:rock_07:0x800ED0F0
rock_15	0x800F3390	func_800F3390	unique	2/39	m2c	undrawn
rock_15	0x800F342C	func_800F342C	unique	18/22	m2c	undrawn
rock_15	0x800F356C	func_800F356C	unique	24/54	m2c	undrawn
rock_15	0x800F3680	func_800F3680	unique	13/36	m2c	undrawn
rock_15	0x800F374C	func_800F374C	unique	28/31	m2c	undrawn
rock_15	0x800F3824	func_800F3824	dup:3d82c3af21bbb95d722f3fba2cb6c1f7823838ca	10/12	m2c	member-of:SLUS_013.95:0x80042C18
rock_15	0x800F3854	func_800F3854	dup:3841861bc21ec5a06e7fe26f058b170fac036262	12/23	m2c	member-of:SLUS_013.95:0x80037838
rock_15	0x800F38D0	func_800F38D0	dup:7c96b4f9df5302cc647c6ebf25be1bc76952b584	18/22	m2c	member-of:SLUS_013.95:0x800381F0
rock_15	0x800F3928	func_800F3928	unique	1/34	m2c	undrawn
rock_15	0x800F39B0	func_800F39B0	unique	30/35	m2c	undrawn
rock_15	0x800F3A3C	func_800F3A3C	unique	15/21	m2c	undrawn
rock_15	0x800F3A90	func_800F3A90	unique	20/30	m2c	undrawn
rock_15	0x800F3B08	func_800F3B08	unique	14/21	m2c	member-of:rock_09:0x800EC574
rock_15	0x800F3B5C	func_800F3B5C	dup:7c96b4f9df5302cc647c6ebf25be1bc76952b584	18/22	m2c	member-of:SLUS_013.95:0x800381F0
rock_15	0x800F3BB4	func_800F3BB4	unique	0/36	m2c	undrawn
rock_15	0x800F3C44	func_800F3C44	unique	29/40	m2c	undrawn
rock_15	0x800F3CE4	func_800F3CE4	x4	17/17	m2c	plumbing:R2
rock_15	0x800F3D28	func_800F3D28	unique	nocompile	m2c	undrawn
rock_15	0x800F3E20	func_800F3E20	dup:7c96b4f9df5302cc647c6ebf25be1bc76952b584	18/22	m2c	member-of:SLUS_013.95:0x800381F0
rock_15	0x800F3E78	func_800F3E78	unique	23/29	m2c	undrawn
rock_15	0x800F3EEC	func_800F3EEC	unique	14/21	m2c	undrawn
rock_15	0x800F3F40	func_800F3F40	unique	13/15	m2c	member-of:rock_07:0x800ED0F0
rock_15	0x800F3FB8	func_800F3FB8	unique	32/38	m2c	undrawn
rock_15	0x800F4050	func_800F4050	unique	19/22	m2c	undrawn
rock_15	0x800F40A8	func_800F40A8	unique	28/35	m2c	undrawn
rock_15	0x800F4134	func_800F4134	unique	31/40	m2c	member-of:rock_15:0x800F40A8
rock_15	0x800F4210	func_800F4210	unique	nocompile	m2c	member-of:rock_15:0x800F433C
rock_15	0x800F42D0	func_800F42D0	family:a9835d3ae55eb706cb7d53b24e98891a6d9c7ca7	6/27	m2c	undrawn
rock_15	0x800F433C	func_800F433C	unique	nocompile	m2c	undrawn
rock_15	0x800F43FC	func_800F43FC	family:a9835d3ae55eb706cb7d53b24e98891a6d9c7ca7	6/27	m2c	member-of:rock_15:0x800F42D0
rock_15	0x800F4468	func_800F4468	unique	nocompile	m2c	member-of:rock_15:0x800F433C
rock_15	0x800F455C	func_800F455C	unique	6/33	m2c	undrawn
rock_15	0x800F45E0	func_800F45E0	unique	7/56	m2c	undrawn
rock_15	0x800F46C0	func_800F46C0	unique	25/32	m2c	undrawn
rock_15	0x800F4740	func_800F4740	family:d4d9e926bed7d436e1446f4e69e4eecda5c606e6	35/39	m2c	undrawn
rock_15	0x800F47DC	func_800F47DC	family:d4d9e926bed7d436e1446f4e69e4eecda5c606e6	35/39	m2c	member-of:rock_15:0x800F4740
rock_15	0x800F48E4	func_800F48E4	family:9f6f00c796a786a8cfa75104f1b996447cea2ee1	18/36	m2c	undrawn
rock_15	0x800F4974	func_800F4974	family:9f6f00c796a786a8cfa75104f1b996447cea2ee1	18/36	m2c	member-of:rock_15:0x800F48E4
rock_15	0x800F4A04	func_800F4A04	unique	36/47	m2c	undrawn
rock_15	0x800F4AC0	func_800F4AC0	unique	11/31	m2c	undrawn
rock_15	0x800F4B3C	func_800F4B3C	unique	20/60	m2c	undrawn
rock_15	0x800F4C2C	func_800F4C2C	unique	16/37	m2c	undrawn
rock_15	0x800F4CC0	func_800F4CC0	unique	25/26	m2c	undrawn
rock_15	0x800F4D28	func_800F4D28	unique	27/32	m2c	undrawn
rock_15	0x800F4DE4	func_800F4DE4	unique	32/36	m2c	undrawn
rock_15	0x800F4EC0	func_800F4EC0	unique	7/29	m2c	undrawn
rock_15	0x800F4F34	func_800F4F34	dup:4f168e594a681117ba631dc9ae70c74c1a18ab6a	12/17	m2c	member-of:rock_00:0x801F3640
rock_15	0x800F4F78	func_800F4F78	dup:4f168e594a681117ba631dc9ae70c74c1a18ab6a	12/17	m2c	member-of:rock_00:0x801F3640
rock_15	0x800F4FF8	func_800F4FF8	unique	10/41	m2c	undrawn
rock_15	0x800F509C	func_800F509C	unique	21/50	m2c	undrawn
rock_15	0x800F5164	func_800F5164	unique	24/26	m2c	undrawn
rock_15	0x800F51D4	func_800F51D4	unique	17/19	m2c	undrawn
rock_15	0x800F5288	func_800F5288	unique	9/41	m2c	undrawn
rock_15	0x800F532C	func_800F532C	unique	10/40	m2c	undrawn
rock_15	0x800F53CC	func_800F53CC	unique	9/49	m2c	undrawn
rock_15	0x800F5490	func_800F5490	unique	5/22	m2c	undrawn
rock_16	0x800E9898	func_800E9898	unique	63/67	m2c	undrawn
rock_16	0x800E99A4	func_800E99A4	unique	0/85	m2c	undrawn
rock_16	0x800E9AF8	func_800E9AF8	unique	10/286	m2c	undrawn
rock_16	0x800E9F70	func_800E9F70	unique	nocompile	m2c	undrawn
rock_16	0x800EA27C	func_800EA27C	unique	0/96	m2c	jtbl-uncarved
rock_16	0x800EA3FC	func_800EA3FC	unique	nocompile	m2c	undrawn
rock_16	0x800EA894	func_800EA894	unique	nocompile	m2c	undrawn
rock_16	0x800EAEF8	func_800EAEF8	unique	15/98	m2c	undrawn
rock_16	0x800EB080	func_800EB080	unique	1/95	m2c	undrawn
rock_16	0x800EB1FC	func_800EB1FC	unique	nocompile	m2c	undrawn
rock_16	0x800EBACC	func_800EBACC	unique	12/100	m2c	undrawn
rock_16	0x800EBC5C	func_800EBC5C	unique	38/68	m2c	undrawn
rock_16	0x800EBD6C	func_800EBD6C	unique	20/79	m2c	undrawn
rock_16	0x800EBEA8	func_800EBEA8	unique	nocompile	m2c	undrawn
rock_16	0x800EC1FC	func_800EC1FC	unique	8/36	m2c	undrawn
rock_16	0x800EC28C	func_800EC28C	unique	1/52	m2c	undrawn
rock_16	0x800EC35C	func_800EC35C	unique	13/107	m2c	undrawn
rock_16	0x800EC508	func_800EC508	unique	nocompile	m2c	undrawn
rock_16	0x800EC634	func_800EC634	unique	4/45	m2c	undrawn
rock_16	0x800EC6E8	func_800EC6E8	unique	nocompile	m2c	undrawn
rock_16	0x800EC858	func_800EC858	unique	21/29	m2c	member-of:SLUS_013.95:0x8001D760
rock_16	0x800EC8CC	func_800EC8CC	unique	5/40	m2c	undrawn
rock_16	0x800EC96C	func_800EC96C	unique	1/47	m2c	jtbl-uncarved
rock_16	0x800ECA28	func_800ECA28	unique	46/55	m2c	undrawn
rock_16	0x800ECB04	func_800ECB04	unique	7/35	m2c	undrawn
rock_16	0x800ECB90	func_800ECB90	unique	0/24	m2c	undrawn
rock_16	0x800ECC2C	func_800ECC2C	unique	2/19	m2c	undrawn
rock_16	0x800ECC78	func_800ECC78	unique	2/15	m2c	undrawn
rock_16	0x800ECCB4	func_800ECCB4	unique	nocompile	m2c	undrawn
rock_16	0x800ECD80	func_800ECD80	unique	0/25	m2c	undrawn
rock_16	0x800ECDE4	func_800ECDE4	unique	6/25	m2c	member-of:rock_16:0x800ED114
rock_16	0x800ECE84	func_800ECE84	unique	2/36	m2c	undrawn
rock_16	0x800ECF14	func_800ECF14	unique	0/35	m2c	undrawn
rock_16	0x800ECFE0	func_800ECFE0	unique	nocompile	m2c	undrawn
rock_16	0x800ED114	func_800ED114	unique	6/23	m2c	undrawn
rock_16	0x800ED1AC	func_800ED1AC	unique	3/18	m2c	undrawn
rock_16	0x800ED230	func_800ED230	unique	4/19	m2c	undrawn
rock_16	0x800ED27C	func_800ED27C	unique	0/36	m2c	undrawn
rock_16	0x800ED30C	func_800ED30C	unique	0/52	m2c	undrawn
rock_16	0x800ED3DC	func_800ED3DC	unique	0/15	m2c	undrawn
rock_16	0x800ED418	func_800ED418	unique	14/18	m2c	undrawn
rock_16	0x800ED49C	func_800ED49C	unique	16/27	m2c	undrawn
rock_16	0x800ED570	func_800ED570	family:88d231c7529765113161af84b4d3ba6dc6e0f2e8	16/27	m2c	member-of:rock_16:0x800ED49C
rock_16	0x800ED648	func_800ED648	family:88d231c7529765113161af84b4d3ba6dc6e0f2e8	16/27	m2c	member-of:rock_16:0x800ED49C
rock_16	0x800ED71C	func_800ED71C	unique	10/260	m2c	undrawn
rock_16	0x800EDB2C	func_800EDB2C	unique	1/50	m2c	undrawn
rock_16	0x800EDC30	func_800EDC30	unique	1/36	m2c	undrawn
rock_16	0x800EDD04	func_800EDD04	unique	19/20	m2c	undrawn
rock_16	0x800EDD90	func_800EDD90	unique	7/33	m2c	undrawn
rock_16	0x800EDE14	func_800EDE14	unique	10/39	m2c	undrawn
rock_16	0x800EDEB0	func_800EDEB0	unique	6/28	m2c	undrawn
rock_16	0x800EDF20	func_800EDF20	unique	6/21	m2c	undrawn
rock_16	0x800EDFD0	func_800EDFD0	unique	nocompile	m2c	undrawn
rock_16	0x800EE1EC	func_800EE1EC	family:1addba6d28eb5765d1897dce24d06b42660a8d29	13/21	m2c	member-of:SLUS_013.95:0x80037838
rock_16	0x800EE240	func_800EE240	unique	3/13	m2c	member-of:rock_00:0x801EBF28
rock_16	0x800EE2B8	func_800EE2B8	unique	18/22	m2c	member-of:rock_10:0x800EC970
rock_16	0x800EE310	func_800EE310	unique	4/62	m2c	undrawn
rock_16	0x800EE410	func_800EE410	unique	8/10	m2c	member-of:SLUS_013.95:0x80049E50
rock_16	0x800EE438	func_800EE438	unique	8/10	m2c	member-of:SLUS_013.95:0x80049E50
rock_16	0x800EE460	func_800EE460	unique	13/83	m2c	undrawn
rock_16	0x800EE5AC	func_800EE5AC	unique	14/87	m2c	undrawn
rock_16	0x800EE744	func_800EE744	unique	6/42	m2c	undrawn
rock_16	0x800EE848	func_800EE848	unique	nocompile	m2c	undrawn
rock_16	0x800EEDA0	func_800EEDA0	unique	nocompile	m2c	undrawn
rock_16	0x800EEE80	func_800EEE80	unique	8/62	m2c	undrawn
rock_16	0x800EEF78	func_800EEF78	unique	12/59	m2c	undrawn
rock_16	0x800EF064	func_800EF064	unique	0/77	m2c	undrawn
rock_16	0x800EF198	func_800EF198	unique	26/64	m2c	undrawn
rock_16	0x800EF298	func_800EF298	unique	8/33	m2c	undrawn
rock_16	0x800EF31C	func_800EF31C	unique	1/33	m2c	undrawn
rock_16	0x800EF3A0	func_800EF3A0	family:ad15ab75a9c127aa40946a152fc1859960d73341	35/54	m2c	undrawn
rock_16	0x800EF478	func_800EF478	family:ad15ab75a9c127aa40946a152fc1859960d73341	35/54	m2c	member-of:rock_16:0x800EF3A0
rock_16	0x800EF550	func_800EF550	unique	31/34	m2c	undrawn
rock_16	0x800EF5D8	func_800EF5D8	unique	2/31	m2c	undrawn
rock_16	0x800EF6B0	func_800EF6B0	unique	nocompile	m2c	undrawn
rock_16	0x800EFAB4	func_800EFAB4	unique	31/56	m2c	undrawn
rock_16	0x800EFB94	func_800EFB94	unique	nocompile	m2c	undrawn
rock_16	0x800EFCC0	func_800EFCC0	unique	9/84	m2c	undrawn
rock_16	0x800EFE10	func_800EFE10	unique	7/84	m2c	undrawn
rock_16	0x800EFF60	func_800EFF60	unique	nocompile	m2c	undrawn
rock_16	0x800F0068	func_800F0068	family:41f9c0a0518dfca855a6ecd29ccbf405637d728a	60/90	m2c	undrawn
rock_16	0x800F01D0	func_800F01D0	family:41f9c0a0518dfca855a6ecd29ccbf405637d728a	60/90	m2c	member-of:rock_16:0x800F0068
rock_16	0x800F0338	func_800F0338	family:41f9c0a0518dfca855a6ecd29ccbf405637d728a	60/90	m2c	member-of:rock_16:0x800F0068
rock_16	0x800F0518	func_800F0518	unique	3/42	m2c	undrawn
rock_16	0x800F05C0	func_800F05C0	unique	24/30	m2c	undrawn
rock_16	0x800F0694	func_800F0694	unique	6/47	m2c	undrawn
rock_16	0x800F0750	func_800F0750	unique	3/54	m2c	member-of:rock_16:0x800F086C
rock_16	0x800F086C	func_800F086C	unique	2/52	m2c	undrawn
rock_17	0x800E986C	func_800E986C	unique	18/37	m2c	undrawn
rock_17	0x800E9900	func_800E9900	unique	18/37	m2c	member-of:rock_17:0x800E986C
rock_17	0x800E9994	func_800E9994	unique	0/61	m2c	undrawn
rock_17	0x800E9A88	func_800E9A88	unique	19/33	m2c	member-of:SLUS_013.95:0x8001D760
rock_17	0x800E9B68	func_800E9B68	dup:4620f47dc6c6ff7e3f8ab53b1b40918459483f03	10/13	m2c	member-of:rock_07:0x800ED0F0
rock_17	0x800E9BDC	func_800E9BDC	unique	16/19	m2c	member-of:rock_20:0x800EEAFC
rock_17	0x800E9C28	func_800E9C28	unique	8/34	m2c	undrawn
rock_17	0x800E9CB0	func_800E9CB0	unique	10/21	m2c	undrawn
rock_17	0x800E9D04	func_800E9D04	dup:8ea050aab572333c807b996f09389c86254be079	3/13	m2c	undrawn
rock_17	0x800E9DC8	func_800E9DC8	unique	7/25	m2c	undrawn
rock_17	0x800E9E2C	func_800E9E2C	unique	0/23	m2c	undrawn
rock_17	0x800E9E88	func_800E9E88	dup:8ea050aab572333c807b996f09389c86254be079	3/13	m2c	member-of:rock_17:0x800E9D04
rock_17	0x800E9EBC	func_800E9EBC	dup:4620f47dc6c6ff7e3f8ab53b1b40918459483f03	10/13	m2c	member-of:rock_07:0x800ED0F0
rock_17	0x800E9EF0	func_800E9EF0	unique	18/35	m2c	undrawn
rock_17	0x800E9F7C	func_800E9F7C	unique	9/20	m2c	member-of:SLUS_013.95:0x80037838
rock_17	0x800EA028	func_800EA028	unique	19/33	m2c	undrawn
rock_17	0x800EA0E0	func_800EA0E0	unique	18/32	m2c	undrawn
rock_17	0x800EA1A4	func_800EA1A4	unique	15/36	m2c	undrawn
rock_17	0x800EA278	func_800EA278	unique	19/20	m2c	undrawn
rock_18	0x800E98B0	func_800E98B0	unique	nocompile	m2c	undrawn
rock_18	0x800E9A64	func_800E9A64	unique	nocompile	m2c	undrawn
rock_18	0x800E9E44	func_800E9E44	unique	nocompile	m2c	undrawn
rock_18	0x800EA0E8	func_800EA0E8	unique	nocompile	m2c	member-of:SLUS_013.95:0x8002A76C
rock_18	0x800EA3F0	func_800EA3F0	dup:2af377663fae835d2ab30b5f5eba8c2ca9b82460	nocompile	m2c	undrawn
rock_18	0x800EA470	func_800EA470	family:bfa3ab8631bf7cbe18e81d44db645baae2927940	nocompile	m2c	undrawn
rock_18	0x800EA500	func_800EA500	unique	nocompile	m2c	undrawn
rock_18	0x800EA570	func_800EA570	unique	nocompile	m2c	undrawn
rock_18	0x800EA5C8	func_800EA5C8	dup:ff5c564d5260ae1492aa120510695f843264d630	nocompile	m2c	member-of:SLUS_013.95:0x8001D760
rock_18	0x800EA62C	func_800EA62C	unique	nocompile	m2c	undrawn
rock_18	0x800EA76C	func_800EA76C	unique	nocompile	m2c	undrawn
rock_18	0x800EA8C0	func_800EA8C0	unique	nocompile	m2c	undrawn
rock_18	0x800EA9D0	func_800EA9D0	unique	nocompile	m2c	undrawn
rock_18	0x800EAAC0	func_800EAAC0	unique	nocompile	m2c	undrawn
rock_18	0x800EAD9C	func_800EAD9C	unique	nocompile	m2c	undrawn
rock_18	0x800EAFF0	func_800EAFF0	unique	nocompile	m2c	undrawn
rock_18	0x800EB15C	func_800EB15C	dup:f156db759ac0ee58834080613bd2e7c469ed1c23	nocompile	m2c	undrawn
rock_18	0x800EB7B8	func_800EB7B8	dup:352b3313fe492edfc3b9503fa54d6eb4582c0399	nocompile	m2c	undrawn
rock_18	0x800EBBC8	func_800EBBC8	dup:3a0f9dcec759ddaf5cc7c0c4016d2ee1af2631e9	nocompile	m2c	undrawn
rock_18	0x800EC114	func_800EC114	dup:457707245750d69e2b71a56544e34bd860b12595	nocompile	m2c	undrawn
rock_18	0x800ECE54	func_800ECE54	unique	nocompile	m2c	undrawn
rock_18	0x800ED188	func_800ED188	unique	nocompile	m2c	undrawn
rock_18	0x800ED22C	func_800ED22C	unique	nocompile	m2c	undrawn
rock_18	0x800ED330	func_800ED330	x4	9/9	m2c	member-of:SLUS_013.95:0x80049E50
rock_18	0x800ED354	func_800ED354	unique	nocompile	m2c	undrawn
rock_18	0x800ED3F4	func_800ED3F4	dup:adba1a44c74d09de66bac238d64b547ea0f87b65	nocompile	m2c	undrawn
rock_18	0x800ED478	func_800ED478	dup:1c614c9496575dbfded8df3631ab3ef628e04f97	nocompile	m2c	member-of:rock_18:0x800EA470
rock_18	0x800ED50C	func_800ED50C	dup:90f6adb6d5e1401605d2bee098fd1c76d5a8f982	nocompile	m2c	member-of:rock_18:0x800EA3F0
rock_18	0x800ED58C	func_800ED58C	dup:90b44144c1d4fa6fbd122e910d759332ca2b058a	nocompile	m2c	member-of:rock_18:0x800EA470
rock_18	0x800ED61C	func_800ED61C	dup:2af377663fae835d2ab30b5f5eba8c2ca9b82460	nocompile	m2c	member-of:rock_18:0x800EA3F0
rock_18	0x800ED69C	func_800ED69C	dup:b28c188f6d5db48eaa065ddbf142dd7aef9fd4e8	nocompile	m2c	undrawn
rock_18	0x800ED6D4	func_800ED6D4	dup:954335af7779debe175bf775ef9ea4ba9d6a10b2	nocompile	m2c	jtbl-uncarved
rock_18	0x800ED760	func_800ED760	dup:ff5c564d5260ae1492aa120510695f843264d630	nocompile	m2c	member-of:SLUS_013.95:0x8001D760
rock_18	0x800ED7C4	func_800ED7C4	unique	nocompile	m2c	undrawn
rock_18	0x800ED87C	func_800ED87C	dup:aaf40b32374fa4c788fd589705573f0a9d034a69	nocompile	m2c	undrawn
rock_18	0x800ED920	func_800ED920	unique	nocompile	m2c	undrawn
rock_18	0x800ED96C	func_800ED96C	unique	nocompile	m2c	undrawn
rock_18	0x800EDA38	func_800EDA38	unique	nocompile	m2c	undrawn
rock_18	0x800EDBA8	func_800EDBA8	dup:7f693e46b2295478282394980377f04c2f3d08dc	nocompile	m2c	member-of:rock_11:0x800EA5F0
rock_18	0x800EDBC8	func_800EDBC8	dup:3d41d20871521bc1c3c59fbf8563545f9f334bf5	nocompile	m2c	undrawn
rock_18	0x800EDDB4	func_800EDDB4	dup:543c32cefdd4956e2d82f8335c25aafebfc3de7b	nocompile	m2c	member-of:rock_18:0x800EE368
rock_18	0x800EE368	func_800EE368	dup:5bfba14d91397241e9a2eeba1979914b33dfc2c1	nocompile	m2c	undrawn
rock_18	0x800EE900	func_800EE900	dup:3006bf0b9b16770f48e90e777996ae87bc8f5d3e	nocompile	m2c	undrawn
rock_18	0x800EEB0C	func_800EEB0C	dup:003bb64761644b4a21677ac21e8530a9695c3154	nocompile	m2c	member-of:rock_18:0x800EE900
rock_18	0x800EED18	func_800EED18	dup:b15f90b3d3954dc005b74a49d04c1da4318e19bf	nocompile	m2c	undrawn
rock_18	0x800EEF88	func_800EEF88	dup:b15f90b3d3954dc005b74a49d04c1da4318e19bf	nocompile	m2c	member-of:rock_18:0x800EED18
rock_18	0x800EF1F8	func_800EF1F8	dup:0825235c8ce74dc2e1aee19ba1ed10a5f9293711	nocompile	m2c	undrawn
rock_18	0x800EF548	func_800EF548	dup:965761f11d4b181996b2325da84aad66d7c2d330	nocompile	m2c	undrawn
rock_18	0x800EF6A4	func_800EF6A4	dup:7f693e46b2295478282394980377f04c2f3d08dc	nocompile	m2c	member-of:rock_11:0x800EA5F0
rock_18	0x800EF6C4	func_800EF6C4	dup:24bba8810ab185a0276f718c9c079122ab8088ea	nocompile	m2c	member-of:SLUS_013.95:0x8001A5F8
rock_18	0x800EF6D0	func_800EF6D0	dup:3857fe3df9c0d82ce0afb715b9cbccff152dfa5c	nocompile	m2c	undrawn
rock_18	0x800EF72C	func_800EF72C	dup:405d210843c2a85bddc3386a2aa46d297a9f7587	nocompile	m2c	member-of:rock_18:0x800EF6D0
rock_18	0x800EF788	func_800EF788	dup:73cf1785436be1fdac14d60f53d9975e3f3a6c37	nocompile	m2c	member-of:rock_18:0x800EF6D0
rock_18	0x800EF7E4	func_800EF7E4	dup:c68db2820ed18dd2a734369775b8d258afe0cda6	nocompile	m2c	undrawn
rock_18	0x800EF878	func_800EF878	dup:98b16893292eab975d4b8a687a58e9c0db177169	nocompile	m2c	undrawn
rock_18	0x800EF8D0	func_800EF8D0	dup:c68db2820ed18dd2a734369775b8d258afe0cda6	nocompile	m2c	member-of:rock_18:0x800EF7E4
rock_18	0x800EF964	func_800EF964	dup:c68db2820ed18dd2a734369775b8d258afe0cda6	nocompile	m2c	member-of:rock_18:0x800EF7E4
rock_18	0x800EF9F8	func_800EF9F8	dup:cf6c557f9b10eb41cacea0454e5a6b013991a0e2	nocompile	m2c	undrawn
rock_18	0x800EFA40	func_800EFA40	dup:89410e62c12f5e946be6985338a53e4056ada306	nocompile	m2c	undrawn
rock_18	0x800EFA6C	func_800EFA6C	dup:a032508297084b3bed293787dcc95782cccf3a15	nocompile	m2c	undrawn
rock_18	0x800EFADC	func_800EFADC	dup:cb283da9dbc517823098e5d54c262f533b302bc6	nocompile	m2c	undrawn
rock_18	0x800EFB44	func_800EFB44	dup:77e48a862e8c43c5af987836b1d4d5a78a9707ae	nocompile	m2c	undrawn
rock_18	0x800EFBFC	func_800EFBFC	dup:3cb2efbcc2c86d1cc92f88434506930f9351958e	nocompile	m2c	jtbl-uncarved
rock_18	0x800EFC78	func_800EFC78	dup:6dbc1dd4b74a2063f98c180b4c29bc31809a278a	nocompile	m2c	undrawn
rock_18	0x800EFDE4	func_800EFDE4	dup:01a62aaf22ea1d9a4620f65b3a7103afb82615bc	nocompile	m2c	undrawn
rock_18	0x800EFFD4	func_800EFFD4	dup:977bcf98624fe0eddebe136d3d6439b80ed68875	nocompile	m2c	undrawn
rock_18	0x800F00F4	func_800F00F4	dup:7f693e46b2295478282394980377f04c2f3d08dc	nocompile	m2c	member-of:rock_11:0x800EA5F0
rock_18	0x800F0114	func_800F0114	dup:a032508297084b3bed293787dcc95782cccf3a15	nocompile	m2c	member-of:rock_18:0x800EFA6C
rock_18	0x800F0184	func_800F0184	dup:2847c5cadea6fa09b85709368560afe04f847359	nocompile	m2c	member-of:rock_18:0x800EFA6C
rock_18	0x800F0218	func_800F0218	dup:a9c5aa25e50d26c3a1a553979ee413d2e7021133	nocompile	m2c	undrawn
rock_18	0x800F028C	func_800F028C	dup:cb283da9dbc517823098e5d54c262f533b302bc6	nocompile	m2c	member-of:rock_18:0x800EFADC
rock_18	0x800F02F4	func_800F02F4	dup:5313551741f06d99ce66cd45940f56c7056f19ad	nocompile	m2c	undrawn
rock_18	0x800F03C4	func_800F03C4	dup:7f693e46b2295478282394980377f04c2f3d08dc	nocompile	m2c	member-of:rock_11:0x800EA5F0
rock_18	0x800F03E4	func_800F03E4	dup:cbc003975dcbe35b1b6bc628846ab0ab7123b5c0	nocompile	m2c	undrawn
rock_18	0x800F0438	func_800F0438	dup:a3dacfbb28374a3a2a7dffb87c23ff1a3ba188cb	nocompile	m2c	member-of:rock_18:0x800EFA6C
rock_18	0x800F04A8	func_800F04A8	dup:466d4ea1529e9da092a1b8e997343742584e86a0	nocompile	m2c	undrawn
rock_18	0x800F04C8	func_800F04C8	dup:764688f9a30c31060c76a0c951f8ec9ac225f30b	nocompile	m2c	undrawn
rock_18	0x800F04F8	func_800F04F8	dup:7acee6ac264f0c43f7b68b18d06595c884b0c74c	nocompile	m2c	member-of:rock_18:0x800F04C8
rock_18	0x800F0528	func_800F0528	dup:117a497850e77416062603b30b23a9ec10810a57	nocompile	m2c	undrawn
rock_18	0x800F05C4	func_800F05C4	dup:cbc003975dcbe35b1b6bc628846ab0ab7123b5c0	nocompile	m2c	member-of:rock_18:0x800F03E4
rock_18	0x800F0618	func_800F0618	dup:cbc003975dcbe35b1b6bc628846ab0ab7123b5c0	nocompile	m2c	member-of:rock_18:0x800F03E4
rock_18	0x800F066C	func_800F066C	dup:0875eec47fbb0a7c535587f50c0708348a11142b	nocompile	m2c	undrawn
rock_18	0x800F0770	func_800F0770	dup:d210930a17b8a325ac8fb1fac0130b23014acedc	nocompile	m2c	undrawn
rock_18	0x800F07FC	func_800F07FC	dup:a8198fbf7586859a10bc771b7b095f7c54a09042	nocompile	m2c	undrawn
rock_18	0x800F0870	func_800F0870	dup:7f693e46b2295478282394980377f04c2f3d08dc	nocompile	m2c	member-of:rock_11:0x800EA5F0
rock_19	0x800E9864	func_800E9864	unique	nocompile	m2c	undrawn
rock_19	0x800E9958	func_800E9958	unique	nocompile	m2c	member-of:rock_19:0x800E9864
rock_19	0x800E9A50	func_800E9A50	unique	nocompile	m2c	undrawn
rock_19	0x800E9BDC	func_800E9BDC	dup:ffde10626a32f1d66176a682150de1412c4c33e3	nocompile	m2c	member-of:SLUS_013.95:0x8001D760
rock_19	0x800E9C30	func_800E9C30	unique	nocompile	m2c	undrawn
rock_19	0x800E9D54	func_800E9D54	unique	nocompile	m2c	undrawn
rock_19	0x800E9DEC	func_800E9DEC	unique	nocompile	m2c	undrawn
rock_19	0x800E9E60	func_800E9E60	unique	nocompile	m2c	undrawn
rock_19	0x800E9F14	func_800E9F14	unique	nocompile	m2c	undrawn
rock_19	0x800EA000	func_800EA000	unique	nocompile	m2c	undrawn
rock_19	0x800EA03C	func_800EA03C	unique	nocompile	m2c	undrawn
rock_19	0x800EA078	func_800EA078	dup:eeac32af68b96540c78512a1c12558143faa6272	nocompile	m2c	undrawn
rock_19	0x800EA09C	func_800EA09C	dup:abf56c7edb445a8b0f1c87738fc188e35871ca74	nocompile	m2c	undrawn
rock_19	0x800EA0C0	func_800EA0C0	dup:eeac32af68b96540c78512a1c12558143faa6272	nocompile	m2c	member-of:rock_19:0x800EA078
rock_19	0x800EA0E4	func_800EA0E4	dup:abf56c7edb445a8b0f1c87738fc188e35871ca74	nocompile	m2c	member-of:rock_19:0x800EA09C
rock_19	0x800EA144	func_800EA144	dup:7f693e46b2295478282394980377f04c2f3d08dc	nocompile	m2c	member-of:rock_11:0x800EA5F0
rock_20	0x800E98E0	func_800E98E0	unique	nocompile	m2c	undrawn
rock_20	0x800E9B58	func_800E9B58	dup:e7c6008421b1b192c65de7c0ff60c3fe5f318618	nocompile	m2c	undrawn
rock_20	0x800E9C4C	func_800E9C4C	dup:e7c6008421b1b192c65de7c0ff60c3fe5f318618	nocompile	m2c	member-of:rock_20:0x800E9B58
rock_20	0x800E9D40	func_800E9D40	dup:e7c6008421b1b192c65de7c0ff60c3fe5f318618	nocompile	m2c	member-of:rock_20:0x800E9B58
rock_20	0x800E9E34	func_800E9E34	unique	nocompile	m2c	undrawn
rock_20	0x800EA11C	func_800EA11C	dup:fa4cb3d197e5949a267e07ce188b24a4d7cd61a2	nocompile	m2c	undrawn
rock_20	0x800EA1F0	func_800EA1F0	unique	nocompile	m2c	undrawn
rock_20	0x800EAA80	func_800EAA80	dup:fa4cb3d197e5949a267e07ce188b24a4d7cd61a2	nocompile	m2c	member-of:rock_20:0x800EA11C
rock_20	0x800EAB54	func_800EAB54	dup:fa4cb3d197e5949a267e07ce188b24a4d7cd61a2	nocompile	m2c	member-of:rock_20:0x800EA11C
rock_20	0x800EAC28	func_800EAC28	unique	nocompile	m2c	undrawn
rock_20	0x800EAD70	func_800EAD70	unique	nocompile	m2c	undrawn
rock_20	0x800EAE98	func_800EAE98	unique	nocompile	m2c	undrawn
rock_20	0x800EAFD4	func_800EAFD4	unique	nocompile	m2c	undrawn
rock_20	0x800EB0CC	func_800EB0CC	unique	nocompile	m2c	member-of:rock_20:0x800EAFD4
rock_20	0x800EB1CC	func_800EB1CC	unique	nocompile	m2c	undrawn
rock_20	0x800EB2D4	func_800EB2D4	unique	nocompile	m2c	undrawn
rock_20	0x800EB69C	func_800EB69C	unique	nocompile	m2c	member-of:rock_20:0x800F01DC
rock_20	0x800EB78C	func_800EB78C	unique	nocompile	m2c	undrawn
rock_20	0x800EB964	func_800EB964	unique	nocompile	m2c	undrawn
rock_20	0x800EBB30	func_800EBB30	unique	nocompile	m2c	undrawn
rock_20	0x800EBD9C	func_800EBD9C	unique	nocompile	m2c	undrawn
rock_20	0x800EBF8C	func_800EBF8C	unique	nocompile	m2c	member-of:rock_18:0x800EAFF0
rock_20	0x800EC104	func_800EC104	unique	nocompile	m2c	undrawn
rock_20	0x800EC1F4	func_800EC1F4	unique	nocompile	m2c	undrawn
rock_20	0x800EC378	func_800EC378	unique	nocompile	m2c	member-of:rock_20:0x800EAD70
rock_20	0x800EC4A4	func_800EC4A4	dup:f156db759ac0ee58834080613bd2e7c469ed1c23	nocompile	m2c	member-of:rock_18:0x800EB15C
rock_20	0x800ECB00	func_800ECB00	dup:352b3313fe492edfc3b9503fa54d6eb4582c0399	nocompile	m2c	member-of:rock_18:0x800EB7B8
rock_20	0x800ECF10	func_800ECF10	dup:3a0f9dcec759ddaf5cc7c0c4016d2ee1af2631e9	nocompile	m2c	member-of:rock_18:0x800EBBC8
rock_20	0x800ED45C	func_800ED45C	dup:457707245750d69e2b71a56544e34bd860b12595	nocompile	m2c	member-of:rock_18:0x800EC114
rock_20	0x800EE19C	func_800EE19C	unique	nocompile	m2c	undrawn
rock_20	0x800EE4C0	func_800EE4C0	unique	nocompile	m2c	undrawn
rock_20	0x800EE6F4	func_800EE6F4	unique	nocompile	m2c	undrawn
rock_20	0x800EE878	func_800EE878	unique	nocompile	m2c	undrawn
rock_20	0x800EE95C	func_800EE95C	dup:7f693e46b2295478282394980377f04c2f3d08dc	nocompile	m2c	member-of:rock_11:0x800EA5F0
rock_20	0x800EE97C	func_800EE97C	dup:ff5c564d5260ae1492aa120510695f843264d630	nocompile	m2c	member-of:SLUS_013.95:0x8001D760
rock_20	0x800EEA1C	func_800EEA1C	unique	nocompile	m2c	undrawn
rock_20	0x800EEAC4	func_800EEAC4	family:46f0c26a7ccce592259149fcaf95e670dfb81bd2	nocompile	m2c	undrawn
rock_20	0x800EEAFC	func_800EEAFC	unique	nocompile	m2c	undrawn
rock_20	0x800EEB44	func_800EEB44	unique	nocompile	m2c	undrawn
rock_20	0x800EEB94	func_800EEB94	unique	nocompile	m2c	undrawn
rock_20	0x800EEBE8	func_800EEBE8	unique	nocompile	m2c	undrawn
rock_20	0x800EEC9C	func_800EEC9C	unique	nocompile	m2c	member-of:rock_07:0x800ED0F0
rock_20	0x800EECD8	func_800EECD8	dup:7e65a0d4df0e154b95b9a103621a4ea5fe358f70	nocompile	m2c	undrawn
rock_20	0x800EED04	func_800EED04	unique	nocompile	m2c	undrawn
rock_20	0x800EED6C	func_800EED6C	unique	nocompile	m2c	undrawn
rock_20	0x800EEDAC	func_800EEDAC	unique	nocompile	m2c	undrawn
rock_20	0x800EEE70	func_800EEE70	dup:13087bdedb2265a1097b19c839d12ff25648fc28	nocompile	m2c	undrawn
rock_20	0x800EEE9C	func_800EEE9C	family:9e2eacaed4699e90eb458f3c8af4ecc94d1f196c	nocompile	m2c	undrawn
rock_20	0x800EEEFC	func_800EEEFC	unique	nocompile	m2c	undrawn
rock_20	0x800EEF84	func_800EEF84	unique	nocompile	m2c	undrawn
rock_20	0x800EF034	func_800EF034	dup:13087bdedb2265a1097b19c839d12ff25648fc28	nocompile	m2c	member-of:rock_20:0x800EEE70
rock_20	0x800EF060	func_800EF060	family:9e2eacaed4699e90eb458f3c8af4ecc94d1f196c	nocompile	m2c	member-of:rock_20:0x800EEE9C
rock_20	0x800EF0C0	func_800EF0C0	unique	nocompile	m2c	undrawn
rock_20	0x800EF118	func_800EF118	family:6e143fdc3f3612d99c0b1dfff48d12bf50593456	nocompile	m2c	undrawn
rock_20	0x800EF170	func_800EF170	unique	nocompile	m2c	undrawn
rock_20	0x800EF1A4	func_800EF1A4	unique	nocompile	m2c	undrawn
rock_20	0x800EF230	func_800EF230	family:6e143fdc3f3612d99c0b1dfff48d12bf50593456	nocompile	m2c	member-of:rock_20:0x800EF118
rock_20	0x800EF288	func_800EF288	unique	nocompile	m2c	undrawn
rock_20	0x800EF2EC	func_800EF2EC	unique	nocompile	m2c	member-of:rock_20:0x800EF1A4
rock_20	0x800EF38C	func_800EF38C	unique	nocompile	m2c	member-of:rock_20:0x800EED6C
rock_20	0x800EF3D8	func_800EF3D8	unique	nocompile	m2c	undrawn
rock_20	0x800EF4A0	func_800EF4A0	unique	nocompile	m2c	undrawn
rock_20	0x800EF4DC	func_800EF4DC	family:6e143fdc3f3612d99c0b1dfff48d12bf50593456	nocompile	m2c	member-of:rock_20:0x800EF118
rock_20	0x800EF534	func_800EF534	unique	nocompile	m2c	undrawn
rock_20	0x800EF5FC	func_800EF5FC	dup:7e65a0d4df0e154b95b9a103621a4ea5fe358f70	nocompile	m2c	member-of:rock_20:0x800EECD8
rock_20	0x800EF628	func_800EF628	family:c478ec085a600902fa7505909e4468137e8c9cc9	nocompile	m2c	undrawn
rock_20	0x800EF674	func_800EF674	unique	nocompile	m2c	undrawn
rock_20	0x800EF6D0	func_800EF6D0	dup:d7066014f099789b125c1d66f63ffd33c813dbf3	nocompile	m2c	member-of:rock_07:0x800ED0F0
rock_20	0x800EF704	func_800EF704	x4	17/17	m2c	member-of:rock_07:0x800ED0F0
rock_20	0x800EF748	func_800EF748	unique	nocompile	m2c	undrawn
rock_20	0x800EF838	func_800EF838	unique	nocompile	m2c	undrawn
rock_20	0x800EF89C	func_800EF89C	unique	nocompile	m2c	undrawn
rock_20	0x800EF8C4	func_800EF8C4	unique	nocompile	m2c	undrawn
rock_20	0x800EF9A4	func_800EF9A4	dup:d7066014f099789b125c1d66f63ffd33c813dbf3	nocompile	m2c	member-of:rock_07:0x800ED0F0
rock_20	0x800EF9D8	func_800EF9D8	family:2975451d1362a5da5fefba3d51b276720af3d1ea	nocompile	m2c	member-of:rock_20:0x800EECD8
rock_20	0x800EFA04	func_800EFA04	unique	nocompile	m2c	undrawn
rock_20	0x800EFAE0	func_800EFAE0	unique	nocompile	m2c	undrawn
rock_20	0x800EFB44	func_800EFB44	unique	nocompile	m2c	undrawn
rock_20	0x800EFC08	func_800EFC08	family:ac44d341e6484f6963278ac3a009295394c74ed1	nocompile	m2c	undrawn
rock_20	0x800EFC1C	func_800EFC1C	unique	nocompile	m2c	undrawn
rock_20	0x800EFC74	func_800EFC74	x4	77/77	m2c	undrawn
rock_20	0x800EFDE4	func_800EFDE4	unique	nocompile	m2c	member-of:rock_20:0x800EFF28
rock_20	0x800EFE40	func_800EFE40	dup:7678540574197b420f17571673856a74783eb9d5	nocompile	m2c	member-of:rock_11:0x800EA750
rock_20	0x800EFE84	func_800EFE84	dup:aaf40b32374fa4c788fd589705573f0a9d034a69	nocompile	m2c	member-of:rock_18:0x800ED87C
rock_20	0x800EFF28	func_800EFF28	unique	nocompile	m2c	undrawn
rock_20	0x800EFF80	func_800EFF80	unique	nocompile	m2c	member-of:rock_18:0x800ED87C
rock_20	0x800F0030	func_800F0030	unique	nocompile	m2c	undrawn
rock_20	0x800F0100	func_800F0100	unique	nocompile	m2c	undrawn
rock_20	0x800F01DC	func_800F01DC	unique	nocompile	m2c	undrawn
rock_20	0x800F02A0	func_800F02A0	dup:adba1a44c74d09de66bac238d64b547ea0f87b65	nocompile	m2c	member-of:rock_18:0x800ED3F4
rock_20	0x800F0324	func_800F0324	dup:1c614c9496575dbfded8df3631ab3ef628e04f97	nocompile	m2c	member-of:rock_18:0x800EA470
rock_20	0x800F03B8	func_800F03B8	dup:90f6adb6d5e1401605d2bee098fd1c76d5a8f982	nocompile	m2c	member-of:rock_18:0x800EA3F0
rock_20	0x800F0438	func_800F0438	dup:90b44144c1d4fa6fbd122e910d759332ca2b058a	nocompile	m2c	member-of:rock_18:0x800EA470
rock_20	0x800F04C8	func_800F04C8	unique	nocompile	m2c	undrawn
rock_20	0x800F054C	func_800F054C	unique	nocompile	m2c	undrawn
rock_20	0x800F05AC	func_800F05AC	unique	nocompile	m2c	undrawn
rock_20	0x800F05E8	func_800F05E8	unique	nocompile	m2c	undrawn
rock_20	0x800F0630	func_800F0630	dup:b28c188f6d5db48eaa065ddbf142dd7aef9fd4e8	nocompile	m2c	member-of:rock_18:0x800ED69C
rock_20	0x800F0668	func_800F0668	unique	nocompile	m2c	undrawn
rock_20	0x800F06F4	func_800F06F4	family:6519c5ab628c0a4e8ac8a09314bf66d1906c9b23	nocompile	m2c	member-of:SLUS_013.95:0x8004FF4C
rock_20	0x800F0724	func_800F0724	unique	nocompile	m2c	undrawn
rock_20	0x800F0784	func_800F0784	unique	nocompile	m2c	undrawn
rock_20	0x800F07B4	func_800F07B4	dup:954335af7779debe175bf775ef9ea4ba9d6a10b2	nocompile	m2c	jtbl-uncarved
rock_20	0x800F0840	func_800F0840	unique	nocompile	m2c	undrawn
rock_20	0x800F08D0	func_800F08D0	unique	nocompile	m2c	undrawn
rock_20	0x800F0968	func_800F0968	dup:3d41d20871521bc1c3c59fbf8563545f9f334bf5	nocompile	m2c	member-of:rock_18:0x800EDBC8
rock_20	0x800F0B54	func_800F0B54	dup:543c32cefdd4956e2d82f8335c25aafebfc3de7b	nocompile	m2c	member-of:rock_18:0x800EE368
rock_20	0x800F1108	func_800F1108	dup:5bfba14d91397241e9a2eeba1979914b33dfc2c1	nocompile	m2c	member-of:rock_18:0x800EE368
rock_20	0x800F16A0	func_800F16A0	dup:3006bf0b9b16770f48e90e777996ae87bc8f5d3e	nocompile	m2c	member-of:rock_18:0x800EE900
rock_20	0x800F18AC	func_800F18AC	dup:003bb64761644b4a21677ac21e8530a9695c3154	nocompile	m2c	member-of:rock_18:0x800EE900
rock_20	0x800F1AB8	func_800F1AB8	dup:b15f90b3d3954dc005b74a49d04c1da4318e19bf	nocompile	m2c	member-of:rock_18:0x800EED18
rock_20	0x800F1D28	func_800F1D28	dup:b15f90b3d3954dc005b74a49d04c1da4318e19bf	nocompile	m2c	member-of:rock_18:0x800EED18
rock_20	0x800F1F98	func_800F1F98	dup:0825235c8ce74dc2e1aee19ba1ed10a5f9293711	nocompile	m2c	member-of:rock_18:0x800EF1F8
rock_20	0x800F22E8	func_800F22E8	dup:965761f11d4b181996b2325da84aad66d7c2d330	nocompile	m2c	member-of:rock_18:0x800EF548
rock_20	0x800F2444	func_800F2444	dup:7f693e46b2295478282394980377f04c2f3d08dc	nocompile	m2c	member-of:rock_11:0x800EA5F0
rock_20	0x800F2464	func_800F2464	dup:24bba8810ab185a0276f718c9c079122ab8088ea	nocompile	m2c	member-of:SLUS_013.95:0x8001A5F8
rock_20	0x800F2470	func_800F2470	dup:3857fe3df9c0d82ce0afb715b9cbccff152dfa5c	nocompile	m2c	member-of:rock_18:0x800EF6D0
rock_20	0x800F24CC	func_800F24CC	dup:405d210843c2a85bddc3386a2aa46d297a9f7587	nocompile	m2c	member-of:rock_18:0x800EF6D0
rock_20	0x800F2528	func_800F2528	dup:73cf1785436be1fdac14d60f53d9975e3f3a6c37	nocompile	m2c	member-of:rock_18:0x800EF6D0
rock_20	0x800F2584	func_800F2584	dup:c68db2820ed18dd2a734369775b8d258afe0cda6	nocompile	m2c	member-of:rock_18:0x800EF7E4
rock_20	0x800F2618	func_800F2618	dup:98b16893292eab975d4b8a687a58e9c0db177169	nocompile	m2c	member-of:rock_18:0x800EF878
rock_20	0x800F2670	func_800F2670	dup:c68db2820ed18dd2a734369775b8d258afe0cda6	nocompile	m2c	member-of:rock_18:0x800EF7E4
rock_20	0x800F2704	func_800F2704	dup:c68db2820ed18dd2a734369775b8d258afe0cda6	nocompile	m2c	member-of:rock_18:0x800EF7E4
rock_20	0x800F2798	func_800F2798	dup:cf6c557f9b10eb41cacea0454e5a6b013991a0e2	nocompile	m2c	member-of:rock_18:0x800EF9F8
rock_20	0x800F27E0	func_800F27E0	dup:89410e62c12f5e946be6985338a53e4056ada306	nocompile	m2c	member-of:rock_18:0x800EFA40
rock_20	0x800F280C	func_800F280C	dup:a032508297084b3bed293787dcc95782cccf3a15	nocompile	m2c	member-of:rock_18:0x800EFA6C
rock_20	0x800F287C	func_800F287C	dup:cb283da9dbc517823098e5d54c262f533b302bc6	nocompile	m2c	member-of:rock_18:0x800EFADC
rock_20	0x800F28E4	func_800F28E4	dup:77e48a862e8c43c5af987836b1d4d5a78a9707ae	nocompile	m2c	member-of:rock_18:0x800EFB44
rock_20	0x800F299C	func_800F299C	dup:3cb2efbcc2c86d1cc92f88434506930f9351958e	nocompile	m2c	jtbl-uncarved
rock_20	0x800F2A18	func_800F2A18	dup:6dbc1dd4b74a2063f98c180b4c29bc31809a278a	nocompile	m2c	member-of:rock_18:0x800EFC78
rock_20	0x800F2B84	func_800F2B84	dup:01a62aaf22ea1d9a4620f65b3a7103afb82615bc	nocompile	m2c	member-of:rock_18:0x800EFDE4
rock_20	0x800F2D74	func_800F2D74	dup:977bcf98624fe0eddebe136d3d6439b80ed68875	nocompile	m2c	member-of:rock_18:0x800EFFD4
rock_20	0x800F2E94	func_800F2E94	dup:7f693e46b2295478282394980377f04c2f3d08dc	nocompile	m2c	member-of:rock_11:0x800EA5F0
rock_20	0x800F2EB4	func_800F2EB4	dup:a032508297084b3bed293787dcc95782cccf3a15	nocompile	m2c	member-of:rock_18:0x800EFA6C
rock_20	0x800F2F24	func_800F2F24	dup:2847c5cadea6fa09b85709368560afe04f847359	nocompile	m2c	member-of:rock_18:0x800EFA6C
rock_20	0x800F2FB8	func_800F2FB8	dup:a9c5aa25e50d26c3a1a553979ee413d2e7021133	nocompile	m2c	member-of:rock_18:0x800F0218
rock_20	0x800F302C	func_800F302C	dup:cb283da9dbc517823098e5d54c262f533b302bc6	nocompile	m2c	member-of:rock_18:0x800EFADC
rock_20	0x800F3094	func_800F3094	dup:5313551741f06d99ce66cd45940f56c7056f19ad	nocompile	m2c	member-of:rock_18:0x800F02F4
rock_20	0x800F3164	func_800F3164	dup:7f693e46b2295478282394980377f04c2f3d08dc	nocompile	m2c	member-of:rock_11:0x800EA5F0
rock_20	0x800F3184	func_800F3184	dup:cbc003975dcbe35b1b6bc628846ab0ab7123b5c0	nocompile	m2c	member-of:rock_18:0x800F03E4
rock_20	0x800F31D8	func_800F31D8	dup:a3dacfbb28374a3a2a7dffb87c23ff1a3ba188cb	nocompile	m2c	member-of:rock_18:0x800EFA6C
rock_20	0x800F3248	func_800F3248	dup:466d4ea1529e9da092a1b8e997343742584e86a0	nocompile	m2c	member-of:rock_18:0x800F04A8
rock_20	0x800F3268	func_800F3268	dup:764688f9a30c31060c76a0c951f8ec9ac225f30b	nocompile	m2c	member-of:rock_18:0x800F04C8
rock_20	0x800F3298	func_800F3298	dup:7acee6ac264f0c43f7b68b18d06595c884b0c74c	nocompile	m2c	member-of:rock_18:0x800F04C8
rock_20	0x800F32C8	func_800F32C8	dup:117a497850e77416062603b30b23a9ec10810a57	nocompile	m2c	member-of:rock_18:0x800F0528
rock_20	0x800F3364	func_800F3364	dup:cbc003975dcbe35b1b6bc628846ab0ab7123b5c0	nocompile	m2c	member-of:rock_18:0x800F03E4
rock_20	0x800F33B8	func_800F33B8	dup:cbc003975dcbe35b1b6bc628846ab0ab7123b5c0	nocompile	m2c	member-of:rock_18:0x800F03E4
rock_20	0x800F340C	func_800F340C	dup:0875eec47fbb0a7c535587f50c0708348a11142b	nocompile	m2c	member-of:rock_18:0x800F066C
rock_20	0x800F3510	func_800F3510	dup:d210930a17b8a325ac8fb1fac0130b23014acedc	nocompile	m2c	member-of:rock_18:0x800F0770
rock_20	0x800F359C	func_800F359C	dup:a8198fbf7586859a10bc771b7b095f7c54a09042	nocompile	m2c	member-of:rock_18:0x800F07FC
rock_20	0x800F3610	func_800F3610	dup:7f693e46b2295478282394980377f04c2f3d08dc	nocompile	m2c	member-of:rock_11:0x800EA5F0
rock_21	0x800E9864	func_800E9864	unique	nocompile	m2c	undrawn
rock_21	0x800E9C9C	func_800E9C9C	family:3b1b6c6ca0d71d4e3ef0bdb10a937f9ddf88c58a	nocompile	m2c	undrawn
rock_21	0x800E9DA8	func_800E9DA8	family:62198524c19224e5bd9ea4836a5923ec2bc5e3cd	nocompile	m2c	undrawn
rock_21	0x800E9FA4	func_800E9FA4	family:62198524c19224e5bd9ea4836a5923ec2bc5e3cd	nocompile	m2c	member-of:rock_21:0x800E9DA8
rock_21	0x800EA1A0	func_800EA1A0	unique	nocompile	m2c	member-of:rock_21:0x800E9DA8
rock_21	0x800EA3A8	func_800EA3A8	family:62198524c19224e5bd9ea4836a5923ec2bc5e3cd	nocompile	m2c	member-of:rock_21:0x800E9DA8
rock_21	0x800EA5A4	func_800EA5A4	unique	nocompile	m2c	member-of:rock_21:0x800EC36C
rock_21	0x800EA6A4	func_800EA6A4	family:3b1b6c6ca0d71d4e3ef0bdb10a937f9ddf88c58a	nocompile	m2c	member-of:rock_21:0x800E9C9C
rock_21	0x800EA7B0	func_800EA7B0	unique	nocompile	m2c	undrawn
rock_21	0x800EB70C	func_800EB70C	unique	nocompile	m2c	member-of:SLUS_013.95:0x8001D760
rock_21	0x800EB764	func_800EB764	unique	nocompile	m2c	undrawn
rock_21	0x800EB7A4	func_800EB7A4	unique	nocompile	m2c	undrawn
rock_21	0x800EB844	func_800EB844	unique	nocompile	m2c	undrawn
rock_21	0x800EB928	func_800EB928	unique	nocompile	m2c	member-of:rock_21:0x800EC458
rock_21	0x800EB97C	func_800EB97C	unique	nocompile	m2c	undrawn
rock_21	0x800EBA18	func_800EBA18	family:2a81d9adcb93fdcad90c28bba505bb06b50b8312	nocompile	m2c	member-of:rock_21:0x800EBAB4
rock_21	0x800EBAB4	func_800EBAB4	dup:087fa83f0f5c07360d1d64219b7564bbf91c89bc	nocompile	m2c	undrawn
rock_21	0x800EBB44	func_800EBB44	family:970c1d7850dfb42f5ed1b6eb4602f41efe436993	nocompile	m2c	undrawn
rock_21	0x800EBBB0	func_800EBBB0	family:2a81d9adcb93fdcad90c28bba505bb06b50b8312	nocompile	m2c	member-of:rock_21:0x800EBAB4
rock_21	0x800EBC4C	func_800EBC4C	dup:087fa83f0f5c07360d1d64219b7564bbf91c89bc	nocompile	m2c	member-of:rock_21:0x800EBAB4
rock_21	0x800EBCDC	func_800EBCDC	family:970c1d7850dfb42f5ed1b6eb4602f41efe436993	nocompile	m2c	member-of:rock_21:0x800EBB44
rock_21	0x800EBD48	func_800EBD48	family:2a81d9adcb93fdcad90c28bba505bb06b50b8312	nocompile	m2c	member-of:rock_21:0x800EBAB4
rock_21	0x800EBDE4	func_800EBDE4	dup:087fa83f0f5c07360d1d64219b7564bbf91c89bc	nocompile	m2c	member-of:rock_21:0x800EBAB4
rock_21	0x800EBE74	func_800EBE74	family:970c1d7850dfb42f5ed1b6eb4602f41efe436993	nocompile	m2c	member-of:rock_21:0x800EBB44
rock_21	0x800EBEE0	func_800EBEE0	family:2a81d9adcb93fdcad90c28bba505bb06b50b8312	nocompile	m2c	member-of:rock_21:0x800EBAB4
rock_21	0x800EBF7C	func_800EBF7C	dup:087fa83f0f5c07360d1d64219b7564bbf91c89bc	nocompile	m2c	member-of:rock_21:0x800EBAB4
rock_21	0x800EC00C	func_800EC00C	family:970c1d7850dfb42f5ed1b6eb4602f41efe436993	nocompile	m2c	member-of:rock_21:0x800EBB44
rock_21	0x800EC078	func_800EC078	family:2a81d9adcb93fdcad90c28bba505bb06b50b8312	nocompile	m2c	member-of:rock_21:0x800EBAB4
rock_21	0x800EC114	func_800EC114	dup:087fa83f0f5c07360d1d64219b7564bbf91c89bc	nocompile	m2c	member-of:rock_21:0x800EBAB4
rock_21	0x800EC1A4	func_800EC1A4	family:2a81d9adcb93fdcad90c28bba505bb06b50b8312	nocompile	m2c	member-of:rock_21:0x800EBAB4
rock_21	0x800EC240	func_800EC240	family:2a81d9adcb93fdcad90c28bba505bb06b50b8312	nocompile	m2c	member-of:rock_21:0x800EBAB4
rock_21	0x800EC2DC	func_800EC2DC	dup:087fa83f0f5c07360d1d64219b7564bbf91c89bc	nocompile	m2c	member-of:rock_21:0x800EBAB4
rock_21	0x800EC36C	func_800EC36C	unique	nocompile	m2c	undrawn
rock_21	0x800EC458	func_800EC458	unique	nocompile	m2c	undrawn
rock_21	0x800EC4A8	func_800EC4A8	unique	nocompile	m2c	undrawn
rock_21	0x800EC54C	func_800EC54C	unique	nocompile	m2c	undrawn
rock_21	0x800EC5E8	func_800EC5E8	unique	nocompile	m2c	member-of:rock_21:0x800EC54C
rock_21	0x800EC684	func_800EC684	family:abec7169bc3041fc0436d63160fc9765801130e9	nocompile	m2c	member-of:rock_21:0x800EC54C
rock_21	0x800EC724	func_800EC724	family:abec7169bc3041fc0436d63160fc9765801130e9	nocompile	m2c	member-of:rock_21:0x800EC54C
rock_21	0x800EC7C4	func_800EC7C4	family:abec7169bc3041fc0436d63160fc9765801130e9	nocompile	m2c	member-of:rock_21:0x800EC54C
rock_21	0x800EC864	func_800EC864	unique	nocompile	m2c	member-of:rock_21:0x800EC54C
rock_21	0x800EC918	func_800EC918	dup:087d9567da2a528b5746570cd0ee1f1c0706bcaa	nocompile	m2c	member-of:rock_07:0x800ED0F0
rock_21	0x800EC95C	func_800EC95C	unique	nocompile	m2c	undrawn
rock_21	0x800ECA18	func_800ECA18	dup:e6a37606d0a4e34a88b804cf4de592b651863e80	nocompile	m2c	member-of:SLUS_013.95:0x8001DBD8
rock_21	0x800ECA44	func_800ECA44	dup:087d9567da2a528b5746570cd0ee1f1c0706bcaa	nocompile	m2c	member-of:rock_07:0x800ED0F0
rock_21	0x800ECA88	func_800ECA88	unique	nocompile	m2c	undrawn
rock_21	0x800ECAF8	func_800ECAF8	unique	nocompile	m2c	undrawn
rock_21	0x800ECB50	func_800ECB50	unique	nocompile	m2c	undrawn
rock_21	0x800ECB8C	func_800ECB8C	dup:83f25a3faba9d1a448dcab6ccfeea86c476053a3	nocompile	m2c	member-of:rock_22:0x800FA8A0
rock_22	0x800E9BD8	func_800E9BD8	dup:ca2c18c183a39afe1700fa3fae9f5e0ac099f194	nocompile	m2c	member-of:rock_04:0x800ED3A4
rock_22	0x800EA03C	func_800EA03C	dup:5758981aca9f3c6e6a4c407b75accbda8fcf16a8	nocompile	m2c	jtbl-uncarved
rock_22	0x800EA39C	func_800EA39C	dup:ee0858fef9555f18ba955aa03a3a019fb19632a4	nocompile	m2c	jtbl-uncarved
rock_22	0x800EA770	func_800EA770	unique	0/175	m2c	undrawn
rock_22	0x800EAA2C	func_800EAA2C	unique	0/79	m2c	member-of:rock_22:0x800EB27C
rock_22	0x800EAB68	func_800EAB68	unique	0/101	m2c	undrawn
rock_22	0x800EACFC	func_800EACFC	dup:7255f1b8a02e3cf49aa806db2a8b17da3d40969c	0/81	m2c	member-of:rock_22:0x800EB27C
rock_22	0x800EAE40	func_800EAE40	unique	0/85	m2c	member-of:rock_22:0x800EB27C
rock_22	0x800EAF94	func_800EAF94	family:a993cd739eb6b238b7113010c646a54154144573	0/92	m2c	undrawn
rock_22	0x800EB104	func_800EB104	unique	0/94	m2c	member-of:rock_22:0x800EAF94
rock_22	0x800EB27C	func_800EB27C	unique	0/79	m2c	undrawn
rock_22	0x800EB3B8	func_800EB3B8	unique	0/81	m2c	member-of:rock_22:0x800EB27C
rock_22	0x800EB4FC	func_800EB4FC	unique	0/101	m2c	member-of:rock_22:0x800EAB68
rock_22	0x800EB690	func_800EB690	dup:7255f1b8a02e3cf49aa806db2a8b17da3d40969c	0/81	m2c	member-of:rock_22:0x800EB27C
rock_22	0x800EB7D4	func_800EB7D4	unique	0/82	m2c	member-of:rock_22:0x800EB27C
rock_22	0x800EB91C	func_800EB91C	family:a993cd739eb6b238b7113010c646a54154144573	0/92	m2c	member-of:rock_22:0x800EAF94
rock_22	0x800EBA8C	func_800EBA8C	unique	5/91	m2c	undrawn
rock_22	0x800EBBF8	func_800EBBF8	dup:092b78e20e4a8e3dd6f0100e81da3d0b6b44ca35	8/19	m2c	member-of:SLUS_013.95:0x80046C64
rock_22	0x800EBC6C	func_800EBC6C	unique	22/30	m2c	undrawn
rock_22	0x800EBD14	func_800EBD14	unique	29/32	m2c	undrawn
rock_22	0x800EBD94	func_800EBD94	unique	8/64	m2c	undrawn
rock_22	0x800EBE94	func_800EBE94	unique	1/24	m2c	undrawn
rock_22	0x800EBEF4	func_800EBEF4	unique	26/30	m2c	undrawn
rock_22	0x800EBF6C	func_800EBF6C	unique	9/48	m2c	member-of:rock_22:0x800EC2B4
rock_22	0x800EC0E8	func_800EC0E8	unique	28/47	m2c	member-of:rock_22:0x800EC4D4
rock_22	0x800EC1E0	func_800EC1E0	unique	1/28	m2c	undrawn
rock_22	0x800EC2B4	func_800EC2B4	unique	9/47	m2c	undrawn
rock_22	0x800EC4D4	func_800EC4D4	unique	19/38	m2c	undrawn
rock_22	0x800EC584	func_800EC584	unique	0/59	m2c	undrawn
rock_22	0x800EC670	func_800EC670	dup:e8669581fbedc190aa015d020f466dd506c8e5d9	nocompile	m2c	member-of:rock_04:0x800E9B30
rock_22	0x800EC7C4	func_800EC7C4	dup:e71bf064eeae7b268a015a8542a782ab44020576	41/94	m2c	member-of:rock_04:0x800E9C84
rock_22	0x800EC93C	func_800EC93C	dup:e4207112aeea553eb97e393a691df06150ea3c83	nocompile	m2c	member-of:rock_04:0x800E9DFC
rock_22	0x800ECB88	func_800ECB88	dup:1d1640e250e84c07fcd489aaacac88413911f66a	22/152	m2c	member-of:rock_04:0x800EA048
rock_22	0x800ECDE8	func_800ECDE8	dup:0b1e95c610ae1d57002bc0c938ac60681c44114e	nocompile	m2c	member-of:rock_04:0x800EA2A8
rock_22	0x800ED14C	func_800ED14C	dup:82a7de7aad574a39ba0ff7e19abca007b633f1b7	nocompile	m2c	member-of:rock_04:0x800EA2A8
rock_22	0x800ED4B0	func_800ED4B0	dup:6f932ae68e2a18240a60e0dc002254f4e7764fad	nocompile	m2c	member-of:rock_04:0x800EA970
rock_22	0x800ED7AC	func_800ED7AC	dup:ab126974fcd8b708f5d3899f16fbe9fca68a9e7d	nocompile	m2c	member-of:rock_04:0x800EA970
rock_22	0x800EDAA8	func_800EDAA8	dup:41d5465e740bf6fae2e858a9ee1e14dc1e1e4186	21/106	m2c	member-of:rock_04:0x800EAF68
rock_22	0x800EDC50	func_800EDC50	dup:8c4a249319df85aa955429b3a209272be1fcdfca	24/99	m2c	member-of:rock_04:0x800EB110
rock_22	0x800EDDDC	func_800EDDDC	dup:8c37de06817377734eee430ef5b32293767e6107	32/75	m2c	member-of:rock_04:0x800EB29C
rock_22	0x800EDF08	func_800EDF08	dup:c5c99704794609bb452e9f599108e2d0402c41bc	36/118	m2c	member-of:rock_04:0x800EB3C8
rock_22	0x800EE0E0	func_800EE0E0	dup:fb9361bbbe10d4161f8025d1ca10f8e0f5b9826c	13/24	m2c	member-of:SLUS_013.95:0x80037838
rock_22	0x800EE1B0	func_800EE1B0	dup:b78bb1bdab260f5a196baa153046a318baac32f9	37/56	m2c	member-of:rock_45:0x800FC7D8
rock_22	0x800EE290	func_800EE290	dup:1fc54f000ad5d7b0976b2430b6186144c812fe86	34/52	m2c	member-of:rock_04:0x800EB750
rock_22	0x800EE3A0	func_800EE3A0	dup:68da6d4df13bbf21f2d5c7c09f4c24e818096786	7/59	m2c	member-of:rock_04:0x800EB860
rock_22	0x800EE4AC	func_800EE4AC	dup:a63a8bb8146a9c0b38c684c342a6a335b89a67e4	6/89	m2c	member-of:rock_09:0x800EBFA4
rock_22	0x800EE610	func_800EE610	dup:acd8250d09daedb7786ab6755f9c0a8b6218ab9c	2/101	m2c	member-of:rock_09:0x800EC108
rock_22	0x800EE840	func_800EE840	dup:404516d3d41da670a5d411d79deec94513d1cdaf	9/18	m2c	member-of:SLUS_013.95:0x80037838
rock_22	0x800EE888	func_800EE888	dup:c21d8b683171bb3abb52a614f4c9ba83e700a7ab	9/14	m2c	member-of:rock_07:0x800ED0F0
rock_22	0x800EE8C0	func_800EE8C0	dup:bc52a96f81030d249add15a2a866c74dc4b409a3	11/53	m2c	member-of:rock_09:0x800EC3B8
rock_22	0x800EE9D0	func_800EE9D0	dup:32f9f02b5c881815c8dadab4958a83c428324aa3	19/20	m2c	member-of:rock_09:0x800EC4C8
rock_22	0x800EEA20	func_800EEA20	dup:b8c90aca8278ba81a040d5e540f69d3d3a0234c6	12/23	m2c	member-of:rock_09:0x800EC518
rock_22	0x800EEA7C	func_800EEA7C	dup:43d0f0508ea65d95629164a5f5457fc40fa6586c	14/20	m2c	member-of:rock_09:0x800EC574
rock_22	0x800EEB08	func_800EEB08	dup:cf837a1e95d897456bcd4fbf5595990f39f7c29d	4/23	m2c	member-of:rock_09:0x800EC600
rock_22	0x800EEBCC	func_800EEBCC	dup:d3f6549296933927fddec62b430026d215f34e17	6/27	m2c	member-of:rock_09:0x800EC600
rock_22	0x800EECA0	func_800EECA0	dup:c8bc57b36bd7a401794b7bd55690e8094957fa4c	nocompile	m2c	member-of:rock_09:0x800EC798
rock_22	0x800EEDC8	func_800EEDC8	dup:551fe75c1ef02f5c219c50b96f81769024476729	11/14	m2c	member-of:rock_09:0x800EC8C0
rock_22	0x800EEE38	func_800EEE38	dup:404516d3d41da670a5d411d79deec94513d1cdaf	9/18	m2c	member-of:SLUS_013.95:0x80037838
rock_22	0x800EEE80	func_800EEE80	dup:07168783a7151aa2c614dd0288376c1f0217cac8	12/22	m2c	member-of:rock_09:0x800EC978
rock_22	0x800EEED8	func_800EEED8	dup:9056238caab51a197711ae502fc01514f75f078d	32/40	m2c	member-of:rock_09:0x800EC9D0
rock_22	0x800EEF78	func_800EEF78	dup:d7798d86256f0afdabaae73146d796ab6b1bcb4c	10/12	m2c	member-of:rock_05:0x800F2B4C
rock_22	0x800EEFA8	func_800EEFA8	dup:67d5b3a77d29bfbc0aab43038f28a2ac0525e482	23/42	m2c	jtbl-uncarved
rock_22	0x800EF08C	func_800EF08C	dup:2813e9c7df47f66f66efeab008e25de92af5aed8	17/35	m2c	member-of:rock_09:0x800ECB84
rock_22	0x800EF118	func_800EF118	dup:01e331a933cab1cc9de64cc1c5411e32528392b8	52/58	m2c	member-of:rock_06:0x800EB4D4
rock_22	0x800EF228	func_800EF228	dup:30b8b2385baf03b7f06cc25824f9755cef915eec	nocompile	m2c	member-of:rock_10:0x800EA13C
rock_22	0x800EF5B8	func_800EF5B8	dup:336352b3624c4742754869945edccebb3855d63c	41/97	m2c	member-of:rock_10:0x800EA4CC
rock_22	0x800EF73C	func_800EF73C	dup:8c4979a0cfeb1e27a98b7b2e0adaf1ad4c70d407	nocompile	m2c	member-of:rock_10:0x800EA650
rock_22	0x800EF8B4	func_800EF8B4	dup:2d7b36afb472798e785aabbf154000ed0f6b45c9	nocompile	m2c	member-of:rock_10:0x800EA7C8
rock_22	0x800EFAEC	func_800EFAEC	dup:f7ad3a8dedf6382ac603a2edd9e4f1d494e31cf0	9/118	m2c	member-of:rock_10:0x800EAA00
rock_22	0x800EFCC4	func_800EFCC4	dup:e2823f3a6ab1661127c4a6dc7e52dda5db2a3fd8	nocompile	m2c	jtbl-uncarved
rock_22	0x800EFE94	func_800EFE94	dup:d77df8d6dc0f5eb5a1a45395d8921128bd949b2c	3/96	m2c	jtbl-uncarved
rock_22	0x800F0014	func_800F0014	dup:5c0a23e24cbcfb8953b6de424f5aa77ed86c5410	nocompile	m2c	member-of:rock_10:0x800EAF28
rock_22	0x800F01DC	func_800F01DC	dup:602e6214b1b20e7ec023e947fb63924ede86dbf0	nocompile	m2c	member-of:rock_10:0x800EB734
rock_22	0x800F0820	func_800F0820	dup:ffa57bceec24110556da9d225fe9cdc0f7e72022	nocompile	m2c	member-of:rock_10:0x800EB734
rock_22	0x800F0DC4	func_800F0DC4	dup:a5fa341daa30585e3bb0cfef0c364ca227a74750	nocompile	m2c	jtbl-uncarved
rock_22	0x800F1A5C	func_800F1A5C	dup:ec0ef8323b363caa5ce56428146c7e6c9e8d5d44	14/18	m2c	member-of:rock_10:0x800EC970
rock_22	0x800F1AA4	func_800F1AA4	dup:ecf3342b6d77d473dcfe1c5966b538e95481c40b	28/41	m2c	member-of:rock_10:0x800EC9B8
rock_22	0x800F1B48	func_800F1B48	dup:855ec1df6f035e99baed24daf142700850ea7cdf	30/41	m2c	member-of:rock_10:0x800ECA5C
rock_22	0x800F1BEC	func_800F1BEC	dup:3250d632c2b4b533a3bc60687d939944d3943d7a	5/15	m2c	member-of:SLUS_013.95:0x80042214
rock_22	0x800F1C7C	func_800F1C7C	dup:263f4891959880ab6287a178806b5b61afd7a8fd	7/21	m2c	member-of:rock_00:0x801F3640
rock_22	0x800F1CFC	func_800F1CFC	dup:8cebceb7e09cf535b027efc5bc961c2065b6a764	3/10	m2c	member-of:rock_10:0x800ECC10
rock_22	0x800F1D60	func_800F1D60	dup:778c51adcc261c5a3a1b380e952edaaa9f033b11	29/51	m2c	member-of:rock_10:0x800ECC74
rock_22	0x800F1E9C	func_800F1E9C	dup:97651806a12bcc673bc690e0bccb9c3d0b02b710	8/15	m2c	member-of:rock_10:0x800ECDB0
rock_22	0x800F1EE0	func_800F1EE0	dup:ef73a50fcb64e184871bf7181623105c01ab7430	7/24	m2c	member-of:rock_10:0x800ECDF4
rock_22	0x800F1FD0	func_800F1FD0	dup:c0310f60419cc3fb0ee1e864dffad10dc30ca19a	6/59	m2c	member-of:rock_10:0x800ECEE4
rock_22	0x800F2100	func_800F2100	dup:cc2c363673c5c893b85b4735c8899c10ff83a3d2	1/22	m2c	member-of:rock_10:0x800ED014
rock_22	0x800F2198	func_800F2198	dup:a3188e972be5e7ba778460794e1de417dc96ff3d	0/72	m2c	member-of:rock_10:0x800ED0AC
rock_22	0x800F22B8	func_800F22B8	dup:62c2970f9acd8f1c0fc818122cf6dfa1eff1c9df	5/47	m2c	undrawn
rock_22	0x800F239C	func_800F239C	dup:ac656ba17da00cb665f5eb25bfd3eda0db855026	5/21	m2c	member-of:rock_10:0x800ED2B0
rock_22	0x800F2410	func_800F2410	unique	19/99	m2c	undrawn
rock_22	0x800F259C	func_800F259C	unique	50/73	m2c	undrawn
rock_22	0x800F26C0	func_800F26C0	unique	nocompile	m2c	undrawn
rock_22	0x800F28AC	func_800F28AC	unique	nocompile	m2c	undrawn
rock_22	0x800F2BDC	func_800F2BDC	unique	nocompile	m2c	undrawn
rock_22	0x800F2E70	func_800F2E70	unique	nocompile	m2c	undrawn
rock_22	0x800F2FB8	func_800F2FB8	unique	nocompile	m2c	undrawn
rock_22	0x800F3158	func_800F3158	unique	0/86	m2c	jtbl-uncarved
rock_22	0x800F32B0	func_800F32B0	unique	nocompile	m2c	undrawn
rock_22	0x800F3444	func_800F3444	unique	nocompile	m2c	undrawn
rock_22	0x800F35BC	func_800F35BC	unique	nocompile	m2c	undrawn
rock_22	0x800F39E8	func_800F39E8	unique	nocompile	m2c	undrawn
rock_22	0x800F3B38	func_800F3B38	x4	30/30	m2c	undrawn
rock_22	0x800F3BD0	func_800F3BD0	x4	37/37	m2c	plumbing:R2
rock_22	0x800F3C64	func_800F3C64	family:ae02f78f18fc4c0480b6c49d1ca95010fa7cbeab	18/18	m2c	member-of:SLUS_013.95:0x80046C64
rock_22	0x800F3CAC	func_800F3CAC	x4	30/30	m2c	plumbing:R2
rock_22	0x800F3D24	func_800F3D24	x4	20/20	m2c	plumbing:R2
rock_22	0x800F3D74	func_800F3D74	unique	45/48	m2c	undrawn
rock_22	0x800F3E6C	func_800F3E6C	unique	15/17	m2c	undrawn
rock_22	0x800F3EEC	func_800F3EEC	x4	19/19	m2c	undrawn
rock_22	0x800F3F38	func_800F3F38	unique	0/48	m2c	undrawn
rock_22	0x800F3FF8	func_800F3FF8	unique	10/39	m2c	undrawn
rock_22	0x800F4094	func_800F4094	x4	19/19	m2c	undrawn
rock_22	0x800F40E0	func_800F40E0	x4	67/67	m2c	undrawn
rock_22	0x800F4228	func_800F4228	unique	8/33	m2c	undrawn
rock_22	0x800F42AC	func_800F42AC	unique	31/53	m2c	member-of:rock_06:0x800EB4D4
rock_22	0x800F43A0	func_800F43A0	dup:eff064d2bb68b05af199f3e0d2e7df2d9dbd95c5	9/93	m2c	member-of:rock_15:0x800EB56C
rock_22	0x800F4514	func_800F4514	dup:7b087dc3c6362f41f51840b247939fb212b4a48c	26/66	m2c	member-of:rock_15:0x800EB6E0
rock_22	0x800F461C	func_800F461C	dup:73a67f1d2e494016977e575607fa67b71640365e	14/90	m2c	member-of:rock_15:0x800EB7E8
rock_22	0x800F4784	func_800F4784	dup:fb1889e9b541718edf2619e72bd13b1f946ff857	8/87	m2c	member-of:rock_15:0x800EB950
rock_22	0x800F48E0	func_800F48E0	dup:e1b3a09b8ee74524d36850374d099b4f7feeb876	0/87	m2c	member-of:rock_15:0x800EBAAC
rock_22	0x800F4A3C	func_800F4A3C	dup:fec59b3a6257933ad774c4bd5ac97746352ff332	0/90	m2c	member-of:rock_15:0x800EBC08
rock_22	0x800F4BA4	func_800F4BA4	dup:9f9117540cf8878b2d76d0d98987edfffacdf368	11/19	m2c	member-of:SLUS_013.95:0x80037838
rock_22	0x800F4BF0	func_800F4BF0	dup:27b627ce25031c03c490b3d3abd0ee14d70d2907	7/35	m2c	member-of:rock_15:0x800EBDBC
rock_22	0x800F4D04	func_800F4D04	dup:115b6ab0a69b79cda0717d4b2a73f2ee893806f2	6/27	m2c	member-of:rock_15:0x800EBED0
rock_22	0x800F4D70	func_800F4D70	dup:4b462a5cf25c788a16185a820e9cdca28bbc19ff	19/26	m2c	member-of:rock_15:0x800EBF3C
rock_22	0x800F4E14	func_800F4E14	dup:c4c886772815511852a47d9b72bd8fa6c7dbe308	10/66	m2c	member-of:rock_15:0x800EBFE0
rock_22	0x800F4F1C	func_800F4F1C	dup:92712e5bb372df3c0410131dacfb5173f13eea24	8/53	m2c	member-of:rock_15:0x800EC0E8
rock_22	0x800F502C	func_800F502C	dup:836b25b9d7e40b7e8898838fdbdc564d49f13195	13/23	m2c	member-of:rock_00:0x801F3640
rock_22	0x800F5088	func_800F5088	dup:41a8fd056b42e92f30c6c05c61a3f1f39793ee28	6/23	m2c	member-of:rock_00:0x801F3640
rock_22	0x800F50E4	func_800F50E4	dup:7c2510b0237822ef47751978cb63c983905c19ea	13/18	m2c	member-of:rock_00:0x801F3640
rock_22	0x800F5168	func_800F5168	dup:e62f58c62475f07f8ec5e740a63596cb6e412f55	12/17	m2c	member-of:rock_07:0x800ED0F0
rock_22	0x800F51AC	func_800F51AC	dup:db765c44764d83ed87eb4051a5238b2d0fabc772	15/20	m2c	member-of:rock_00:0x801F3640
rock_22	0x800F51FC	func_800F51FC	dup:6c63f20ba27c692fb02750e7decec5b7c7ee67fe	21/24	m2c	member-of:rock_15:0x800EC3C8
rock_22	0x800F525C	func_800F525C	dup:838e32cf39338dd1f46285032805b4a2d4e987ea	16/20	m2c	member-of:rock_15:0x800EC428
rock_22	0x800F52AC	func_800F52AC	dup:aabcc5ab8bdb5030a0596c50962d8e8c3c4df26c	16/63	m2c	member-of:rock_15:0x800EC478
rock_22	0x800F53A8	func_800F53A8	dup:7f6e03dbb39665831b74d88c7ea21b96a4365a62	33/53	m2c	member-of:rock_15:0x800EC574
rock_22	0x800F547C	func_800F547C	dup:76d89d67ee939222599c070310fecf07fd7955a9	21/50	m2c	member-of:rock_15:0x800EC648
rock_22	0x800F55A8	func_800F55A8	dup:2c345a097994a7b8a299812b12944ef63970cb4e	30/42	m2c	jtbl-uncarved
rock_22	0x800F568C	func_800F568C	dup:f24312349140089b2884319693429707bc466328	13/20	m2c	member-of:rock_15:0x800EC858
rock_22	0x800F57A8	func_800F57A8	dup:d2065206883fe9de889751b284e34c8b6076d8a4	20/73	m2c	member-of:rock_15:0x800EC974
rock_22	0x800F58CC	func_800F58CC	dup:71ab949175a66086bc219f650b21b70da727a532	5/46	m2c	member-of:rock_15:0x800ECA98
rock_22	0x800F5984	func_800F5984	dup:95fb96f5b390998f121304a71ee30710df46b265	7/48	m2c	member-of:rock_15:0x800ECB50
rock_22	0x800F5AAC	func_800F5AAC	dup:586db17e7004e86b1cf9533ef05695f5358725ab	4/44	m2c	member-of:rock_15:0x800ECC78
rock_22	0x800F5B5C	func_800F5B5C	dup:048f51512f475d0609c4521b27683524f1847519	39/41	m2c	member-of:SLUS_013.95:0x8004AD78
rock_22	0x800F5C00	func_800F5C00	unique	nocompile	m2c	undrawn
rock_22	0x800F5F50	func_800F5F50	unique	6/193	m2c	undrawn
rock_22	0x800F6254	func_800F6254	unique	0/113	m2c	undrawn
rock_22	0x800F6418	func_800F6418	unique	75/95	m2c	undrawn
rock_22	0x800F6594	func_800F6594	unique	nocompile	m2c	undrawn
rock_22	0x800F69A0	func_800F69A0	unique	24/383	m2c	undrawn
rock_22	0x800F6F9C	func_800F6F9C	unique	nocompile	m2c	undrawn
rock_22	0x800F74B8	func_800F74B8	unique	18/94	m2c	undrawn
rock_22	0x800F7630	func_800F7630	unique	20/136	m2c	undrawn
rock_22	0x800F7938	func_800F7938	unique	11/65	m2c	undrawn
rock_22	0x800F7A3C	func_800F7A3C	unique	10/83	m2c	undrawn
rock_22	0x800F7B88	func_800F7B88	unique	15/59	m2c	undrawn
rock_22	0x800F7C74	func_800F7C74	unique	3/83	m2c	undrawn
rock_22	0x800F7DC0	func_800F7DC0	unique	35/74	m2c	undrawn
rock_22	0x800F7EE8	func_800F7EE8	unique	nocompile	m2c	undrawn
rock_22	0x800F85E4	func_800F85E4	unique	93/148	m2c	undrawn
rock_22	0x800F8834	func_800F8834	unique	54/112	m2c	undrawn
rock_22	0x800F89F4	func_800F89F4	unique	99/110	m2c	undrawn
rock_22	0x800F8BAC	func_800F8BAC	unique	nocompile	m2c	undrawn
rock_22	0x800F8DC8	func_800F8DC8	dup:3841861bc21ec5a06e7fe26f058b170fac036262	12/23	m2c	member-of:SLUS_013.95:0x80037838
rock_22	0x800F8ECC	func_800F8ECC	unique	26/58	m2c	undrawn
rock_22	0x800F8FB4	func_800F8FB4	unique	12/43	m2c	undrawn
rock_22	0x800F90D4	func_800F90D4	unique	35/39	m2c	undrawn
rock_22	0x800F921C	func_800F921C	unique	8/37	m2c	undrawn
rock_22	0x800F9308	func_800F9308	unique	13/39	m2c	member-of:rock_15:0x800F3680
rock_22	0x800F9410	func_800F9410	unique	30/34	m2c	undrawn
rock_22	0x800F9498	func_800F9498	unique	22/29	m2c	undrawn
rock_22	0x800F9584	func_800F9584	unique	23/26	m2c	undrawn
rock_22	0x800F96C4	func_800F96C4	unique	7/56	m2c	undrawn
rock_22	0x800F97A4	func_800F97A4	unique	16/19	m2c	member-of:rock_00:0x801F3640
rock_22	0x800F97F0	func_800F97F0	unique	15/18	m2c	undrawn
rock_22	0x800F9874	func_800F9874	unique	8/66	m2c	undrawn
rock_22	0x800F999C	func_800F999C	unique	11/60	m2c	undrawn
rock_22	0x800F9A8C	func_800F9A8C	unique	19/41	m2c	undrawn
rock_22	0x800F9DA4	func_800F9DA4	unique	28/30	m2c	undrawn
rock_22	0x800F9E1C	func_800F9E1C	unique	19/22	m2c	undrawn
rock_22	0x800F9F74	func_800F9F74	unique	18/42	m2c	undrawn
rock_22	0x800FA01C	func_800FA01C	unique	9/48	m2c	undrawn
rock_22	0x800FA190	func_800FA190	dup:3841861bc21ec5a06e7fe26f058b170fac036262	12/23	m2c	member-of:SLUS_013.95:0x80037838
rock_22	0x800FA1EC	func_800FA1EC	dup:1e0f2140eea7e0ad2376251370ffab06b3141e04	13/24	m2c	member-of:SLUS_013.95:0x80037838
rock_22	0x800FA24C	func_800FA24C	unique	10/55	m2c	undrawn
rock_22	0x800FA328	func_800FA328	unique	6/23	m2c	undrawn
rock_22	0x800FA384	func_800FA384	unique	14/45	m2c	undrawn
rock_22	0x800FA438	func_800FA438	dup:1e0f2140eea7e0ad2376251370ffab06b3141e04	13/24	m2c	member-of:SLUS_013.95:0x80037838
rock_22	0x800FA4F8	func_800FA4F8	unique	0/71	m2c	undrawn
rock_22	0x800FA64C	func_800FA64C	dup:1e0f2140eea7e0ad2376251370ffab06b3141e04	13/24	m2c	member-of:SLUS_013.95:0x80037838
rock_22	0x800FA6AC	func_800FA6AC	unique	11/18	m2c	member-of:rock_00:0x801F3640
rock_22	0x800FA73C	func_800FA73C	unique	34/36	m2c	undrawn
rock_22	0x800FA7CC	func_800FA7CC	unique	nocompile	m2c	undrawn
rock_22	0x800FA848	func_800FA848	unique	13/22	m2c	member-of:SLUS_013.95:0x80037838
rock_22	0x800FA8C0	func_800FA8C0	unique	13/24	m2c	member-of:SLUS_013.95:0x80037838
rock_22	0x800FA920	func_800FA920	unique	6/30	m2c	undrawn
rock_22	0x800FA998	func_800FA998	unique	23/37	m2c	undrawn
rock_23	0x800E99B8	func_800E99B8	dup:4a4f0651d320d7d8e4529333967845f49b95e9fe	nocompile	m2c	member-of:rock_09:0x800ECD20
rock_23	0x800E9B8C	func_800E9B8C	dup:092b78e20e4a8e3dd6f0100e81da3d0b6b44ca35	8/19	m2c	member-of:SLUS_013.95:0x80046C64
rock_23	0x800E9BD8	func_800E9BD8	dup:e14575f1a13ba6165bb03f668d51674693533fd6	31/43	m2c	member-of:rock_09:0x800ECF40
rock_23	0x800E9CAC	func_800E9CAC	dup:faa94cdd4738ab45bf93b34cc42862c1a94438ad	39/40	m2c	member-of:rock_09:0x800ED014
rock_23	0x800E9D4C	func_800E9D4C	dup:aa4c4cbdd25ae75c46ffddc86aca3748060d701e	38/54	m2c	member-of:rock_09:0x800ED0B4
rock_23	0x800E9E24	func_800E9E24	dup:650ad91e8c275c5073aba98ee86bfe916bc4ccbb	nocompile	m2c	member-of:rock_08:0x800EF13C
rock_23	0x800EA028	func_800EA028	dup:b373deeee2f284feff7e6aa067b6e8d44fcba831	8/125	m2c	member-of:rock_08:0x800EF340
rock_23	0x800EA21C	func_800EA21C	dup:bc86d5478f42c05561c92b060992772820efd87c	nocompile	m2c	member-of:rock_08:0x800EF534
rock_23	0x800EA3A0	func_800EA3A0	dup:092b78e20e4a8e3dd6f0100e81da3d0b6b44ca35	8/19	m2c	member-of:SLUS_013.95:0x80046C64
rock_23	0x800EA428	func_800EA428	dup:205260972172aab1a639b651405429d1a37caebe	24/29	m2c	member-of:rock_08:0x800EF740
rock_23	0x800EA49C	func_800EA49C	dup:5399b9c72bec2ae7918d32c2d86894262729b341	4/42	m2c	member-of:rock_08:0x800EFA10
rock_23	0x800EA544	func_800EA544	dup:4c9638a89e7fe193c3f00e1473cb5b4ed4250103	34/65	m2c	member-of:rock_08:0x800EF85C
rock_23	0x800EA648	func_800EA648	dup:536a301cd15c60adb5242914ce8a5df30edd1802	5/44	m2c	member-of:rock_08:0x800EF960
rock_23	0x800EA6F8	func_800EA6F8	dup:a58e99fea525fa5d96e04cf25831e524e34a42dc	30/32	m2c	member-of:rock_08:0x800EFA10
rock_23	0x800EA778	func_800EA778	dup:eff064d2bb68b05af199f3e0d2e7df2d9dbd95c5	9/93	m2c	member-of:rock_15:0x800EB56C
rock_23	0x800EA8EC	func_800EA8EC	dup:7b087dc3c6362f41f51840b247939fb212b4a48c	26/66	m2c	member-of:rock_15:0x800EB6E0
rock_23	0x800EA9F4	func_800EA9F4	dup:73a67f1d2e494016977e575607fa67b71640365e	14/90	m2c	member-of:rock_15:0x800EB7E8
rock_23	0x800EAB5C	func_800EAB5C	dup:fb1889e9b541718edf2619e72bd13b1f946ff857	8/87	m2c	member-of:rock_15:0x800EB950
rock_23	0x800EACB8	func_800EACB8	dup:e1b3a09b8ee74524d36850374d099b4f7feeb876	0/87	m2c	member-of:rock_15:0x800EBAAC
rock_23	0x800EAE14	func_800EAE14	dup:fec59b3a6257933ad774c4bd5ac97746352ff332	0/90	m2c	member-of:rock_15:0x800EBC08
rock_23	0x800EAF7C	func_800EAF7C	dup:9f9117540cf8878b2d76d0d98987edfffacdf368	11/19	m2c	member-of:SLUS_013.95:0x80037838
rock_23	0x800EAFC8	func_800EAFC8	dup:27b627ce25031c03c490b3d3abd0ee14d70d2907	7/35	m2c	member-of:rock_15:0x800EBDBC
rock_23	0x800EB0DC	func_800EB0DC	dup:115b6ab0a69b79cda0717d4b2a73f2ee893806f2	6/27	m2c	member-of:rock_15:0x800EBED0
rock_23	0x800EB148	func_800EB148	dup:4b462a5cf25c788a16185a820e9cdca28bbc19ff	19/26	m2c	member-of:rock_15:0x800EBF3C
rock_23	0x800EB1EC	func_800EB1EC	dup:c4c886772815511852a47d9b72bd8fa6c7dbe308	10/66	m2c	member-of:rock_15:0x800EBFE0
rock_23	0x800EB2F4	func_800EB2F4	dup:92712e5bb372df3c0410131dacfb5173f13eea24	8/53	m2c	member-of:rock_15:0x800EC0E8
rock_23	0x800EB404	func_800EB404	dup:836b25b9d7e40b7e8898838fdbdc564d49f13195	13/23	m2c	member-of:rock_00:0x801F3640
rock_23	0x800EB460	func_800EB460	dup:41a8fd056b42e92f30c6c05c61a3f1f39793ee28	6/23	m2c	member-of:rock_00:0x801F3640
rock_23	0x800EB4BC	func_800EB4BC	dup:7c2510b0237822ef47751978cb63c983905c19ea	13/18	m2c	member-of:rock_00:0x801F3640
rock_23	0x800EB540	func_800EB540	dup:e62f58c62475f07f8ec5e740a63596cb6e412f55	12/17	m2c	member-of:rock_07:0x800ED0F0
rock_23	0x800EB584	func_800EB584	dup:db765c44764d83ed87eb4051a5238b2d0fabc772	15/20	m2c	member-of:rock_00:0x801F3640
rock_23	0x800EB5D4	func_800EB5D4	dup:6c63f20ba27c692fb02750e7decec5b7c7ee67fe	21/24	m2c	member-of:rock_15:0x800EC3C8
rock_23	0x800EB634	func_800EB634	dup:838e32cf39338dd1f46285032805b4a2d4e987ea	16/20	m2c	member-of:rock_15:0x800EC428
rock_23	0x800EB684	func_800EB684	dup:aabcc5ab8bdb5030a0596c50962d8e8c3c4df26c	16/63	m2c	member-of:rock_15:0x800EC478
rock_23	0x800EB780	func_800EB780	dup:7f6e03dbb39665831b74d88c7ea21b96a4365a62	33/53	m2c	member-of:rock_15:0x800EC574
rock_23	0x800EB854	func_800EB854	dup:76d89d67ee939222599c070310fecf07fd7955a9	21/50	m2c	member-of:rock_15:0x800EC648
rock_23	0x800EB980	func_800EB980	dup:2c345a097994a7b8a299812b12944ef63970cb4e	30/42	m2c	jtbl-uncarved
rock_23	0x800EBA64	func_800EBA64	dup:f24312349140089b2884319693429707bc466328	13/20	m2c	member-of:rock_15:0x800EC858
rock_23	0x800EBB80	func_800EBB80	dup:d2065206883fe9de889751b284e34c8b6076d8a4	20/73	m2c	member-of:rock_15:0x800EC974
rock_23	0x800EBCA4	func_800EBCA4	dup:71ab949175a66086bc219f650b21b70da727a532	5/46	m2c	member-of:rock_15:0x800ECA98
rock_23	0x800EBD5C	func_800EBD5C	dup:95fb96f5b390998f121304a71ee30710df46b265	7/48	m2c	member-of:rock_15:0x800ECB50
rock_23	0x800EBE84	func_800EBE84	dup:586db17e7004e86b1cf9533ef05695f5358725ab	4/44	m2c	member-of:rock_15:0x800ECC78
rock_23	0x800EBF34	func_800EBF34	dup:048f51512f475d0609c4521b27683524f1847519	39/41	m2c	member-of:SLUS_013.95:0x8004AD78
rock_23	0x800EBFD8	func_800EBFD8	dup:bee5126545369fccbf8484315828504258e087ea	nocompile	m2c	member-of:rock_11:0x800EACA0
rock_23	0x800EC118	func_800EC118	dup:163acad7accb211501f959ee0bcc234dd57aa43e	nocompile	m2c	member-of:rock_11:0x800EADE0
rock_23	0x800EC2C8	func_800EC2C8	dup:244c3b7c9afbe0419b23ab52fe9d2cb23c759fc5	nocompile	m2c	member-of:rock_11:0x800EAF90
rock_23	0x800EC4F0	func_800EC4F0	dup:8ed031ffe3f7c4676495c9ed24aa6db88816bf4e	nocompile	m2c	member-of:rock_11:0x800EB3D4
rock_23	0x800EC70C	func_800EC70C	dup:65bcc709071067d9d6cbf6416973eb3f49e5d068	nocompile	m2c	member-of:rock_11:0x800EB3D4
rock_23	0x800EC920	func_800EC920	dup:df6c30d2268c6357a83823a0c4d5d7d49ddee79a	nocompile	m2c	member-of:rock_11:0x800EB3D4
rock_23	0x800ECB34	func_800ECB34	dup:d95e68341dbccc28b0878788108b1750587e2a87	nocompile	m2c	member-of:rock_11:0x800EB3D4
rock_23	0x800ECD48	func_800ECD48	dup:d74355f528818343ca004bbf606e045ceeb58eaa	nocompile	m2c	member-of:rock_11:0x800EB3D4
rock_23	0x800ECF60	func_800ECF60	dup:25973f608594cd5cd470ea677ab89983a3d02930	nocompile	m2c	member-of:rock_11:0x800EAF90
rock_23	0x800ED188	func_800ED188	dup:d12be06017c4c3ce34b233255ee6fca863c979f2	nocompile	m2c	member-of:rock_11:0x800EB3D4
rock_23	0x800ED3A0	func_800ED3A0	dup:b6ad9e7229fab6709c552010bbc29d4ab4c2d6ef	nocompile	m2c	member-of:rock_11:0x800EC068
rock_23	0x800ED4B8	func_800ED4B8	dup:da2f954d3f73e41ff80b2cd7b3010424b42047a8	nocompile	m2c	member-of:rock_11:0x800EC180
rock_23	0x800ED7EC	func_800ED7EC	dup:c5d3fe2ada2201af10b213e272e1d2333bc5a60b	20/34	m2c	member-of:rock_11:0x800EC4B4
rock_23	0x800ED8B0	func_800ED8B0	dup:0f42c2cd15a55806fc9699cd0fed1fe15492560a	13/16	m2c	member-of:rock_07:0x800ED0F0
rock_23	0x800ED8F0	func_800ED8F0	dup:37e721e49df6711a9bf2d59dbd7aefbca4ddd8da	nocompile	m2c	member-of:rock_11:0x800EC5B8
rock_23	0x800ED9E4	func_800ED9E4	dup:dec06b12b0e0d3115b1caefbfd98b45ea9ed8f34	17/29	m2c	member-of:rock_11:0x800EC6AC
rock_23	0x800EDA60	func_800EDA60	dup:a31fcf4535e07e7d35a1bb1fb9b264f6b7b4838e	2/30	m2c	member-of:rock_11:0x800EC728
rock_23	0x800EDAD8	func_800EDAD8	dup:609aece66ada43f7855aa6f948005f0ce6e659d9	24/24	m2c	plumbing:R3
rock_23	0x800EDB38	func_800EDB38	dup:3d82c3af21bbb95d722f3fba2cb6c1f7823838ca	10/12	m2c	member-of:SLUS_013.95:0x80042C18
rock_23	0x800EDB68	func_800EDB68	dup:5193914d8bffec4d113c8601fbbfef68d893d054	9/52	m2c	jtbl-uncarved
rock_23	0x800EDD08	func_800EDD08	dup:362874f13e3ad8e1e9d03fd2b57cc9ba4da58584	nocompile	m2c	member-of:rock_08:0x800EA820
rock_23	0x800EE178	func_800EE178	family:312c9b82a35b7b65825ae024762fa3f0ba4cdc52	nocompile	m2c	member-of:rock_08:0x800EAC90
rock_23	0x800EE3E0	func_800EE3E0	dup:d752b9f523e357fed33e7287b1dd8945a48224e5	33/104	m2c	member-of:rock_08:0x800EAEF8
rock_23	0x800EE580	func_800EE580	dup:fc585566acc7017bce8f06a2547967b19965740d	54/66	m2c	member-of:rock_08:0x800EB098
rock_23	0x800EE688	func_800EE688	dup:f46672ff40b16d57c117aba982225595666d5d11	10/62	m2c	member-of:rock_08:0x800EB1A0
rock_23	0x800EE780	func_800EE780	dup:4cb0450f5f48e4e4d35626f7a8dbefdad3c13e55	18/64	m2c	member-of:rock_08:0x800EB298
rock_23	0x800EE880	func_800EE880	dup:69980d24e2647547c751ab138380fa880de48856	nocompile	m2c	member-of:rock_08:0x800EB398
rock_23	0x800EF388	func_800EF388	dup:0c581323a589c33197acfe786c4f08f508b86dc3	nocompile	m2c	member-of:rock_08:0x800EBEA0
rock_23	0x800EF7D8	func_800EF7D8	dup:877861ab3080199e653b07e33a45b442c98dd51d	9/75	m2c	member-of:rock_08:0x800EC2F0
rock_23	0x800EF904	func_800EF904	dup:03428c934f6a335707affd9b250118635af936fe	13/100	m2c	member-of:rock_08:0x800EC41C
rock_23	0x800EFA94	func_800EFA94	dup:d891ca7839c6a61895155a319eca6951dbebe820	22/26	m2c	member-of:rock_08:0x800EC5AC
rock_23	0x800EFAFC	func_800EFAFC	dup:825c49e7bfdcbec49ebd9375334badb25222cfe1	3/42	m2c	member-of:rock_08:0x800EC614
rock_23	0x800EFBC4	func_800EFBC4	dup:ae30a3aaa84c8206433d5baf806546a7a9be0ad0	6/18	m2c	member-of:SLUS_013.95:0x80046C64
rock_23	0x800EFC0C	func_800EFC0C	dup:79b8288a8a11d0b42ee2df7d151c59b38e8aa3e1	42/51	m2c	member-of:rock_08:0x800EC724
rock_23	0x800EFCD8	func_800EFCD8	dup:1aca121a1a49d83da966c0b9210dfebe7e3878e1	42/51	m2c	member-of:rock_08:0x800EC724
rock_23	0x800EFDA4	func_800EFDA4	dup:99c828ca950442a8cd214253eca430f7c1eacec5	14/62	m2c	member-of:rock_08:0x800EC8BC
rock_23	0x800EFE9C	func_800EFE9C	dup:f211ad60b11778d3979338e0f92d57d23e9ead8f	52/64	m2c	member-of:rock_08:0x800EC9B4
rock_23	0x800F00AC	func_800F00AC	dup:f3e861c5391cfe726650bfd264bac257b6d73367	8/55	m2c	member-of:rock_08:0x800ECBC4
rock_23	0x800F0188	func_800F0188	dup:eabd377ec2d2ec7bf61527cb69c6c46bd7cfbe8d	6/39	m2c	member-of:rock_08:0x800ECCA0
rock_23	0x800F0224	func_800F0224	dup:18f70977e57d26c9cf2f4f825dd313db5bcb378c	1/26	m2c	member-of:rock_03:0x800EF27C
rock_23	0x800F02AC	func_800F02AC	dup:1d7d8b78d42c939351508499b7404f9380b4f968	19/73	m2c	member-of:rock_08:0x800ECDC4
rock_23	0x800F042C	func_800F042C	dup:ab48a222642b4fb018426bea62c26ae9e64724d3	nocompile	m2c	member-of:rock_02:0x800F1724
rock_23	0x800F0688	func_800F0688	dup:f105be1a1ca547cd00875490b60f31aa3157ad46	nocompile	m2c	member-of:rock_02:0x800F1980
rock_23	0x800F0C58	func_800F0C58	dup:d1015eafa378f683747f20083f88be5e1a234792	19/67	m2c	member-of:rock_02:0x800F1F50
rock_23	0x800F0D64	func_800F0D64	dup:cd43521d90615a33ef4fff1fc2046726a1ea952c	7/85	m2c	member-of:rock_02:0x800F205C
rock_23	0x800F0EB8	func_800F0EB8	dup:788ef7b3183e355102963ab2de55ad692fef47e5	12/78	m2c	member-of:rock_02:0x800F21B0
rock_23	0x800F0FF0	func_800F0FF0	dup:ab9b1707a6ac7fc12d52f556f2c5e1810ee04b97	5/84	m2c	member-of:rock_02:0x800F22E8
rock_23	0x800F1140	func_800F1140	dup:1987c47d61868d339c562ab67a1bc0a632f563d7	0/83	m2c	member-of:rock_02:0x800F2438
rock_23	0x800F128C	func_800F128C	dup:9561efb3bfe5aff7f5859936e66d6234742eb06a	nocompile	m2c	member-of:rock_02:0x800F2584
rock_23	0x800F156C	func_800F156C	dup:db1c73509b735a276b0de0629401343b8fc06d98	nocompile	m2c	member-of:rock_02:0x800F2864
rock_23	0x800F168C	func_800F168C	dup:40b30ca0a76b28b595fabebaa5c31f4ad14a761a	nocompile	m2c	member-of:rock_02:0x800F2984
rock_23	0x800F17D0	func_800F17D0	dup:260b4590007650af924b2c4fddee4b8f5fce9c48	nocompile	m2c	member-of:rock_02:0x800F2AC8
rock_23	0x800F18EC	func_800F18EC	dup:aceba921fe492cfce2f0f697755fde6900766c1b	34/73	m2c	member-of:rock_02:0x800F2BE4
rock_23	0x800F1A10	func_800F1A10	dup:1708b4755e8ac45a2821f41352d833fa421ff485	nocompile	m2c	member-of:rock_02:0x800F2EBC
rock_23	0x800F1BC4	func_800F1BC4	dup:4f00c92e64f1a5234699d3b08763780ef1c357d3	5/96	m2c	member-of:rock_02:0x800F2EBC
rock_23	0x800F1D44	func_800F1D44	dup:61e30eeb46e0e181c163e7773e327805cbfde94d	14/74	m2c	member-of:rock_02:0x800F303C
rock_23	0x800F1E6C	func_800F1E6C	dup:c43f2be1ca68d8f0e7b61ed735b280972cbbfdd3	16/85	m2c	member-of:rock_02:0x800F3164
rock_23	0x800F1FC0	func_800F1FC0	dup:94f493980397b336976692d903d6edaf6334a60a	16/66	m2c	member-of:rock_02:0x800F32B8
rock_23	0x800F20C8	func_800F20C8	dup:6f2bb9ff4567c6cb0d4113447fc8ade9bb440080	30/51	m2c	member-of:rock_02:0x800F33C0
rock_23	0x800F2194	func_800F2194	dup:b0869aa89d13b8e5671119fe56b84bc059f93700	12/94	m2c	member-of:rock_02:0x800F348C
rock_23	0x800F230C	func_800F230C	dup:d6d297f6b2615549ab15d97fbbc8e0b6566d003c	nocompile	m2c	member-of:rock_02:0x800F3604
rock_23	0x800F2414	func_800F2414	dup:805df948c6a1d6ed36a65327be0ce210fd59195b	nocompile	m2c	member-of:rock_02:0x800F370C
rock_23	0x800F25FC	func_800F25FC	dup:c64f96883f71c558a50a278be146615dee7389b5	nocompile	m2c	member-of:rock_02:0x800F38F4
rock_23	0x800F2BE8	func_800F2BE8	dup:fbe7623be5b09ec3c1f74ae83e277957f87952b7	nocompile	m2c	member-of:rock_02:0x800F3EE0
rock_23	0x800F2E9C	func_800F2E9C	dup:1ab856be016e32a3fe866d1f8c5337a0730cc71d	51/187	m2c	member-of:rock_02:0x800F4194
rock_23	0x800F3188	func_800F3188	dup:382dc398387ff4afa9a513ce80ee675f1d088ae2	nocompile	m2c	member-of:rock_02:0x800F4480
rock_23	0x800F3328	func_800F3328	dup:7cf27c8356f382b9349491e19c3a494da17d93e5	28/107	m2c	member-of:rock_02:0x800F4620
rock_23	0x800F34D4	func_800F34D4	dup:d35d6ac875d916244dc04bced3546b48289cccca	24/72	m2c	member-of:rock_02:0x800F47CC
rock_23	0x800F35F4	func_800F35F4	dup:ad6dd78117667f6faf476cf8a22fe4054e07c664	0/115	m2c	member-of:rock_02:0x800F48EC
rock_23	0x800F37C0	func_800F37C0	dup:a85087d8a6f8fb55cbdf619dace9ad1fccfe80d9	89/99	m2c	member-of:rock_02:0x800F4AB8
rock_23	0x800F394C	func_800F394C	dup:8919d8e51fb95afc71f2de72516a71a43d6a2885	nocompile	m2c	member-of:rock_02:0x800F4194
rock_23	0x800F3C4C	func_800F3C4C	dup:ededc5688abb6b1dff25e470661ebbafba13207f	16/139	m2c	member-of:rock_02:0x800F4F44
rock_23	0x800F3E78	func_800F3E78	dup:3841861bc21ec5a06e7fe26f058b170fac036262	12/23	m2c	member-of:SLUS_013.95:0x80037838
rock_23	0x800F3F10	func_800F3F10	dup:bb30f7e898d3670e4c04783378002225bacae7bb	17/29	m2c	member-of:rock_02:0x800F5208
rock_23	0x800F3F84	func_800F3F84	dup:3a82d9987be42e8f002a1a4463fa2eb996eaa9ea	27/65	m2c	member-of:rock_22:0x800F8ECC
rock_23	0x800F40D8	func_800F40D8	dup:a43684670e8c12840343b107887163848cc99022	14/20	m2c	member-of:rock_00:0x801F3640
rock_23	0x800F4128	func_800F4128	dup:e5c928a379906fcdef8a9d10e618d0ce4a92d95e	24/31	m2c	member-of:rock_02:0x800F5420
rock_23	0x800F41A4	func_800F41A4	dup:2e7ba15f137f4f407c30b1dd20d8ea9525dd5c67	14/51	m2c	member-of:rock_02:0x800F549C
rock_23	0x800F4270	func_800F4270	dup:24fc9c08126ab460335b423fbe2a0738f84e8796	30/33	m2c	member-of:rock_02:0x800F5568
rock_23	0x800F42F4	func_800F42F4	dup:7e4220fac46c82deca9d32f52d244a855a1c9feb	0/67	m2c	member-of:rock_02:0x800F6708
rock_23	0x800F4400	func_800F4400	dup:f2d77a6e1298ddac68202b271e5cbadbe3a38228	16/26	m2c	member-of:rock_00:0x801F3640
rock_23	0x800F44D0	func_800F44D0	dup:68d7b1c77b1e16d0436f32608e4e679e745542df	17/27	m2c	member-of:rock_02:0x800F57C8
rock_23	0x800F4594	func_800F4594	dup:a022a280496770d3a29dc4d3f382289047cb1121	18/32	m2c	member-of:rock_02:0x800F588C
rock_23	0x800F4614	func_800F4614	dup:b6d54ebe957db93071db78ccad2b0091ca41e6af	12/17	m2c	member-of:rock_00:0x801F3640
rock_23	0x800F4658	func_800F4658	dup:4fb44dd14e418d7110c129d1c99aa13104f51c0d	25/28	m2c	member-of:rock_02:0x800F5950
rock_23	0x800F46C8	func_800F46C8	dup:6f86c452bd7cc0f66b45171bc2ec936f5c40668f	12/40	m2c	member-of:rock_02:0x800F59C0
rock_23	0x800F4768	func_800F4768	dup:0670694b1ce5fdc05aa427c4704bcf00b79e257c	4/39	m2c	member-of:rock_02:0x800F5A60
rock_23	0x800F4804	func_800F4804	dup:e6b9acb491b98a778c36886c51529b6fe286c954	8/13	m2c	member-of:SLUS_013.95:0x80041FB0
rock_23	0x800F4838	func_800F4838	dup:bfe6a1ae865360f1ce7c0798130ad4929cacbb00	5/36	m2c	member-of:rock_02:0x800F5C40
rock_23	0x800F4904	func_800F4904	dup:1a1fe9dc4aa83362a604ed84c4aab5c6f5794cbe	13/17	m2c	member-of:rock_07:0x800ED0F0
rock_23	0x800F4948	func_800F4948	dup:cee6cda89c74a00f9339d88441ec97a0c862d51b	3/33	m2c	member-of:rock_02:0x800F5C40
rock_23	0x800F4A08	func_800F4A08	dup:b24fed799e33f3804098d1a9cf8d6743151808d7	16/17	m2c	member-of:rock_02:0x800F5D00
rock_23	0x800F4A4C	func_800F4A4C	dup:08bfc191e01402684efaa84ae5c9a0c6a34d8710	4/36	m2c	member-of:rock_02:0x800F5C40
rock_23	0x800F4B18	func_800F4B18	dup:d0792cb11aa529a6577cae4353895795c8652b32	16/19	m2c	member-of:rock_07:0x800ED0F0
rock_23	0x800F4B64	func_800F4B64	dup:f3e05725727ed7ab1c98f018b9c7860ef338c10e	25/35	m2c	member-of:rock_02:0x800F5568
rock_23	0x800F4BF0	func_800F4BF0	dup:30e646b232141d1396f5aeb8267442e76b3cc2a9	13/59	m2c	member-of:rock_02:0x800F5EE8
rock_23	0x800F4CDC	func_800F4CDC	dup:4ca0c1c810c8cec249ea8f9e33461e5db27d3cdb	6/33	m2c	member-of:rock_02:0x800F5FD4
rock_23	0x800F4D60	func_800F4D60	dup:07e8314b0ef86de36fe9d28e20020b8a86433721	6/38	m2c	member-of:rock_02:0x800F5C40
rock_23	0x800F4E34	func_800F4E34	dup:054de2f1f600d37ca95f9774ac9271016a6a95ff	nocompile	m2c	member-of:rock_02:0x800F612C
rock_23	0x800F4F70	func_800F4F70	dup:3315b94b98655b95572a374f3d6e6067e07bfb15	nocompile	m2c	member-of:rock_02:0x800F6268
rock_23	0x800F5030	func_800F5030	dup:bf30b53f7d582edfb4bfc34d6ba9fc40f78907f6	nocompile	m2c	member-of:rock_02:0x800F6328
rock_23	0x800F5108	func_800F5108	dup:5d86d4bb6847a2fe94145f6f593d10be8cbb5d42	nocompile	m2c	member-of:rock_02:0x800F6400
rock_23	0x800F5204	func_800F5204	dup:6380a7aeff5aa1cb8d8a70d3a643813d2bff0570	16/19	m2c	member-of:rock_00:0x801F3640
rock_23	0x800F5250	func_800F5250	dup:16203fa24144cfea19570ffbfd039866bd316266	16/23	m2c	member-of:rock_11:0x800FABA0
rock_23	0x800F5320	func_800F5320	dup:1a1d72ee5c8a66c6e0690fe443ac5e1862d1b0cf	7/27	m2c	member-of:rock_02:0x800F6618
rock_23	0x800F538C	func_800F538C	dup:63e2235baedc4d6876dde3c8d1a7e18c150fc0a5	30/33	m2c	member-of:rock_02:0x800F5568
rock_23	0x800F5410	func_800F5410	dup:1425f55608d3ce6f7227f549de710c2230d31381	0/66	m2c	member-of:rock_02:0x800F6708
rock_23	0x800F5518	func_800F5518	dup:4a04d8397a65bcbeca0628adabce3f312e85ec2f	16/26	m2c	member-of:rock_00:0x801F3640
rock_23	0x800F55D4	func_800F55D4	dup:3d856e6b7a700ad8e16be5525f97b73d4298f3ed	20/34	m2c	member-of:rock_02:0x800F588C
rock_23	0x800F565C	func_800F565C	dup:f28710eaf4d5f17ed6fe5f32e0d79444cde18ec3	6/20	m2c	member-of:rock_00:0x801F3640
rock_23	0x800F56AC	func_800F56AC	dup:6f86c452bd7cc0f66b45171bc2ec936f5c40668f	12/40	m2c	member-of:rock_02:0x800F59C0
rock_23	0x800F574C	func_800F574C	dup:0670694b1ce5fdc05aa427c4704bcf00b79e257c	4/39	m2c	member-of:rock_02:0x800F5A60
rock_23	0x800F57E8	func_800F57E8	dup:520354c536c26bbfc5f56dc49ff8d92c40835b06	13/16	m2c	member-of:rock_02:0x800F6AE0
rock_23	0x800F5828	func_800F5828	dup:30dcea0bcbb491ae8b036600028dcb50aa3e961e	14/48	m2c	member-of:rock_02:0x800F6B20
rock_23	0x800F5924	func_800F5924	dup:38e96dc97f337812f257c5763a9d9c9f0f1cd2b8	0/63	m2c	member-of:rock_02:0x800F6C1C
rock_23	0x800F5A20	func_800F5A20	dup:ca38c5624d291321ed3e8f92f3b3ff1b9e252f42	29/36	m2c	member-of:rock_02:0x800F6D18
rock_23	0x800F5AB0	func_800F5AB0	dup:6d14751ea24d046a410fa87623f2646f33d2e91a	30/42	m2c	member-of:rock_02:0x800F6DA8
rock_23	0x800F5B58	func_800F5B58	dup:0288331f987aeba864064c3c831f44fcd4fdaac7	nocompile	m2c	member-of:rock_02:0x800F6E50
rock_23	0x800F5BE8	func_800F5BE8	dup:985b63ada0aa5b21aac76e5d1492e69e7318fb2c	14/24	m2c	member-of:rock_00:0x801F3640
rock_23	0x800F5C48	func_800F5C48	dup:afc539897796d57a66b5cb64ebe0da322be538e1	33/40	m2c	member-of:rock_02:0x800F6F40
rock_23	0x800F5CE8	func_800F5CE8	dup:5cb55347bd1a22d305e0e281ff226bf543d2bee2	5/37	m2c	member-of:rock_02:0x800F5C40
rock_23	0x800F5DB8	func_800F5DB8	dup:912f0df5e4dcf8df43405e4eeb3692526e5577dc	17/31	m2c	member-of:rock_02:0x800F70B0
rock_23	0x800F5E34	func_800F5E34	dup:f27f38c35998c08c03b3fbaf5f3f3cf871681ff8	7/30	m2c	member-of:rock_02:0x800F712C
rock_23	0x800F5EAC	func_800F5EAC	dup:d543c512991b60a8e00afb0a96b2e4ba463fb756	26/38	m2c	member-of:rock_02:0x800F71A4
rock_23	0x800F5F80	func_800F5F80	dup:56f4382d8f4fc967ef3404afe7cfe4bca57d106e	14/31	m2c	member-of:rock_02:0x800F7278
rock_23	0x800F5FFC	func_800F5FFC	dup:7a4dbc5299a580c38498af2ffe47631ee72b21b4	18/32	m2c	member-of:rock_02:0x800F588C
rock_23	0x800F607C	func_800F607C	dup:f28710eaf4d5f17ed6fe5f32e0d79444cde18ec3	6/20	m2c	member-of:rock_00:0x801F3640
rock_23	0x800F60CC	func_800F60CC	dup:6f86c452bd7cc0f66b45171bc2ec936f5c40668f	12/40	m2c	member-of:rock_02:0x800F59C0
rock_23	0x800F616C	func_800F616C	dup:0670694b1ce5fdc05aa427c4704bcf00b79e257c	4/39	m2c	member-of:rock_02:0x800F5A60
rock_23	0x800F6208	func_800F6208	dup:2c129aa23b2a194c6b42871150748bba2590f671	8/13	m2c	member-of:SLUS_013.95:0x80041FB0
rock_23	0x800F6278	func_800F6278	dup:a1c0cb76202cc24024d9f653c4ac9de40ba341c0	nocompile	m2c	member-of:rock_02:0x800F7570
rock_23	0x800F632C	func_800F632C	dup:2a6eff0b87a27c7c6fa035164bc158357f2b2a08	30/33	m2c	member-of:rock_02:0x800F5568
rock_23	0x800F63B0	func_800F63B0	dup:f2d77a6e1298ddac68202b271e5cbadbe3a38228	16/26	m2c	member-of:rock_00:0x801F3640
rock_23	0x800F6418	func_800F6418	dup:ccd7abe334fa4b8966ef6ca51395c0700299b8ad	6/27	m2c	member-of:rock_02:0x800F7710
rock_23	0x800F64C0	func_800F64C0	dup:2e613b96ec0db8e15952a7f40789b6fe84bab94e	21/24	m2c	member-of:rock_02:0x800F77B8
rock_23	0x800F6520	func_800F6520	dup:d85bd38664e673856a7c53223ddd88580081a6d9	24/49	m2c	member-of:rock_02:0x800F7818
rock_23	0x800F65E4	func_800F65E4	dup:e9cf60637c2a9af6d548d0047e7d50385f480db6	8/37	m2c	member-of:rock_02:0x800F8044
rock_23	0x800F6678	func_800F6678	dup:4754f82d3926e4deb05f86418139f3e4aa87742c	10/37	m2c	member-of:rock_02:0x800F7970
rock_23	0x800F670C	func_800F670C	dup:d5364d25f27007cc93155b381ededb98e55f5f25	17/22	m2c	member-of:rock_02:0x800F7A04
rock_23	0x800F6764	func_800F6764	dup:e76814942a7e045fa51b2a098353fcbcdef6d81a	5/37	m2c	member-of:rock_02:0x800F5C40
rock_23	0x800F6834	func_800F6834	dup:aeb0c2a1cc2fd858e000b28bde6f7272c9f68555	nocompile	m2c	member-of:rock_02:0x800F77B8
rock_23	0x800F68A4	func_800F68A4	dup:0d1293c64f760dc5ae304d7206e2258a78ba022f	45/50	m2c	member-of:rock_02:0x800F7818
rock_23	0x800F696C	func_800F696C	dup:2617f7de68279bd170b8e7dc35d3e1995ef2518a	36/38	m2c	member-of:rock_02:0x800F8044
rock_23	0x800F6A04	func_800F6A04	dup:69f7deb6a27069d6225ecf4172caff9a3dde716a	28/40	m2c	member-of:rock_02:0x800F7970
rock_23	0x800F6AA4	func_800F6AA4	dup:527eae132c1966f3b346d860818c35318910492f	nocompile	m2c	member-of:rock_02:0x800F7D9C
rock_23	0x800F6B70	func_800F6B70	dup:1ec08285d414bf098f8873335af4c12d4fdb66e2	15/22	m2c	member-of:rock_02:0x800F7E68
rock_23	0x800F6C04	func_800F6C04	dup:aeb0c2a1cc2fd858e000b28bde6f7272c9f68555	nocompile	m2c	member-of:rock_02:0x800F77B8
rock_23	0x800F6C74	func_800F6C74	dup:f5062abca0cd3ce90b38b9abaae9ab92cd251a3f	49/54	m2c	member-of:rock_02:0x800F7818
rock_23	0x800F6D4C	func_800F6D4C	dup:79f899fd9a5e81302d413db021e2de1db0bad70e	30/32	m2c	member-of:rock_02:0x800F8044
rock_23	0x800F6DCC	func_800F6DCC	dup:691445fb58973a813fd2c9936fa13da32c302fea	27/39	m2c	member-of:rock_02:0x800F7970
rock_23	0x800F6E68	func_800F6E68	dup:527eae132c1966f3b346d860818c35318910492f	nocompile	m2c	member-of:rock_02:0x800F7D9C
rock_23	0x800F6F34	func_800F6F34	dup:e76814942a7e045fa51b2a098353fcbcdef6d81a	5/37	m2c	member-of:rock_02:0x800F5C40
rock_23	0x800F6FC8	func_800F6FC8	dup:6585f4e014fd84c4d1e02e43d6d2f63c6f3aa7c1	6/28	m2c	member-of:rock_02:0x800F82C0
rock_23	0x800F7040	func_800F7040	dup:3841861bc21ec5a06e7fe26f058b170fac036262	12/23	m2c	member-of:SLUS_013.95:0x80037838
rock_23	0x800F7170	func_800F7170	dup:e3ab018e10e929812b68c50f5d2a9749708b611d	25/35	m2c	member-of:rock_02:0x800F8468
rock_23	0x800F71FC	func_800F71FC	dup:8752fbb50d2fa41593df1b9e1882ecb0f296369a	33/35	m2c	member-of:rock_02:0x800F84F4
rock_23	0x800F72CC	func_800F72CC	dup:15a3ef92f47f1df1afd7fe30289fe70e7dd04814	36/48	m2c	member-of:rock_02:0x800F85C4
rock_23	0x800F738C	func_800F738C	dup:4c75f8d553ee7d80e32f85e3496d121c6e983045	14/19	m2c	member-of:rock_00:0x801F3640
rock_23	0x800F73D8	func_800F73D8	dup:90055a1c7e60289edcebbc3379c486436b417f4e	13/17	m2c	member-of:rock_00:0x801F3640
rock_23	0x800F7504	func_800F7504	dup:f198892d482d65087faf6d8791794fcff84f345e	17/64	m2c	member-of:rock_02:0x800F87FC
rock_23	0x800F7604	func_800F7604	dup:96d1a0509f24058ffdbe8e5c12af1d2513615e68	6/30	m2c	member-of:rock_02:0x800F88FC
rock_23	0x800F76B8	func_800F76B8	dup:96d1a0509f24058ffdbe8e5c12af1d2513615e68	6/30	m2c	member-of:rock_02:0x800F88FC
rock_23	0x800F7730	func_800F7730	dup:a4d330ad6ad157ff8ffccc580f7b1ae1650d6a4d	8/22	m2c	member-of:rock_00:0x801F3640
rock_23	0x800F7788	func_800F7788	dup:db60b55432d7baec2964b98cdb0656ec60b4bf3d	4/49	m2c	member-of:rock_02:0x800F8A80
rock_23	0x800F78A8	func_800F78A8	dup:90c83ffcfa63237ed59ee12ee08416a722b66e32	25/33	m2c	member-of:rock_02:0x800F8BA0
rock_23	0x800F792C	func_800F792C	dup:d4abf41ce85cfc89c70dd3d9c4e2474efc93611d	6/23	m2c	member-of:rock_02:0x800F8C24
rock_23	0x800F7AC0	func_800F7AC0	dup:b682fd83bd9b24ee54af789ea069bea39e32f0e3	17/28	m2c	member-of:rock_02:0x800F8DB8
rock_23	0x800F7BBC	func_800F7BBC	dup:1145e1289d0e122a4722b3a9c12f21825e7651b2	32/44	m2c	member-of:rock_02:0x800F8EB4
rock_23	0x800F7CF8	func_800F7CF8	dup:15a3ef92f47f1df1afd7fe30289fe70e7dd04814	36/48	m2c	member-of:rock_02:0x800F85C4
rock_23	0x800F7DB8	func_800F7DB8	dup:6b4ca8490c583ca922459a0e9071412d0b953a89	0/19	m2c	member-of:rock_02:0x800F90B0
rock_24	0x800E9B40	func_800E9B40	unique	35/39	m2c	undrawn
rock_24	0x800E9BDC	func_800E9BDC	dup:910eedbab3f349d7d583a7e98cc5dd608ffcf98f	4/101	m2c	member-of:rock_02:0x800EB450
rock_24	0x800E9D70	func_800E9D70	dup:8629b5b7dece60179a97a75818cd0f322acb9af6	12/106	m2c	member-of:rock_02:0x800EB5E4
rock_24	0x800E9F18	func_800E9F18	dup:c03de043b8a370ca9dd7d787a1448f6bc4f14049	nocompile	m2c	member-of:rock_02:0x800EB78C
rock_24	0x800EA0B0	func_800EA0B0	dup:f4180ca636c75a4c6be7dd3d16a6bb99855bbbaf	14/90	m2c	member-of:rock_02:0x800EB924
rock_24	0x800EA218	func_800EA218	dup:d2ff642659c6947bf4487a92ee9f29963b58c7a0	25/102	m2c	member-of:rock_02:0x800EBA8C
rock_24	0x800EA3B0	func_800EA3B0	dup:e9f23cecd8c23913920e1c374b5c33e6358f94cd	24/29	m2c	member-of:rock_02:0x800EBC24
rock_24	0x800EA464	func_800EA464	dup:fce01d49810285ec085bd21372bc6909397471eb	16/60	m2c	member-of:rock_02:0x800EBCD8
rock_24	0x800EA554	func_800EA554	dup:3164bf31101ed07e3ca62db165036cee0b4a2b64	30/54	m2c	member-of:rock_02:0x800EBDC8
rock_24	0x800EA680	func_800EA680	dup:9c62b54d9ad80a2fe13cd8b7ee3743b393c82959	8/13	m2c	member-of:SLUS_013.95:0x80041FB0
rock_24	0x800EA7D0	func_800EA7D0	dup:4b9456126493d60810715dea1dc6376b4f862bb3	16/16	m2c	plumbing:R2
rock_24	0x800EA810	func_800EA810	dup:5be74ef6e3a826232e5e2b53924dac6bc787a001	38/38	m2c	plumbing:R2
rock_24	0x800EA8A8	func_800EA8A8	dup:c4923e627b08518d99f786cf4ecc417150bc3dae	0/117	m2c	undrawn
rock_24	0x800EAA7C	func_800EAA7C	dup:84101bcb12d39271fc32bc91dfc49b64751985bf	112/112	m2c	plumbing:R3
rock_24	0x800EAC3C	func_800EAC3C	dup:05f1009f202f183bc0176fbc2d0db37fb3659561	nocompile	m2c	member-of:rock_11:0x800E9F28
rock_24	0x800EAF34	func_800EAF34	dup:fc7a61cc0c3be5fd1d130c7f62f95890f4c12666	nocompile	m2c	member-of:rock_11:0x800EA220
rock_24	0x800EB064	func_800EB064	dup:28470c8cdad63787ba365e70c11f14ab493ec642	50/78	m2c	member-of:rock_03:0x800E9DCC
rock_24	0x800EB214	func_800EB214	dup:98f1f2e8acd6996a36f15d2c411ad5ce0549ac63	44/60	m2c	member-of:rock_09:0x800EACD0
rock_24	0x800EB364	func_800EB364	dup:98797d3fec65e9e00e7d5499191e1cb205620cb9	nocompile	m2c	member-of:rock_11:0x800EA650
rock_24	0x800EB430	func_800EB430	dup:9871a26a282ed90e5b15e23bc9ff3a7e51bc0b86	9/13	m2c	member-of:rock_11:0x800EA71C
rock_24	0x800EB46C	func_800EB46C	dup:d7f1c940c955804a5a2cc7cc82397388955e958e	29/38	m2c	member-of:rock_11:0x800EA758
rock_24	0x800EB560	func_800EB560	dup:7e32235396d36da625251ec071b9beb55edc97ed	39/54	m2c	member-of:rock_11:0x800EA84C
rock_24	0x800EB658	func_800EB658	dup:4ef5dd106689cee9d0d8183b8ddd77703cb40b0c	11/15	m2c	member-of:rock_11:0x800EA71C
rock_24	0x800EB694	func_800EB694	dup:99b112e380dbc39fdd8ad7feb874ebfeb5e65efd	8/13	m2c	member-of:SLUS_013.95:0x80041FB0
rock_24	0x800EB6C8	func_800EB6C8	dup:eea0ebffeaeefaec856b0cb5b0d16ace36683148	0/39	m2c	member-of:rock_11:0x800EA9B4
rock_24	0x800EB76C	func_800EB76C	dup:6adf5feb44e78a9c7e0ec32aae7255d3656638ed	8/43	m2c	member-of:rock_11:0x800EAA58
rock_24	0x800EB818	func_800EB818	dup:b9240c5d73d392443f6249a1139e87f6d1fd8207	9/40	m2c	member-of:rock_09:0x800EB1E4
rock_24	0x800EB8B8	func_800EB8B8	dup:3d82c3af21bbb95d722f3fba2cb6c1f7823838ca	10/12	m2c	member-of:SLUS_013.95:0x80042C18
rock_24	0x800EB8E8	func_800EB8E8	dup:b7198b4897043300d82388fbf6c275f4ae524edd	40/43	m2c	member-of:rock_03:0x800EBCEC
rock_24	0x800EB9B4	func_800EB9B4	dup:961a174dc6115f5097e23132ae41dff0fcc17719	5/99	m2c	member-of:rock_09:0x800E9D64
rock_24	0x800EBB40	func_800EBB40	dup:d941bdad69400fb57c153f9f162558ce94bacb4d	31/162	m2c	member-of:rock_09:0x800E9EF0
rock_24	0x800EBDC8	func_800EBDC8	dup:69dae7c9adf4dfa2bcc51be71a97e231785701b9	17/150	m2c	member-of:rock_09:0x800EA178
rock_24	0x800EC020	func_800EC020	dup:9f9117540cf8878b2d76d0d98987edfffacdf368	11/19	m2c	member-of:SLUS_013.95:0x80037838
rock_24	0x800EC06C	func_800EC06C	dup:53f53cbc5fecf21871b528b78fdd534b92720fb0	35/62	m2c	member-of:rock_09:0x800EA41C
rock_24	0x800EC1A4	func_800EC1A4	dup:04ae40ee55b5419eb8190eaebb290fd256276b38	31/42	m2c	member-of:rock_09:0x800EA554
rock_24	0x800EC24C	func_800EC24C	dup:16316f5b5f30405a65a1e63ec1ab551c0727c758	0/67	m2c	member-of:rock_09:0x800EA5FC
rock_24	0x800EC358	func_800EC358	dup:fac052ba61e4604b305deaba6ba5b754b32e98a3	14/18	m2c	member-of:rock_09:0x800EA708
rock_24	0x800EC3A0	func_800EC3A0	dup:c72e32b188aa6cadade60dc275ee1487a803a746	29/31	m2c	member-of:rock_09:0x800EA750
rock_24	0x800EC41C	func_800EC41C	dup:95528bd2c23332c5c4d79ea816a0966686fad8a9	14/18	m2c	member-of:rock_09:0x800EA7CC
rock_24	0x800EC484	func_800EC484	dup:092b78e20e4a8e3dd6f0100e81da3d0b6b44ca35	8/19	m2c	member-of:SLUS_013.95:0x80046C64
rock_24	0x800EC4D0	func_800EC4D0	dup:bf15342c167d14d41cb8512fd75a12baccfb97b0	5/110	m2c	member-of:rock_06:0x800E9878
rock_24	0x800EC688	func_800EC688	dup:225f568d2dd747fa5ae3caabcf4576ad73a12b4a	17/203	m2c	member-of:rock_06:0x800E9A30
rock_24	0x800EC9B4	func_800EC9B4	dup:6e16db81face3e4bd80dcb0f8cfc34ec5ae73ba2	nocompile	m2c	member-of:rock_06:0x800E9D5C
rock_24	0x800ECAF0	func_800ECAF0	dup:092b78e20e4a8e3dd6f0100e81da3d0b6b44ca35	8/19	m2c	member-of:SLUS_013.95:0x80046C64
rock_24	0x800ECB5C	func_800ECB5C	dup:8001ff578f5b81c10f8f45efd5b3f233b298222f	nocompile	m2c	member-of:rock_09:0x800EE03C
rock_24	0x800ECC70	func_800ECC70	dup:019b1ca320c9e20f89bafd9531b2eec40ee4512d	nocompile	m2c	member-of:rock_09:0x800EE150
rock_24	0x800ECD9C	func_800ECD9C	dup:9533d0178e8d21fae9ae681071a51a7d91801305	11/45	m2c	member-of:rock_09:0x800EE27C
rock_24	0x800ECE50	func_800ECE50	dup:23e4607ab3d5dd90155b40c2271c95b7262cd26c	28/67	m2c	jtbl-uncarved
rock_24	0x800ECF5C	func_800ECF5C	dup:092b78e20e4a8e3dd6f0100e81da3d0b6b44ca35	8/19	m2c	member-of:SLUS_013.95:0x80046C64
rock_24	0x800ECFE4	func_800ECFE4	dup:072f732a80f7157f5459418693fb4ca8669772d1	17/28	m2c	member-of:SLUS_013.95:0x80037838
rock_24	0x800ED074	func_800ED074	dup:45fa9bb77d1e370fbcd4deeb09f690d79b684ebf	13/21	m2c	member-of:SLUS_013.95:0x80037838
rock_24	0x800ED0C8	func_800ED0C8	dup:feedf5f73576ca0ff726e97ad21779ce86d98277	27/32	m2c	member-of:rock_14:0x800EC8E8
rock_24	0x800ED1B8	func_800ED1B8	dup:16a5bd9a915357a70b5296077e43f352535309b1	8/13	m2c	member-of:SLUS_013.95:0x80041FB0
rock_24	0x800ED1EC	func_800ED1EC	dup:7e08d2c652bbc1d589366a114c1546da9820a1d2	7/31	m2c	member-of:rock_09:0x800EE6CC
rock_24	0x800ED2E8	func_800ED2E8	dup:91f465a867a305f60bb60a7a4de69851663711b0	44/46	m2c	member-of:rock_09:0x800EE7C8
rock_24	0x800ED3A0	func_800ED3A0	dup:e22f47e0a8bc50232ecb9b55dbdc15bbc2dffc4d	13/21	m2c	member-of:rock_09:0x800EE880
rock_24	0x800ED3F4	func_800ED3F4	dup:9ff9d9351d2c5f5ac1112c87028a72156ff7d27c	18/24	m2c	member-of:rock_09:0x800EE880
rock_24	0x800ED454	func_800ED454	dup:76d90a83ca68029a289593d059cc5a7436e23089	15/17	m2c	member-of:rock_00:0x801F3640
rock_24	0x800ED498	func_800ED498	dup:590ed0325c72277467183ee61d9754ac680efcd0	11/19	m2c	member-of:SLUS_013.95:0x80037838
rock_24	0x800ED504	func_800ED504	dup:c76bc4d7334d205bc66b21091c3d404844095045	10/128	m2c	member-of:rock_09:0x800EB2D4
rock_24	0x800ED704	func_800ED704	dup:77d296d3a928006be5d6142988abc4810d09b626	13/73	m2c	member-of:rock_09:0x800EB4D4
rock_24	0x800ED828	func_800ED828	dup:0486844fc15310f3fbd871e7aa8ab2e76d57ebba	12/50	m2c	member-of:rock_09:0x800EB5F8
rock_24	0x800ED8F0	func_800ED8F0	dup:6fd30efe78a5220ebad812632aa583e1088c6c0d	49/70	m2c	member-of:rock_09:0x800EB6C0
rock_24	0x800EDA10	func_800EDA10	dup:456488671b77c1976ab88c81c6478b0c1d26ee4b	0/47	m2c	member-of:rock_09:0x800EB7E0
rock_24	0x800EDB20	func_800EDB20	dup:21697f30d727463c9eda191e0bc9007e4cfd6457	7/9	m2c	member-of:SLUS_013.95:0x80049E50
rock_24	0x800EDB44	func_800EDB44	dup:fb9361bbbe10d4161f8025d1ca10f8e0f5b9826c	13/24	m2c	member-of:SLUS_013.95:0x80037838
rock_24	0x800EDBA4	func_800EDBA4	dup:9eee2cd9fe7234a889a30979d568c123dfdccc7a	46/51	m2c	member-of:rock_09:0x800EB974
rock_24	0x800EDCC0	func_800EDCC0	dup:fb9361bbbe10d4161f8025d1ca10f8e0f5b9826c	13/24	m2c	member-of:SLUS_013.95:0x80037838
rock_24	0x800EDD20	func_800EDD20	dup:fe41d874ff4f1020f991ccfcad28c01d8f5fad81	10/57	m2c	member-of:rock_09:0x800EBAF0
rock_24	0x800EDE04	func_800EDE04	dup:aa545e7ed1b53367deb0cda028624fd298c4cea5	23/64	m2c	member-of:rock_09:0x800EBBD4
rock_24	0x800EDF44	func_800EDF44	dup:fb9361bbbe10d4161f8025d1ca10f8e0f5b9826c	13/24	m2c	member-of:SLUS_013.95:0x80037838
rock_24	0x800EDFA4	func_800EDFA4	dup:ba3551cb9927280d42dc601587b87f81a9d8c45c	9/59	m2c	member-of:rock_09:0x800EBAF0
rock_24	0x800EE090	func_800EE090	dup:644389df8f35919febed4527faa536f7ceb3e388	22/65	m2c	member-of:rock_09:0x800EBE60
rock_24	0x800EE1D4	func_800EE1D4	dup:026804bbbc1e9fb32c0b5c09a21dedc756a7d122	7/75	m2c	member-of:rock_09:0x800ED3E4
rock_24	0x800EE300	func_800EE300	dup:8b4956429ad9f6485f4ebcc3cd8843536439b777	18/40	m2c	undrawn
rock_24	0x800EE3A0	func_800EE3A0	dup:f39e96370399bb4ec1886d7fbd96ab24d668055d	nocompile	m2c	undrawn
rock_24	0x800EE478	func_800EE478	dup:07a29a17509e5842ca5c15cf9088dab39010269f	39/48	m2c	undrawn
rock_24	0x800EE538	func_800EE538	dup:6ac7e45f3701906066b0ad7c6487d6db84cf6aa8	40/51	m2c	undrawn
rock_24	0x800EE6C8	func_800EE6C8	dup:4fc8070591fd9a06eff8c2195697391c0fdeecfa	nocompile	m2c	member-of:rock_03:0x800EE5CC
rock_24	0x800EE808	func_800EE808	dup:4cd98244d4741a887d83aad5bc1b95e41e40c799	8/61	m2c	member-of:rock_03:0x800EE70C
rock_24	0x800EE8FC	func_800EE8FC	dup:6cfe69b134fca0da9387740a4baf7b9324a0384d	5/49	m2c	member-of:rock_03:0x800EE800
rock_24	0x800EE9C0	func_800EE9C0	dup:0879b0f12d4ce2e74a4f129bab33c0f05c066aee	24/64	m2c	member-of:rock_03:0x800EE8C4
rock_24	0x800EEAC0	func_800EEAC0	dup:1a5ce432eb545609fe124eb8aa7c88af1a3f1f23	nocompile	m2c	member-of:rock_03:0x800EE9C4
rock_24	0x800EEEB4	func_800EEEB4	dup:74209d184787cdeec90bea748dad844603e15e7c	11/67	m2c	member-of:rock_03:0x800EEDB8
rock_24	0x800EEFC0	func_800EEFC0	dup:9f9117540cf8878b2d76d0d98987edfffacdf368	11/19	m2c	member-of:SLUS_013.95:0x80037838
rock_24	0x800EF00C	func_800EF00C	dup:2b33bdebb477f9017e80b329c788b6d92785643c	18/31	m2c	member-of:rock_03:0x800EEF10
rock_24	0x800EF0C8	func_800EF0C8	dup:97d1967fbc708ac8624496a9d9a33bf9a4e7b621	13/30	m2c	member-of:rock_03:0x800EEFCC
rock_24	0x800EF240	func_800EF240	dup:72f94f54b002399bd41a2c846b5ac3a8709ba00d	5/41	m2c	member-of:rock_03:0x800EF1E8
rock_24	0x800EF2E4	func_800EF2E4	dup:7f609683839dda03945cd9ba95a9bfca6374019e	5/37	m2c	member-of:rock_03:0x800EF1E8
rock_24	0x800EF378	func_800EF378	dup:aafd27c4fa0a1e2ab62d01d8f409d878f2203b53	1/26	m2c	member-of:rock_03:0x800EF27C
rock_24	0x800EF400	func_800EF400	unique	1/100	m2c	undrawn
rock_24	0x800EF590	func_800EF590	unique	nocompile	m2c	undrawn
rock_24	0x800EF820	func_800EF820	unique	nocompile	m2c	undrawn
rock_24	0x800EF95C	func_800EF95C	unique	nocompile	m2c	undrawn
rock_24	0x800EFA58	func_800EFA58	unique	nocompile	m2c	undrawn
rock_24	0x800EFBB4	func_800EFBB4	unique	nocompile	m2c	member-of:rock_24:0x800EF95C
rock_24	0x800EFCDC	func_800EFCDC	unique	nocompile	m2c	undrawn
rock_24	0x800EFDCC	func_800EFDCC	unique	0/118	m2c	undrawn
rock_24	0x800EFFA4	func_800EFFA4	unique	nocompile	m2c	member-of:rock_24:0x800EFCDC
rock_24	0x800F0098	func_800F0098	unique	nocompile	m2c	undrawn
rock_24	0x800F02AC	func_800F02AC	unique	9/68	m2c	undrawn
rock_24	0x800F03BC	func_800F03BC	unique	nocompile	m2c	member-of:rock_24:0x800EFCDC
rock_24	0x800F04CC	func_800F04CC	unique	nocompile	m2c	undrawn
rock_24	0x800F0654	func_800F0654	unique	nocompile	m2c	member-of:rock_24:0x800EFCDC
rock_24	0x800F0778	func_800F0778	unique	nocompile	m2c	undrawn
rock_24	0x800F0884	func_800F0884	unique	nocompile	m2c	undrawn
rock_24	0x800F0A24	func_800F0A24	unique	nocompile	m2c	undrawn
rock_24	0x800F0B90	func_800F0B90	family:afb36b7622dc59f3e0a52bb3db1bafde1bae081f	nocompile	m2c	undrawn
rock_24	0x800F0D4C	func_800F0D4C	unique	nocompile	m2c	undrawn
rock_24	0x800F12FC	func_800F12FC	family:afb36b7622dc59f3e0a52bb3db1bafde1bae081f	nocompile	m2c	member-of:rock_24:0x800F0B90
rock_24	0x800F14B8	func_800F14B8	unique	nocompile	m2c	member-of:rock_24:0x800F0D4C
rock_24	0x800F1AC0	func_800F1AC0	family:afb36b7622dc59f3e0a52bb3db1bafde1bae081f	nocompile	m2c	member-of:rock_24:0x800F0B90
rock_24	0x800F1C7C	func_800F1C7C	unique	nocompile	m2c	member-of:rock_24:0x800F0D4C
rock_24	0x800F23C4	func_800F23C4	unique	nocompile	m2c	member-of:rock_24:0x800F0B90
rock_24	0x800F2590	func_800F2590	unique	nocompile	m2c	member-of:rock_24:0x800F0D4C
rock_24	0x800F2B5C	func_800F2B5C	unique	nocompile	m2c	member-of:rock_24:0x800F0B90
rock_24	0x800F2D24	func_800F2D24	unique	nocompile	m2c	member-of:rock_24:0x800F0D4C
rock_24	0x800F3348	func_800F3348	unique	nocompile	m2c	undrawn
rock_24	0x800F3854	func_800F3854	unique	nocompile	m2c	undrawn
rock_24	0x800F3A0C	func_800F3A0C	unique	nocompile	m2c	undrawn
rock_24	0x800F3BFC	func_800F3BFC	unique	nocompile	m2c	undrawn
rock_24	0x800F3D74	func_800F3D74	unique	nocompile	m2c	undrawn
rock_24	0x800F407C	func_800F407C	unique	nocompile	m2c	undrawn
rock_24	0x800F4240	func_800F4240	unique	88/94	m2c	undrawn
rock_24	0x800F43B8	func_800F43B8	unique	nocompile	m2c	undrawn
rock_24	0x800F4560	func_800F4560	unique	44/140	m2c	undrawn
rock_24	0x800F4790	func_800F4790	unique	nocompile	m2c	undrawn
rock_24	0x800F49F0	func_800F49F0	dup:fb9361bbbe10d4161f8025d1ca10f8e0f5b9826c	13/24	m2c	member-of:SLUS_013.95:0x80037838
rock_24	0x800F4B2C	func_800F4B2C	unique	10/33	m2c	undrawn
rock_24	0x800F4BB0	func_800F4BB0	unique	19/49	m2c	undrawn
rock_24	0x800F4C74	func_800F4C74	unique	10/56	m2c	member-of:rock_09:0x800F32B0
rock_24	0x800F4D54	func_800F4D54	dup:33ded53d1dba0ffc8e6f87ada531f81b7ebc8989	17/25	m2c	member-of:SLUS_013.95:0x80037838
rock_24	0x800F4DB8	func_800F4DB8	family:8ca37aaeb5f1de5a1380def95ea79db92bf4b65d	2/25	m2c	member-of:rock_09:0x800F3578
rock_24	0x800F4E1C	func_800F4E1C	unique	15/24	m2c	member-of:SLUS_013.95:0x80037838
rock_24	0x800F4E7C	func_800F4E7C	dup:33ded53d1dba0ffc8e6f87ada531f81b7ebc8989	17/25	m2c	member-of:SLUS_013.95:0x80037838
rock_24	0x800F4EE0	func_800F4EE0	dup:33ded53d1dba0ffc8e6f87ada531f81b7ebc8989	17/25	m2c	member-of:SLUS_013.95:0x80037838
rock_24	0x800F4F44	func_800F4F44	unique	2/44	m2c	undrawn
rock_24	0x800F4FF4	func_800F4FF4	family:3391245e6372bd1d182e330233a21a012685f035	26/31	m2c	member-of:rock_02:0x800F0C0C
rock_24	0x800F5070	func_800F5070	unique	3/29	m2c	member-of:rock_09:0x800F3578
rock_24	0x800F5120	func_800F5120	unique	7/43	m2c	undrawn
rock_24	0x800F51CC	func_800F51CC	family:e7c23ae378ca318ad6f787b361d4787f774dc710	10/64	m2c	member-of:rock_22:0x800F8ECC
rock_24	0x800F52CC	func_800F52CC	unique	5/30	m2c	undrawn
rock_24	0x800F5344	func_800F5344	unique	2/33	m2c	undrawn
rock_24	0x800F53F0	func_800F53F0	dup:51fe8b954afec5375184c00c6a53d3ffea041b69	23/25	m2c	undrawn
rock_24	0x800F5454	func_800F5454	dup:51fe8b954afec5375184c00c6a53d3ffea041b69	23/25	m2c	member-of:rock_24:0x800F53F0
rock_24	0x800F54B8	func_800F54B8	dup:51fe8b954afec5375184c00c6a53d3ffea041b69	23/25	m2c	member-of:rock_24:0x800F53F0
rock_24	0x800F551C	func_800F551C	unique	11/28	m2c	member-of:rock_24:0x800F53F0
rock_24	0x800F558C	func_800F558C	unique	12/26	m2c	member-of:rock_24:0x800F53F0
rock_24	0x800F5614	func_800F5614	unique	1/28	m2c	undrawn
rock_24	0x800F56A4	func_800F56A4	unique	20/48	m2c	undrawn
rock_24	0x800F57E4	func_800F57E4	unique	3/44	m2c	undrawn
rock_25	0x800E98F4	func_800E98F4	dup:1772095297e49758f99a92b2ae773a5453bb8cdb	nocompile	m2c	member-of:rock_03:0x800E99D4
rock_25	0x800E9AA0	func_800E9AA0	dup:6ce43a5be03ab0bc4685c1f172f0de314612dbec	nocompile	m2c	member-of:rock_03:0x800E9B80
rock_25	0x800E9BB8	func_800E9BB8	dup:cb37d4f5f046da91eb907db263a2bfd230186d43	nocompile	m2c	member-of:rock_03:0x800E9C98
rock_25	0x800E9CEC	func_800E9CEC	dup:600c3190269ff3e9120645c7eb8f9e81918db760	47/74	m2c	member-of:rock_03:0x800E9DCC
rock_25	0x800E9E14	func_800E9E14	dup:96b55c862b4c19c7255fa5d57c9a44db01892721	nocompile	m2c	member-of:rock_03:0x800E9EF4
rock_25	0x800E9FD0	func_800E9FD0	dup:14a9d609bb979996e594b43ed43f149f3d209988	nocompile	m2c	member-of:rock_03:0x800EA0B0
rock_25	0x800EA238	func_800EA238	dup:a5f620ee45322e475106f902b5a9d481403828c0	nocompile	m2c	member-of:rock_03:0x800EA318
rock_25	0x800EA3A0	func_800EA3A0	dup:6f4a3c5784c666ea8ba80d1886ceb7bdb9ace5c6	nocompile	m2c	member-of:rock_03:0x800EA480
rock_25	0x800EA3FC	func_800EA3FC	dup:526b0660c6cbb43d492f44130a4a4a04df29238e	1/34	m2c	member-of:rock_03:0x800EA4DC
rock_25	0x800EA4C0	func_800EA4C0	dup:32e6aad3b226849f61acd4625b35109f31ae3c2d	8/11	m2c	member-of:rock_10:0x800ECC10
rock_25	0x800EA528	func_800EA528	dup:ef07b8f7f4f2f18d4f9370531fd1d6fbd05f08cf	nocompile	m2c	member-of:rock_03:0x800EA480
rock_25	0x800EA58C	func_800EA58C	dup:dcc156acd374d061db097ad3c6bef70ec7bf9276	33/36	m2c	member-of:rock_03:0x800EA66C
rock_25	0x800EA61C	func_800EA61C	dup:e41836a1303a626e051431e97af4e6730bba5b71	8/11	m2c	member-of:rock_10:0x800ECC10
rock_25	0x800EA684	func_800EA684	dup:5a79e7daaf6d1ddf871a105b4cde84e9f694a434	nocompile	m2c	member-of:rock_03:0x800EA764
rock_25	0x800EA704	func_800EA704	dup:3c1e7f5cf446e07f3e2c90b3696b1dcc35b51a38	17/20	m2c	member-of:rock_03:0x800EA7E4
rock_25	0x800EA830	func_800EA830	dup:ab19d9ae77b7f52d23df8d60be93b12a98615572	8/11	m2c	member-of:rock_10:0x800ECC10
rock_25	0x800EA898	func_800EA898	dup:020615b19797e239b12fbba3502248bb4c7024ad	31/35	m2c	member-of:rock_03:0x800EA978
rock_25	0x800EA924	func_800EA924	dup:8153bf25806c8e80e9030871dd07141b35550521	14/29	m2c	member-of:rock_03:0x800EAA04
rock_25	0x800EA998	func_800EA998	dup:6879fc880935071b6fb7bae179699c34856ae87e	17/39	m2c	member-of:rock_03:0x800EA978
rock_25	0x800EAA5C	func_800EAA5C	dup:8a468ed20b16dfe83020e94d0fc4e68153f6150a	25/45	m2c	member-of:rock_02:0x800EA8E0
rock_25	0x800EAB10	func_800EAB10	dup:48cc0ef198a7aa05af2f29a918dbc9ccce3a8468	3/48	m2c	member-of:rock_02:0x800EA8E0
rock_25	0x800EABD0	func_800EABD0	dup:3d82c3af21bbb95d722f3fba2cb6c1f7823838ca	10/12	m2c	member-of:SLUS_013.95:0x80042C18
rock_25	0x800EAC00	func_800EAC00	dup:462fd60ada60c7b290b90101b33b472f7fd65669	54/59	m2c	member-of:rock_06:0x800EB4D4
rock_25	0x800EAD2C	func_800EAD2C	dup:58c439f2c78db95ec9c777cdfe3686c0473d11a9	nocompile	m2c	member-of:rock_03:0x800EAE0C
rock_25	0x800EADB4	func_800EADB4	dup:0043de0526d18de59b341a61fd06cbd569a489b2	nocompile	m2c	member-of:rock_03:0x800EAE94
rock_25	0x800EAFC0	func_800EAFC0	dup:030e585ae49a90509cffee51ccb2c7215526d7b4	3/52	m2c	member-of:rock_03:0x800EB0A0
rock_25	0x800EB090	func_800EB090	dup:4e253c4d33812527bad18316e59432942688aec9	nocompile	m2c	member-of:rock_03:0x800EB170
rock_25	0x800EB29C	func_800EB29C	dup:d4b6c043fc48266f14bcfe445e1ff0a24e932c41	nocompile	m2c	member-of:rock_03:0x800EB37C
rock_25	0x800EB3B0	func_800EB3B0	dup:1a1d869ea4e44cca72d0032e685e7206dcb1f7c7	2/59	m2c	member-of:rock_03:0x800EB490
rock_25	0x800EB518	func_800EB518	dup:ed50c480aaeb440d125cc1d6eef66e2402c80b93	13/19	m2c	member-of:rock_07:0x800ED0F0
rock_25	0x800EB564	func_800EB564	dup:f6a0ed31645f0fbf90f62ea08c23138e008bd074	3/32	m2c	member-of:rock_03:0x800EB644
rock_25	0x800EB5E4	func_800EB5E4	dup:71c4476db72705ca8293735e29d9527b968839bf	16/17	m2c	member-of:rock_07:0x800ED0F0
rock_25	0x800EB684	func_800EB684	dup:2c53cc37c48c9e663721dfaec69e7d6298902f4d	13/17	m2c	member-of:rock_07:0x800ED0F0
rock_25	0x800EB704	func_800EB704	dup:4ad035e7a30f5894ffd1c0969c8e923bcf3c8657	35/35	m2c	plumbing:R3
rock_25	0x800EB790	func_800EB790	dup:424f7e8f3d6d41bc2e262723756625c31de1e321	39/69	m2c	member-of:rock_03:0x800EB870
rock_25	0x800EB8E8	func_800EB8E8	dup:1a9b8c18358ce9347aad2cfce4ac3970b0d0eb6d	7/61	m2c	member-of:rock_03:0x800EB9C8
rock_25	0x800EB9DC	func_800EB9DC	dup:7dc1f72e5c909fa4479569b6764cdcf1cfbb67e8	25/45	m2c	member-of:rock_02:0x800EA8E0
rock_25	0x800EBA90	func_800EBA90	dup:cc3fe9c9b5aa00a1a5ebc901388ea1113f11c067	10/44	m2c	member-of:rock_07:0x800ECCD8
rock_25	0x800EBB40	func_800EBB40	dup:3d82c3af21bbb95d722f3fba2cb6c1f7823838ca	10/12	m2c	member-of:SLUS_013.95:0x80042C18
rock_25	0x800EBB70	func_800EBB70	dup:caccf0c86fc8fcb6bc006313cce4c9c6f190585b	34/39	m2c	member-of:rock_03:0x800EBC50
rock_25	0x800EBC0C	func_800EBC0C	dup:7dc8fc2b5996d677571bf9a5e084ce4552c7abc0	35/37	m2c	member-of:rock_03:0x800EBCEC
rock_25	0x800EBCC0	func_800EBCC0	dup:c6cee5bdc809eb8ec8a301d9a7aa3312a9bb89be	11/29	m2c	member-of:rock_03:0x800EBDA0
rock_25	0x800EBD34	func_800EBD34	dup:ab6fd96484c9701fadb28d9e53426cf62e8b02df	nocompile	m2c	member-of:rock_03:0x800EBE14
rock_25	0x800EBE8C	func_800EBE8C	dup:7fb7ba4bc3480dda044383f6146a053af606e077	61/118	m2c	member-of:rock_03:0x800EBF6C
rock_25	0x800EC064	func_800EC064	dup:0b4e4dc294c7079a849914631f04e55b64d928d8	49/70	m2c	member-of:rock_03:0x800EC144
rock_25	0x800EC17C	func_800EC17C	dup:72233e49868b6a69bf35a3e2e66b4d68c5a310ec	5/41	m2c	member-of:rock_03:0x800EC25C
rock_25	0x800EC220	func_800EC220	dup:2b146aebb3f121ab15205a4046c7b8227ee749b9	1/26	m2c	member-of:rock_03:0x800EC300
rock_25	0x800EC288	func_800EC288	dup:32399edc70ab1390521f4d9e0b26e3a1c91e0736	0/51	m2c	member-of:rock_03:0x800EC368
rock_25	0x800EC394	func_800EC394	dup:4cd20a1afbf5a41d5bc14d9cd99b4ca65ee26a37	9/18	m2c	member-of:SLUS_013.95:0x80037838
rock_25	0x800EC3DC	func_800EC3DC	dup:173a5fc0e4a5f0dcb44e8d94028ae0ced5be657e	9/25	m2c	member-of:rock_03:0x800EC4BC
rock_25	0x800EC440	func_800EC440	dup:0c5c5ce2b8f3594cb317a3246671523ea5673574	15/17	m2c	member-of:rock_00:0x801F3640
rock_25	0x800EC484	func_800EC484	dup:1629175fdecf3ad1722e52a601478c1d083f09fd	8/36	m2c	member-of:rock_03:0x800EC564
rock_25	0x800EC514	func_800EC514	dup:abef3cc7310f744ffb150246e5664448b1e4af84	27/30	m2c	member-of:rock_03:0x800EC5F4
rock_25	0x800EC58C	func_800EC58C	dup:f58d657590d9a55874b6a281d24fcbdb7b2abd22	nocompile	m2c	member-of:rock_03:0x800EC66C
rock_25	0x800EC658	func_800EC658	dup:9039ab0aaebdd4d89e10374c530a544c2b1f007c	17/27	m2c	member-of:rock_03:0x800EC7A4
rock_25	0x800EC6C4	func_800EC6C4	dup:c5d1c3945c59ba90d32daf054258f0e8b9a0cd3a	8/23	m2c	member-of:rock_03:0x800EC7A4
rock_25	0x800EC720	func_800EC720	dup:b8c4a0be3c5027ed4467cf2d660dd2d6f083eb36	37/40	m2c	member-of:rock_03:0x800EC800
rock_25	0x800EC7C0	func_800EC7C0	dup:150900c7ed4d4ab99815a300fa633642336c9c05	16/20	m2c	member-of:rock_03:0x800EC8A0
rock_25	0x800EC810	func_800EC810	dup:de450038a277763fa5d3144ca2367f6c33c7d58d	69/79	m2c	member-of:rock_03:0x800EC8F0
rock_25	0x800EC94C	func_800EC94C	dup:dcdbf37bff20dc2bd2b516b98962acff8b6128d4	6/131	m2c	member-of:rock_03:0x800ECA2C
rock_25	0x800ECB58	func_800ECB58	dup:ae20a1c30850077d0c7a39a173bddc9832b6bbcb	15/103	m2c	member-of:rock_03:0x800ECC38
rock_25	0x800ECCF4	func_800ECCF4	dup:68618e238fbde9a8415b80269e19718dc3a4f81a	nocompile	m2c	member-of:rock_03:0x800ECDD4
rock_25	0x800ECF40	func_800ECF40	dup:723e51e962dd39c8bcd5f3c45c7d46a8a33e6ea2	9/53	m2c	member-of:rock_03:0x800ED020
rock_25	0x800ED014	func_800ED014	dup:d23c897e0e27efe19ff7a38913f25d99ba0180a1	48/75	m2c	member-of:rock_03:0x800ED0F4
rock_25	0x800ED140	func_800ED140	dup:0401ee70a29ecabb479a02b354e741759cf9f98a	9/53	m2c	member-of:rock_03:0x800ED020
rock_25	0x800ED214	func_800ED214	dup:15928c05461a3d79731e81167f34e37d20ea7dff	3/77	m2c	member-of:rock_03:0x800ED2F4
rock_25	0x800ED348	func_800ED348	dup:a8e97b345c4f588030b64d2d9cc95513c1259b50	85/87	m2c	member-of:rock_03:0x800EC144
rock_25	0x800ED4A4	func_800ED4A4	dup:ef09cf88f5664e71a233112285c40614eeec80db	84/96	m2c	member-of:rock_03:0x800ED584
rock_25	0x800ED624	func_800ED624	dup:3841861bc21ec5a06e7fe26f058b170fac036262	12/23	m2c	member-of:SLUS_013.95:0x80037838
rock_25	0x800ED680	func_800ED680	dup:8db8f455f11c30a4ba352017c155b9b30798de71	36/52	m2c	member-of:rock_03:0x800ED760
rock_25	0x800ED844	func_800ED844	dup:bab3b6b96e28a270d0631c3eef6fde4580753657	19/24	m2c	member-of:rock_03:0x800ED924
rock_25	0x800ED8A4	func_800ED8A4	dup:c4df7cc2125e9774bfa3a72b9250d6113fba5ca1	9/13	m2c	member-of:rock_07:0x800ED0F0
rock_25	0x800ED8D8	func_800ED8D8	dup:af180e38751a8a001f5fb55ae3d06742102be596	49/51	m2c	member-of:rock_03:0x800ED9B8
rock_25	0x800ED9EC	func_800ED9EC	dup:aaeee06b0ab0bd4094f8d1cde266bd5a2b9c4255	9/13	m2c	member-of:rock_07:0x800ED0F0
rock_25	0x800EDA20	func_800EDA20	dup:e76418fe0a3ca289bca9463d008674e49d99b023	51/53	m2c	member-of:rock_03:0x800ED9B8
rock_25	0x800EDAF4	func_800EDAF4	dup:3364a59e00fa1e11207f919d98cca0f6be10da52	17/20	m2c	member-of:rock_00:0x801F3640
rock_25	0x800EDB8C	func_800EDB8C	dup:45ff4a5387d6b479df4367b3336c3d9ff414fbac	10/14	m2c	member-of:rock_07:0x800ED0F0
rock_25	0x800EDC4C	func_800EDC4C	dup:3841861bc21ec5a06e7fe26f058b170fac036262	12/23	m2c	member-of:SLUS_013.95:0x80037838
rock_25	0x800EDCA8	func_800EDCA8	dup:aea767eeb8e997fda48dab431ab89446a1e79496	4/60	m2c	member-of:rock_03:0x800EDD88
rock_25	0x800EDD98	func_800EDD98	dup:b81895b1f9ec80ddf7203d07c413601ba5f3179b	22/46	m2c	member-of:rock_03:0x800EDE78
rock_25	0x800EDF18	func_800EDF18	dup:06d340c20f2eaef1cf032d952883ec190b9e0b0a	31/34	m2c	member-of:rock_03:0x800EDFF8
rock_25	0x800EDFA0	func_800EDFA0	dup:0e9a6c0389626eba03dcae9eb7cbc0b4ec856b57	36/38	m2c	member-of:rock_03:0x800EE080
rock_25	0x800EE074	func_800EE074	dup:9b4f8725c2cdaa95959541cf16413d6590c96871	nocompile	m2c	member-of:rock_03:0x800EF304
rock_25	0x800EE244	func_800EE244	dup:8dcb28fd5528c27495069483bba31f84f728c40a	2/41	m2c	member-of:rock_03:0x800EF4D4
rock_25	0x800EE2E8	func_800EE2E8	dup:092b78e20e4a8e3dd6f0100e81da3d0b6b44ca35	8/19	m2c	member-of:SLUS_013.95:0x80046C64
rock_25	0x800EE390	func_800EE390	dup:79c9175c71d0131e44ab3e69885f621a4656dbec	5/45	m2c	member-of:rock_03:0x800EF620
rock_25	0x800EE444	func_800EE444	dup:5b6270f0b276aeed86d7f768c82076f8a67f8393	12/38	m2c	member-of:rock_03:0x800EF6D4
rock_25	0x800EE4DC	func_800EE4DC	dup:3941be94e62672410f43ad679b2ccfaf63c4e8cb	40/41	m2c	member-of:rock_08:0x800EFEF8
rock_25	0x800EE580	func_800EE580	dup:aca1e75e14f5e2b746e9e5d7e613c627d466d1e8	31/124	m2c	member-of:rock_03:0x800EE154
rock_25	0x800EE770	func_800EE770	dup:dbce94ba2d7880015e09dd31f5ed9535d7def2fb	10/138	m2c	member-of:rock_03:0x800EE344
rock_25	0x800EE998	func_800EE998	dup:38e1a722ce8eb22c0c91e96517429c593bfa9d95	8/16	m2c	member-of:SLUS_013.95:0x80046C64
rock_26	0x800E9AE4	func_800E9AE4	dup:e8669581fbedc190aa015d020f466dd506c8e5d9	nocompile	m2c	member-of:rock_04:0x800E9B30
rock_26	0x800E9C38	func_800E9C38	dup:e71bf064eeae7b268a015a8542a782ab44020576	41/94	m2c	member-of:rock_04:0x800E9C84
rock_26	0x800E9DB0	func_800E9DB0	dup:e4207112aeea553eb97e393a691df06150ea3c83	nocompile	m2c	member-of:rock_04:0x800E9DFC
rock_26	0x800E9FFC	func_800E9FFC	dup:1d1640e250e84c07fcd489aaacac88413911f66a	22/152	m2c	member-of:rock_04:0x800EA048
rock_26	0x800EA25C	func_800EA25C	dup:0b1e95c610ae1d57002bc0c938ac60681c44114e	nocompile	m2c	member-of:rock_04:0x800EA2A8
rock_26	0x800EA5C0	func_800EA5C0	dup:82a7de7aad574a39ba0ff7e19abca007b633f1b7	nocompile	m2c	member-of:rock_04:0x800EA2A8
rock_26	0x800EA924	func_800EA924	dup:6f932ae68e2a18240a60e0dc002254f4e7764fad	nocompile	m2c	member-of:rock_04:0x800EA970
rock_26	0x800EAC20	func_800EAC20	dup:ab126974fcd8b708f5d3899f16fbe9fca68a9e7d	nocompile	m2c	member-of:rock_04:0x800EA970
rock_26	0x800EAF1C	func_800EAF1C	dup:41d5465e740bf6fae2e858a9ee1e14dc1e1e4186	21/106	m2c	member-of:rock_04:0x800EAF68
rock_26	0x800EB0C4	func_800EB0C4	dup:8c4a249319df85aa955429b3a209272be1fcdfca	24/99	m2c	member-of:rock_04:0x800EB110
rock_26	0x800EB250	func_800EB250	dup:8c37de06817377734eee430ef5b32293767e6107	32/75	m2c	member-of:rock_04:0x800EB29C
rock_26	0x800EB37C	func_800EB37C	dup:c5c99704794609bb452e9f599108e2d0402c41bc	36/118	m2c	member-of:rock_04:0x800EB3C8
rock_26	0x800EB554	func_800EB554	dup:fb9361bbbe10d4161f8025d1ca10f8e0f5b9826c	13/24	m2c	member-of:SLUS_013.95:0x80037838
rock_26	0x800EB624	func_800EB624	dup:b78bb1bdab260f5a196baa153046a318baac32f9	37/56	m2c	member-of:rock_45:0x800FC7D8
rock_26	0x800EB704	func_800EB704	dup:1fc54f000ad5d7b0976b2430b6186144c812fe86	34/52	m2c	member-of:rock_04:0x800EB750
rock_26	0x800EB814	func_800EB814	dup:68da6d4df13bbf21f2d5c7c09f4c24e818096786	7/59	m2c	member-of:rock_04:0x800EB860
rock_26	0x800EB920	func_800EB920	dup:ca2c18c183a39afe1700fa3fae9f5e0ac099f194	nocompile	m2c	member-of:rock_04:0x800ED3A4
rock_26	0x800EBD84	func_800EBD84	dup:5758981aca9f3c6e6a4c407b75accbda8fcf16a8	nocompile	m2c	jtbl-uncarved
rock_26	0x800EC0E4	func_800EC0E4	dup:ee0858fef9555f18ba955aa03a3a019fb19632a4	nocompile	m2c	jtbl-uncarved
rock_26	0x800EC4B8	func_800EC4B8	dup:6e01646f6d80191f7b89f90a578b3a248ba9403b	4/63	m2c	member-of:rock_04:0x800EDF3C
rock_26	0x800EC5B4	func_800EC5B4	dup:3054ad017959b43870aa1051f531d0060d92eebe	7/116	m2c	member-of:rock_04:0x800EE038
rock_26	0x800EC784	func_800EC784	dup:82e8eaaf3cec8606e50120d0172fd3fd7aec4736	5/20	m2c	member-of:rock_04:0x800EE208
rock_26	0x800EC7D4	func_800EC7D4	dup:576f8c11d4de78c710f353fb3a3104e2b5c48645	0/55	m2c	member-of:rock_04:0x800EE258
rock_26	0x800EC8B0	func_800EC8B0	dup:48abdd010b4222c789fbf58229721da658df9604	nocompile	m2c	member-of:rock_04:0x800EE334
rock_26	0x800ECB40	func_800ECB40	dup:b90c5b896d91346f42d79f8b03e066916564565c	8/114	m2c	member-of:rock_04:0x800EE5C4
rock_26	0x800ECD08	func_800ECD08	dup:6cbc4f2886ee5674f11488bb5bb8b557d42a4016	35/83	m2c	member-of:rock_04:0x800EE78C
rock_26	0x800ECE54	func_800ECE54	dup:d2c3e71028c39e57cc7d939b153323834ef98c40	nocompile	m2c	member-of:rock_04:0x800EE8D8
rock_26	0x800ED2BC	func_800ED2BC	dup:5502bdd7e366637f64d6f2c7d910bc6703355b7b	1/30	m2c	member-of:rock_00:0x801EBBEC
rock_26	0x800ED390	func_800ED390	dup:9853e7476723153efdd127c9be314f6b67bf431a	29/35	m2c	member-of:rock_04:0x800EEE14
rock_26	0x800ED41C	func_800ED41C	dup:124391726df652f12eaf280e0550428de5dcbfc3	nocompile	m2c	member-of:rock_04:0x800EEEA0
rock_26	0x800ED6DC	func_800ED6DC	dup:97dabeeed9e8192664c8d24403d54ed81543ae44	nocompile	m2c	member-of:rock_04:0x800EF160
rock_26	0x800EDB4C	func_800EDB4C	dup:5d84d7e05e3105ced68d28684e7da61fdcb9efdc	37/50	m2c	member-of:rock_04:0x800EF5D0
rock_26	0x800EDCB4	func_800EDCB4	dup:0d72fd7bfd030ee99880a6d91779875f862eb0e2	nocompile	m2c	member-of:rock_04:0x800EF738
rock_26	0x800EDF9C	func_800EDF9C	dup:7c6edb8860751412a2e2cf539244188467ee9cae	nocompile	m2c	member-of:rock_04:0x800EFA20
rock_26	0x800EE1D4	func_800EE1D4	dup:33eaee9d25ff52fbbe9ada2039f8e3a9d40daa7b	nocompile	m2c	member-of:rock_04:0x800EFC58
rock_26	0x800EE2D4	func_800EE2D4	dup:3841861bc21ec5a06e7fe26f058b170fac036262	12/23	m2c	member-of:SLUS_013.95:0x80037838
rock_26	0x800EE330	func_800EE330	dup:747eda65c62f3222604d59aa97e43a9f3fc24fd0	41/49	m2c	member-of:rock_04:0x800EFDB4
rock_26	0x800EE3F4	func_800EE3F4	dup:0a22b332cb216ef9247f8a036b8608681d1b5c0a	3/30	m2c	member-of:rock_04:0x800EFE78
rock_26	0x800EE4E8	func_800EE4E8	dup:13474c65eb76b70c122722f4cea4b03e35d180de	11/19	m2c	member-of:rock_04:0x800EFF6C
rock_26	0x800EE554	func_800EE554	dup:f8d22e8aecc19af66f61a2d65eeb0d0fe04e3c25	nocompile	m2c	member-of:rock_04:0x800EFFD8
rock_26	0x800EEA18	func_800EEA18	dup:2bd0f62d1a77f3fc574a99cad57556b0b122435f	1/60	m2c	member-of:rock_04:0x800F049C
rock_26	0x800EEB08	func_800EEB08	dup:73ce3577f240819b1459a6fdcd4e9698e6d9b486	7/17	m2c	member-of:rock_04:0x800F058C
rock_26	0x800EEBA8	func_800EEBA8	dup:c40ecd13454c3266762ee541f8e2ca582e2fa9bf	nocompile	m2c	member-of:rock_04:0x800F062C
rock_26	0x800EEC94	func_800EEC94	dup:b47070ce695009a9e29412bc136fd196c1181846	14/16	m2c	member-of:rock_04:0x800F0718
rock_27	0x800E9878	func_800E9878	family:01ebfee55ad3c9c08f32d1dbeaa6177b145384bc	nocompile	m2c	member-of:rock_05:0x800E98BC
rock_27	0x800E99C0	func_800E99C0	dup:b9c3c895fbb0b912c87f18082b6551b9fe28249f	nocompile	m2c	member-of:rock_05:0x800E9A04
rock_27	0x800E9B28	func_800E9B28	dup:586d8dc4fad781ab08a303af18cb1fd3c2647f96	nocompile	m2c	member-of:rock_05:0x800E9B6C
rock_27	0x800E9CB4	func_800E9CB4	dup:f16cc4d626bbbcacffb3b289661d11538562420a	16/50	m2c	member-of:rock_05:0x800E9CF8
rock_27	0x800E9DE0	func_800E9DE0	dup:0e7ccad7caf74d5d4ad70d0ab0834d002155294a	22/23	m2c	member-of:rock_05:0x800E9E24
rock_27	0x800E9E3C	func_800E9E3C	dup:5870cc71888cb456d9e6e7dbfe77f8f5536fd9b0	8/11	m2c	member-of:rock_10:0x800ECC10
rock_27	0x800E9EA4	func_800E9EA4	dup:7385248679b8180c1171eddc5f01063ba189d168	nocompile	m2c	member-of:rock_05:0x800E9EE8
rock_27	0x800E9F90	func_800E9F90	dup:2fbbfc703984b64c1fd7d728440094f6b60848b1	nocompile	m2c	member-of:rock_05:0x800E9FD4
rock_27	0x800EA038	func_800EA038	dup:05f2c8aca6cb4135962d9b185f0bd7a974ccc477	nocompile	m2c	member-of:rock_05:0x800EA07C
rock_27	0x800EA1E0	func_800EA1E0	dup:098d948184270b3c930f3a6d73d2234f5e420a82	76/108	m2c	member-of:rock_05:0x800EA224
rock_27	0x800EA390	func_800EA390	dup:092b78e20e4a8e3dd6f0100e81da3d0b6b44ca35	8/19	m2c	member-of:SLUS_013.95:0x80046C64
rock_27	0x800EA3DC	func_800EA3DC	dup:12b5a38a1d9f695b46c4d8743650ead341dd4204	59/63	m2c	member-of:rock_05:0x800EA420
rock_27	0x800EA584	func_800EA584	dup:739e5bc013dcc43177c9497c0cf8b4d3dac8e71e	nocompile	m2c	member-of:rock_02:0x800E9C20
rock_27	0x800EA70C	func_800EA70C	dup:bec4b333e7378010ad7c616c0768a707c3b10228	12/102	m2c	member-of:rock_05:0x800EA750
rock_27	0x800EA8A4	func_800EA8A4	dup:4c9b9555ecee728a5db26b8ca1b5c30581c4cdd3	24/31	m2c	member-of:rock_05:0x800EA8E8
rock_27	0x800EA9D4	func_800EA9D4	dup:fc8e51cf3b2fc11d9ed097330e2fd6ec3c572efd	25/35	m2c	member-of:rock_05:0x800EAA18
rock_27	0x800EAA60	func_800EAA60	dup:b633c7e54462e26495ec965080ab69cdcf1c0029	2/14	m2c	member-of:rock_05:0x800EAAA4
rock_27	0x800EAA98	func_800EAA98	dup:8c4e4dbfa3d93698bd3f38d879f52eecd7b7ce70	5/19	m2c	member-of:rock_05:0x800EAADC
rock_28	0x800E9864	func_800E9864	dup:73e13f7ae975a558313be75e697a5077bcaaf77d	nocompile	m2c	member-of:rock_07:0x800E9C98
rock_28	0x800E98C4	func_800E98C4	unique	nocompile	m2c	undrawn
rock_28	0x800E9918	func_800E9918	unique	nocompile	m2c	undrawn
rock_28	0x800E995C	func_800E995C	unique	nocompile	m2c	undrawn
rock_28	0x800E99E0	func_800E99E0	dup:bf15342c167d14d41cb8512fd75a12baccfb97b0	nocompile	m2c	member-of:rock_06:0x800E9878
rock_28	0x800E9B98	func_800E9B98	dup:225f568d2dd747fa5ae3caabcf4576ad73a12b4a	nocompile	m2c	member-of:rock_06:0x800E9A30
rock_28	0x800E9EC4	func_800E9EC4	dup:6e16db81face3e4bd80dcb0f8cfc34ec5ae73ba2	nocompile	m2c	member-of:rock_06:0x800E9D5C
rock_28	0x800EA000	func_800EA000	dup:092b78e20e4a8e3dd6f0100e81da3d0b6b44ca35	nocompile	m2c	member-of:SLUS_013.95:0x80046C64
rock_28	0x800EA04C	func_800EA04C	dup:7f693e46b2295478282394980377f04c2f3d08dc	nocompile	m2c	member-of:rock_11:0x800EA5F0
rock_28	0x800EA06C	func_800EA06C	dup:9bc6edbf2b0e3fba5b7873492132f5e6a8d701f7	nocompile	m2c	member-of:rock_06:0x800E9F04
rock_28	0x800EA254	func_800EA254	dup:1fbf1cfd3f97ba59776f0ea513b1b0b8f891493e	nocompile	m2c	member-of:rock_06:0x800ECAB8
rock_28	0x800EA398	func_800EA398	dup:0258afa871dd7541396d877ba38b3b5de538fcd9	nocompile	m2c	member-of:rock_06:0x800EA230
rock_28	0x800EA698	func_800EA698	dup:092b78e20e4a8e3dd6f0100e81da3d0b6b44ca35	nocompile	m2c	member-of:SLUS_013.95:0x80046C64
rock_28	0x800EA6E4	func_800EA6E4	dup:7f693e46b2295478282394980377f04c2f3d08dc	nocompile	m2c	member-of:rock_11:0x800EA5F0
rock_28	0x800EA704	func_800EA704	dup:7f693e46b2295478282394980377f04c2f3d08dc	nocompile	m2c	member-of:rock_11:0x800EA5F0
rock_28	0x800EA760	func_800EA760	dup:6eac507027d5b41d0db720a611a00549d2c56516	nocompile	m2c	member-of:rock_06:0x800EA5F8
rock_28	0x800EA7B4	func_800EA7B4	dup:34cd95fb2b2e4bd67d6641a1a36704e9df39296b	nocompile	m2c	member-of:rock_06:0x800EA64C
rock_28	0x800EA84C	func_800EA84C	dup:7f693e46b2295478282394980377f04c2f3d08dc	nocompile	m2c	member-of:rock_11:0x800EA5F0
rock_28	0x800EA86C	func_800EA86C	dup:537c25db7287c5a0566c4dfc10192e7c82cde399	nocompile	m2c	member-of:rock_06:0x800EA704
rock_28	0x800EA9A8	func_800EA9A8	dup:b62bb9224f489a693b0fda3cfdcd2c58b4bb03ee	nocompile	m2c	member-of:rock_06:0x800EA840
rock_28	0x800EAB48	func_800EAB48	dup:6827a9ba4801640881f3f25409e78cc22db1b7fc	nocompile	m2c	member-of:rock_06:0x800EA9E0
rock_28	0x800EAD34	func_800EAD34	dup:ed3589eb1982eb71b7b530788f20a3764935cf99	nocompile	m2c	member-of:rock_06:0x800EABCC
rock_28	0x800EAE70	func_800EAE70	dup:18456df14b7930c0068a8c57d4cd79e9b7bbaefd	nocompile	m2c	member-of:rock_06:0x800EAD08
rock_28	0x800EAFB0	func_800EAFB0	dup:94b6bb00e15b115aa6f9afbe11b3d9ffa824e1fe	nocompile	m2c	member-of:rock_06:0x800EAE48
rock_28	0x800EB138	func_800EB138	dup:c27e254a2e0b2749fd75846b77094fa1c981821c	nocompile	m2c	member-of:rock_06:0x800EAFD0
rock_28	0x800EB1D8	func_800EB1D8	dup:50c6b6b1674f079cbf013a5f048e2dafb84129a1	nocompile	m2c	member-of:rock_06:0x800EB070
rock_28	0x800EB274	func_800EB274	dup:cffad05a9078dadaf6cabf6dba0f3c553624c03f	nocompile	m2c	member-of:rock_07:0x800F1AD0
rock_28	0x800EB31C	func_800EB31C	dup:913d56688a4092f358b5dcbc05d19fa0350d6b9b	nocompile	m2c	member-of:rock_07:0x800F1B78
rock_28	0x800EB420	func_800EB420	dup:322c6b593a060f5fb8cb216df5f385096783eb88	nocompile	m2c	member-of:rock_06:0x800EB2B8
rock_28	0x800EB508	func_800EB508	dup:3eda7eedfbb8a2f5baf5519fae1ec769b9beab47	nocompile	m2c	member-of:rock_10:0x800F23E4
rock_28	0x800EB584	func_800EB584	dup:9e25552ae220f6cbfac9352ec935aa890a7e3e28	nocompile	m2c	member-of:rock_06:0x800EB41C
rock_28	0x800EB63C	func_800EB63C	dup:bfe342a20ad06fcaa35a4ef882a0d3fb5292b7de	nocompile	m2c	member-of:rock_06:0x800EB4D4
rock_28	0x800EB704	func_800EB704	dup:7f693e46b2295478282394980377f04c2f3d08dc	nocompile	m2c	member-of:rock_11:0x800EA5F0
rock_28	0x800EB724	func_800EB724	dup:9fc931326149177055313489882726b92e2c6b2e	nocompile	m2c	member-of:rock_02:0x800EAC8C
rock_28	0x800EB8A4	func_800EB8A4	dup:be35b1888b96d320d3e087ef7a2b120d6f9238c3	nocompile	m2c	member-of:rock_02:0x800EAE0C
rock_28	0x800EBA48	func_800EBA48	dup:9f9117540cf8878b2d76d0d98987edfffacdf368	nocompile	m2c	member-of:SLUS_013.95:0x80037838
rock_28	0x800EBA94	func_800EBA94	dup:6f36cbcd78d1cd7f9ee3324a8f7a1bbff6f9afc8	nocompile	m2c	member-of:rock_02:0x800EAFFC
rock_28	0x800EBBA4	func_800EBBA4	dup:fff1b15d9de0ac4caa7597dfec7c48d89a299efc	nocompile	m2c	member-of:rock_02:0x800EB10C
rock_28	0x800EBBE4	func_800EBBE4	dup:11f815b311a4239015adc1ba49493cf37d121433	nocompile	m2c	member-of:rock_02:0x800EB14C
rock_28	0x800EBC38	func_800EBC38	dup:157766ff369b7a08a5753515226f1fafa5d91d6a	nocompile	m2c	member-of:rock_02:0x800EB1A0
rock_28	0x800EBC8C	func_800EBC8C	dup:cc1373a1829ee931b0221762a62cb51590f56793	nocompile	m2c	member-of:rock_09:0x800EA7CC
rock_28	0x800EBCD4	func_800EBCD4	dup:c2ed556c33270898eecb63ea9b0dfe99e6ddada1	nocompile	m2c	member-of:rock_02:0x800EB23C
rock_28	0x800EBDD8	func_800EBDD8	dup:6724149a08e9acdd1ca18290ecd5f9b18bc79983	nocompile	m2c	member-of:rock_02:0x800EB340
rock_28	0x800EBE8C	func_800EBE8C	dup:7f693e46b2295478282394980377f04c2f3d08dc	nocompile	m2c	member-of:rock_11:0x800EA5F0
rock_28	0x800EBEE8	func_800EBEE8	dup:ac02bcd6fd06f3b74e7300c46616b5399d7687b2	nocompile	m2c	member-of:rock_06:0x800EE158
rock_28	0x800EBF64	func_800EBF64	dup:35bee7a1f06e22ec6cc8119aca62d1d7e6897792	nocompile	m2c	member-of:rock_06:0x800EE1D4
rock_28	0x800EC0D4	func_800EC0D4	dup:e6e893b0865bfbb37a3b7955f231d90ab8e3a309	nocompile	m2c	member-of:rock_06:0x800EE344
rock_28	0x800EC450	func_800EC450	dup:bdcbb35d57ec33e0aeb4bf036e6a178b3713b5ff	nocompile	m2c	member-of:rock_06:0x800EE6C0
rock_28	0x800EC5B8	func_800EC5B8	dup:9a5ccaf70c58b008e6b2c0a9bd9b6912c7271ce2	nocompile	m2c	member-of:rock_06:0x800EE828
rock_28	0x800EC6B4	func_800EC6B4	dup:6e2a3f71aa07a26bdc27c790a0e132a203de0ad4	nocompile	m2c	member-of:rock_06:0x800EE924
rock_28	0x800EC85C	func_800EC85C	dup:6661c93aa09c4197abc04563650552ea1c68c8a0	nocompile	m2c	member-of:rock_06:0x800EEACC
rock_28	0x800EC9E0	func_800EC9E0	dup:faa4d6dc0e3ef12e4d847bfdfc5b723d9f59f777	nocompile	m2c	member-of:rock_06:0x800EEC50
rock_28	0x800ECB90	func_800ECB90	dup:3382a1e83a8ed802ce46f023866cc2e184fe45e0	nocompile	m2c	member-of:rock_06:0x800EEC50
rock_28	0x800ECD80	func_800ECD80	dup:e0ca6960c630ebcf7900fe41fd64a70451b1b90f	nocompile	m2c	member-of:rock_06:0x800EEFF0
rock_28	0x800ED018	func_800ED018	dup:78ba1195dc7bf2ba6869c61a15eef69f2b67a194	nocompile	m2c	member-of:rock_06:0x800EF288
rock_28	0x800ED2B4	func_800ED2B4	dup:3d302dce177b24458d697baa9faa59b539d62f32	nocompile	m2c	member-of:rock_06:0x800F1494
rock_28	0x800ED4E8	func_800ED4E8	dup:f751c07cd61932feff2f14e3c6508d07b704f9ff	nocompile	m2c	member-of:rock_06:0x800EF758
rock_28	0x800ED6E0	func_800ED6E0	dup:d24d7a776134c9c7103d443d4f996da47e930bbc	nocompile	m2c	member-of:rock_06:0x800EF950
rock_28	0x800ED9DC	func_800ED9DC	dup:72a6efb8ee245d1091cf1dc5a82fc5cf4c90b3c0	nocompile	m2c	member-of:rock_06:0x800EFC4C
rock_28	0x800EDB40	func_800EDB40	dup:060b5b443e9d642a90eb5274d1c43b050cf938c0	nocompile	m2c	member-of:rock_06:0x800EFDB0
rock_28	0x800EDD5C	func_800EDD5C	dup:f45acdc936cebd8e4053b65a56652d19b154358d	nocompile	m2c	member-of:rock_06:0x800EFFCC
rock_28	0x800EDEAC	func_800EDEAC	dup:e063171204525cd7c4cc6a06a3628aa40d5df9ed	nocompile	m2c	member-of:rock_06:0x800F011C
rock_28	0x800EE0FC	func_800EE0FC	dup:ed9e15a385b3c63036239b8aa5b9110f6351133a	nocompile	m2c	member-of:rock_06:0x800F036C
rock_28	0x800EE278	func_800EE278	dup:1163f1e3b61d4887afaf414faa8ae6c124c5eccb	nocompile	m2c	member-of:rock_06:0x800F04E8
rock_28	0x800EE4AC	func_800EE4AC	dup:c3eeee905520cc63dd13f57bb6654d3c49ad5457	nocompile	m2c	member-of:rock_06:0x800F071C
rock_28	0x800EE70C	func_800EE70C	dup:98af63e37e343cde390ae3e0282e5c37ec05e6e3	nocompile	m2c	member-of:rock_06:0x800F097C
rock_28	0x800EE8EC	func_800EE8EC	dup:fe736aa2376cf3464351d6e2ad60db0e7a833706	nocompile	m2c	member-of:rock_06:0x800F0B5C
rock_28	0x800EEC34	func_800EEC34	dup:3e1aec2888ff5b10f335ea296f9ae372a727dbc2	nocompile	m2c	member-of:rock_06:0x800F0EA4
rock_28	0x800EEE50	func_800EEE50	dup:898b26e0360eac49ea5c19e103a9a75965f8de51	nocompile	m2c	member-of:rock_06:0x800F10C0
rock_28	0x800EF224	func_800EF224	dup:26a9e051224f4d08babd64403f542fb55ebf47b8	nocompile	m2c	member-of:rock_06:0x800F1494
rock_28	0x800EF400	func_800EF400	dup:bfd3fc4c681a7289088758dbda988840d820722e	nocompile	m2c	member-of:rock_06:0x800F1670
rock_28	0x800EFA10	func_800EFA10	dup:9ca41e24053816f24e4cc9b835a290981105b651	nocompile	m2c	member-of:rock_06:0x800F1C80
rock_28	0x800EFB38	func_800EFB38	dup:68739234b123e41bd7518a38b3a2945daaac3bff	nocompile	m2c	member-of:rock_06:0x800F1DA8
rock_28	0x800EFC54	func_800EFC54	dup:d20a5d3d170326d4ef015a84ce8b71367c3a07c4	nocompile	m2c	member-of:rock_06:0x800F1EC4
rock_28	0x800F01A4	func_800F01A4	dup:0a426e3f6016c00618db6b17206db0f91cb5aef5	nocompile	m2c	member-of:rock_06:0x800F2414
rock_28	0x800F029C	func_800F029C	dup:fe2a2fe379dbafb7d91d123878bc4d9b8cd0913d	nocompile	m2c	member-of:rock_06:0x800F250C
rock_28	0x800F02DC	func_800F02DC	dup:537fe579af9167af9caf9ee456695df93347b182	nocompile	m2c	member-of:rock_06:0x800F254C
rock_28	0x800F0318	func_800F0318	dup:2fd81afa574f3f22fe03da6472185ee7571aa700	nocompile	m2c	member-of:rock_06:0x800F2588
rock_28	0x800F0454	func_800F0454	dup:a7eeaf953fc58f86f5b26340466e2d3aae616c2e	nocompile	m2c	member-of:rock_06:0x800F26C4
rock_28	0x800F0474	func_800F0474	dup:020323399ced02706467798c778f7c269e1681d8	nocompile	m2c	member-of:rock_06:0x800F26E4
rock_28	0x800F04C0	func_800F04C0	dup:c93d9dc279deef45804d82919077afed73dd9623	nocompile	m2c	member-of:rock_07:0x800ED4D0
rock_28	0x800F0754	func_800F0754	dup:acb01dc7855df05a3b68c2f0a3e612bb9dd5ce17	nocompile	m2c	member-of:rock_07:0x800ED764
rock_28	0x800F089C	func_800F089C	unique	nocompile	m2c	undrawn
rock_28	0x800F0984	func_800F0984	unique	nocompile	m2c	undrawn
rock_28	0x800F0BF0	func_800F0BF0	dup:abeed4d7feb791d88917f652af4f8bcf02ab0673	nocompile	m2c	member-of:rock_06:0x800ECAB8
rock_28	0x800F0D24	func_800F0D24	dup:8beae2834d426f96fd9c41b70491f5e42d32fcbd	nocompile	m2c	member-of:rock_06:0x800ECBEC
rock_28	0x800F0FAC	func_800F0FAC	dup:6efef8ac479fd00d69c41bea25735a315987cc9b	nocompile	m2c	member-of:rock_06:0x800ECE74
rock_28	0x800F11D4	func_800F11D4	dup:93a87e47ae76fd4348d83209b06e553afdc6611f	nocompile	m2c	member-of:rock_06:0x800ED09C
rock_28	0x800F1BE8	func_800F1BE8	dup:b11fc08eaa32f19756187c3ba60b2dcabc8d5d4a	nocompile	m2c	member-of:rock_06:0x800EDAB0
rock_28	0x800F1DD4	func_800F1DD4	dup:b59a82de8b65584308d31f5d5f0102186405bd6f	nocompile	m2c	member-of:rock_06:0x800EDC9C
rock_28	0x800F2188	func_800F2188	dup:84d85d07fa97bb14b81cf2064cdcd5de323895b2	nocompile	m2c	member-of:rock_04:0x800EE208
rock_28	0x800F21E8	func_800F21E8	dup:7a05626c77715740c3f616bfd359c9c6187a4f8e	nocompile	m2c	member-of:rock_10:0x800F3BF8
rock_28	0x800F2288	func_800F2288	dup:7678540574197b420f17571673856a74783eb9d5	nocompile	m2c	member-of:rock_11:0x800EA750
rock_29	0x800E98D4	func_800E98D4	dup:7b8489b2f3a970ff9ec05db7943e0d6918923f95	35/129	m2c	member-of:rock_08:0x800ECF44
rock_29	0x800E9AD8	func_800E9AD8	dup:cae775a03ad64ea44f107864e67a2b7083fd16c9	2/68	m2c	member-of:rock_08:0x800ED148
rock_29	0x800E9BE8	func_800E9BE8	dup:dd8880a2a37c3d635f9ba21c4e52f0efa0ea2b5f	0/150	m2c	member-of:rock_08:0x800ED258
rock_29	0x800E9E40	func_800E9E40	dup:bcd3ee96f53cf65c96b6565b3c87eebb2d5bf054	7/69	m2c	member-of:rock_08:0x800ED4B0
rock_29	0x800E9F54	func_800E9F54	dup:9f9117540cf8878b2d76d0d98987edfffacdf368	11/19	m2c	member-of:SLUS_013.95:0x80037838
rock_29	0x800E9FA0	func_800E9FA0	dup:a949c7549899ed0b479f217541b0006584398ec6	38/61	m2c	member-of:rock_08:0x800ED610
rock_29	0x800EA094	func_800EA094	dup:c6ddbc31f15adf475b36e1659c2dc32394d8fa29	31/42	m2c	member-of:rock_08:0x800ED704
rock_29	0x800EA1E4	func_800EA1E4	dup:7f609683839dda03945cd9ba95a9bfca6374019e	5/37	m2c	member-of:rock_03:0x800EF1E8
rock_29	0x800EA278	func_800EA278	dup:aafd27c4fa0a1e2ab62d01d8f409d878f2203b53	1/26	m2c	member-of:rock_03:0x800EF27C
rock_29	0x800EA2E0	func_800EA2E0	dup:4b4ade695df20616f89b4e0e8871bb443ca87aeb	10/35	m2c	member-of:rock_08:0x800ED950
rock_29	0x800EA36C	func_800EA36C	dup:3c56378f95e8a4cdf5c8fad934a372fd2721f108	nocompile	m2c	member-of:rock_08:0x800EF13C
rock_29	0x800EA5CC	func_800EA5CC	dup:95c088a082664ef381565ce65f36258704ad4c2e	5/125	m2c	member-of:rock_08:0x800EDC3C
rock_29	0x800EA7C0	func_800EA7C0	dup:092b78e20e4a8e3dd6f0100e81da3d0b6b44ca35	8/19	m2c	member-of:SLUS_013.95:0x80046C64
rock_29	0x800EA834	func_800EA834	dup:739e5bc013dcc43177c9497c0cf8b4d3dac8e71e	nocompile	m2c	member-of:rock_02:0x800E9C20
rock_29	0x800EA9BC	func_800EA9BC	dup:bec4b333e7378010ad7c616c0768a707c3b10228	12/102	m2c	member-of:rock_05:0x800EA750
rock_29	0x800EAB54	func_800EAB54	dup:4c9b9555ecee728a5db26b8ca1b5c30581c4cdd3	24/31	m2c	member-of:rock_05:0x800EA8E8
rock_29	0x800EAC84	func_800EAC84	dup:fc8e51cf3b2fc11d9ed097330e2fd6ec3c572efd	25/35	m2c	member-of:rock_05:0x800EAA18
rock_29	0x800EAD10	func_800EAD10	dup:b633c7e54462e26495ec965080ab69cdcf1c0029	2/14	m2c	member-of:rock_05:0x800EAAA4
rock_29	0x800EAD48	func_800EAD48	dup:8c4e4dbfa3d93698bd3f38d879f52eecd7b7ce70	5/19	m2c	member-of:rock_05:0x800EAADC
rock_29	0x800EAD94	func_800EAD94	dup:9b4f8725c2cdaa95959541cf16413d6590c96871	nocompile	m2c	member-of:rock_03:0x800EF304
rock_29	0x800EAF64	func_800EAF64	dup:8dcb28fd5528c27495069483bba31f84f728c40a	2/41	m2c	member-of:rock_03:0x800EF4D4
rock_29	0x800EB008	func_800EB008	dup:092b78e20e4a8e3dd6f0100e81da3d0b6b44ca35	8/19	m2c	member-of:SLUS_013.95:0x80046C64
rock_29	0x800EB0B0	func_800EB0B0	dup:79c9175c71d0131e44ab3e69885f621a4656dbec	5/45	m2c	member-of:rock_03:0x800EF620
rock_29	0x800EB164	func_800EB164	dup:5b6270f0b276aeed86d7f768c82076f8a67f8393	12/38	m2c	member-of:rock_03:0x800EF6D4
rock_29	0x800EB1FC	func_800EB1FC	dup:3941be94e62672410f43ad679b2ccfaf63c4e8cb	40/41	m2c	jtbl-uncarved
rock_29	0x800EB2A0	func_800EB2A0	dup:650ad91e8c275c5073aba98ee86bfe916bc4ccbb	nocompile	m2c	member-of:rock_08:0x800EF13C
rock_29	0x800EB4A4	func_800EB4A4	dup:b373deeee2f284feff7e6aa067b6e8d44fcba831	8/125	m2c	member-of:rock_08:0x800EF340
rock_29	0x800EB698	func_800EB698	dup:bc86d5478f42c05561c92b060992772820efd87c	nocompile	m2c	member-of:rock_08:0x800EF534
rock_29	0x800EB81C	func_800EB81C	dup:092b78e20e4a8e3dd6f0100e81da3d0b6b44ca35	8/19	m2c	member-of:SLUS_013.95:0x80046C64
rock_29	0x800EB8A4	func_800EB8A4	dup:205260972172aab1a639b651405429d1a37caebe	24/29	m2c	member-of:rock_08:0x800EF740
rock_29	0x800EB918	func_800EB918	dup:5399b9c72bec2ae7918d32c2d86894262729b341	4/42	m2c	member-of:rock_08:0x800EFA10
rock_29	0x800EB9C0	func_800EB9C0	dup:4c9638a89e7fe193c3f00e1473cb5b4ed4250103	34/65	m2c	member-of:rock_08:0x800EF85C
rock_29	0x800EBAC4	func_800EBAC4	dup:536a301cd15c60adb5242914ce8a5df30edd1802	5/44	m2c	member-of:rock_08:0x800EF960
rock_29	0x800EBB74	func_800EBB74	dup:a58e99fea525fa5d96e04cf25831e524e34a42dc	30/32	m2c	member-of:rock_08:0x800EFA10
rock_30	0x800E98AC	func_800E98AC	dup:961a174dc6115f5097e23132ae41dff0fcc17719	5/99	m2c	member-of:rock_09:0x800E9D64
rock_30	0x800E9A38	func_800E9A38	dup:d941bdad69400fb57c153f9f162558ce94bacb4d	31/162	m2c	member-of:rock_09:0x800E9EF0
rock_30	0x800E9CC0	func_800E9CC0	dup:69dae7c9adf4dfa2bcc51be71a97e231785701b9	17/150	m2c	member-of:rock_09:0x800EA178
rock_30	0x800E9F18	func_800E9F18	dup:9f9117540cf8878b2d76d0d98987edfffacdf368	11/19	m2c	member-of:SLUS_013.95:0x80037838
rock_30	0x800E9F64	func_800E9F64	dup:53f53cbc5fecf21871b528b78fdd534b92720fb0	35/62	m2c	member-of:rock_09:0x800EA41C
rock_30	0x800EA09C	func_800EA09C	dup:04ae40ee55b5419eb8190eaebb290fd256276b38	31/42	m2c	member-of:rock_09:0x800EA554
rock_30	0x800EA144	func_800EA144	dup:16316f5b5f30405a65a1e63ec1ab551c0727c758	0/67	m2c	member-of:rock_09:0x800EA5FC
rock_30	0x800EA250	func_800EA250	dup:fac052ba61e4604b305deaba6ba5b754b32e98a3	14/18	m2c	member-of:rock_09:0x800EA708
rock_30	0x800EA298	func_800EA298	dup:c72e32b188aa6cadade60dc275ee1487a803a746	29/31	m2c	member-of:rock_09:0x800EA750
rock_30	0x800EA314	func_800EA314	dup:95528bd2c23332c5c4d79ea816a0966686fad8a9	14/18	m2c	member-of:rock_09:0x800EA7CC
rock_30	0x800EA37C	func_800EA37C	dup:092b78e20e4a8e3dd6f0100e81da3d0b6b44ca35	8/19	m2c	member-of:SLUS_013.95:0x80046C64
rock_30	0x800EA3C8	func_800EA3C8	dup:f844178d270439e4a4991f456838f41f270efc89	18/76	m2c	member-of:rock_09:0x800EA880
rock_30	0x800EA4F8	func_800EA4F8	dup:5e1307603aab113d096472b84021186f27320c09	9/105	m2c	member-of:rock_09:0x800EA9B0
rock_30	0x800EA714	func_800EA714	dup:00302666264dc6482e3b518c196781d46eed1a4d	nocompile	m2c	member-of:rock_09:0x800EABCC
rock_30	0x800EA818	func_800EA818	dup:493ed5c45282d2f831c3f147c688c0ae614b68d7	2/52	m2c	member-of:rock_09:0x800EACD0
rock_30	0x800EA964	func_800EA964	dup:f851afefc569f02556d3ec23ec15caae92a10332	22/31	m2c	member-of:rock_09:0x800EAE1C
rock_30	0x800EA9E0	func_800EA9E0	dup:4f04a87fe7b22142130e3e49c9bf12516ba3a1df	6/29	m2c	member-of:rock_09:0x800EAE98
rock_30	0x800EAA54	func_800EAA54	dup:091d7e680a02f56b3d35f1d93c8832711361d9c1	nocompile	m2c	member-of:rock_09:0x800EAF0C
rock_30	0x800EAAD0	func_800EAAD0	dup:d78453aaa1779408cea3e70ceed2899260fd022e	11/19	m2c	member-of:SLUS_013.95:0x80037838
rock_30	0x800EAB1C	func_800EAB1C	dup:5c0a0aedcb2d23dcc1d264fda276ee3ea33ed0e7	4/29	m2c	member-of:rock_09:0x800EAFD4
rock_30	0x800EAB90	func_800EAB90	dup:ccb1acb17513a25c038bb4785a574021081cd7c9	15/28	m2c	member-of:rock_09:0x800EB048
rock_30	0x800EAC00	func_800EAC00	dup:f83c3bd0b9e1982cee74be4da46904743b06e378	nocompile	m2c	member-of:rock_09:0x800EB0B8
rock_30	0x800EACB4	func_800EACB4	dup:5b71cc590a40e35f7736b393667d258ccb50cfe7	19/26	m2c	member-of:rock_09:0x800EB16C
rock_30	0x800EAD2C	func_800EAD2C	dup:88e552930b35bd0786ce5139ed46ad760d02d466	9/40	m2c	member-of:rock_09:0x800EB1E4
rock_30	0x800EADCC	func_800EADCC	dup:3d82c3af21bbb95d722f3fba2cb6c1f7823838ca	10/12	m2c	member-of:SLUS_013.95:0x80042C18
rock_30	0x800EAE1C	func_800EAE1C	dup:c76bc4d7334d205bc66b21091c3d404844095045	10/128	m2c	member-of:rock_09:0x800EB2D4
rock_30	0x800EB01C	func_800EB01C	dup:77d296d3a928006be5d6142988abc4810d09b626	13/73	m2c	member-of:rock_09:0x800EB4D4
rock_30	0x800EB140	func_800EB140	dup:0486844fc15310f3fbd871e7aa8ab2e76d57ebba	12/50	m2c	member-of:rock_09:0x800EB5F8
rock_30	0x800EB208	func_800EB208	dup:6fd30efe78a5220ebad812632aa583e1088c6c0d	49/70	m2c	member-of:rock_09:0x800EB6C0
rock_30	0x800EB328	func_800EB328	dup:456488671b77c1976ab88c81c6478b0c1d26ee4b	0/47	m2c	member-of:rock_09:0x800EB7E0
rock_30	0x800EB438	func_800EB438	dup:21697f30d727463c9eda191e0bc9007e4cfd6457	7/9	m2c	member-of:SLUS_013.95:0x80049E50
rock_30	0x800EB45C	func_800EB45C	dup:fb9361bbbe10d4161f8025d1ca10f8e0f5b9826c	13/24	m2c	member-of:SLUS_013.95:0x80037838
rock_30	0x800EB4BC	func_800EB4BC	dup:9eee2cd9fe7234a889a30979d568c123dfdccc7a	46/51	m2c	member-of:rock_09:0x800EB974
rock_30	0x800EB5D8	func_800EB5D8	dup:fb9361bbbe10d4161f8025d1ca10f8e0f5b9826c	13/24	m2c	member-of:SLUS_013.95:0x80037838
rock_30	0x800EB638	func_800EB638	dup:fe41d874ff4f1020f991ccfcad28c01d8f5fad81	10/57	m2c	member-of:rock_09:0x800EBAF0
rock_30	0x800EB71C	func_800EB71C	dup:aa545e7ed1b53367deb0cda028624fd298c4cea5	23/64	m2c	member-of:rock_09:0x800EBBD4
rock_30	0x800EB85C	func_800EB85C	dup:fb9361bbbe10d4161f8025d1ca10f8e0f5b9826c	13/24	m2c	member-of:SLUS_013.95:0x80037838
rock_30	0x800EB8BC	func_800EB8BC	dup:ba3551cb9927280d42dc601587b87f81a9d8c45c	9/59	m2c	member-of:rock_09:0x800EBAF0
rock_30	0x800EB9A8	func_800EB9A8	dup:644389df8f35919febed4527faa536f7ceb3e388	22/65	m2c	member-of:rock_09:0x800EBE60
rock_30	0x800EBAEC	func_800EBAEC	dup:a63a8bb8146a9c0b38c684c342a6a335b89a67e4	6/89	m2c	member-of:rock_09:0x800EBFA4
rock_30	0x800EBC50	func_800EBC50	dup:acd8250d09daedb7786ab6755f9c0a8b6218ab9c	2/101	m2c	member-of:rock_09:0x800EC108
rock_30	0x800EBE80	func_800EBE80	dup:404516d3d41da670a5d411d79deec94513d1cdaf	9/18	m2c	member-of:SLUS_013.95:0x80037838
rock_30	0x800EBEC8	func_800EBEC8	dup:c21d8b683171bb3abb52a614f4c9ba83e700a7ab	9/14	m2c	member-of:rock_07:0x800ED0F0
rock_30	0x800EBF00	func_800EBF00	dup:bc52a96f81030d249add15a2a866c74dc4b409a3	11/53	m2c	member-of:rock_09:0x800EC3B8
rock_30	0x800EC010	func_800EC010	dup:32f9f02b5c881815c8dadab4958a83c428324aa3	19/20	m2c	member-of:rock_09:0x800EC4C8
rock_30	0x800EC060	func_800EC060	dup:b8c90aca8278ba81a040d5e540f69d3d3a0234c6	12/23	m2c	member-of:rock_09:0x800EC518
rock_30	0x800EC0BC	func_800EC0BC	dup:43d0f0508ea65d95629164a5f5457fc40fa6586c	14/20	m2c	member-of:rock_09:0x800EC574
rock_30	0x800EC148	func_800EC148	dup:cf837a1e95d897456bcd4fbf5595990f39f7c29d	4/23	m2c	member-of:rock_09:0x800EC600
rock_30	0x800EC20C	func_800EC20C	dup:d3f6549296933927fddec62b430026d215f34e17	6/27	m2c	member-of:rock_09:0x800EC600
rock_30	0x800EC2E0	func_800EC2E0	dup:c8bc57b36bd7a401794b7bd55690e8094957fa4c	nocompile	m2c	member-of:rock_09:0x800EC798
rock_30	0x800EC408	func_800EC408	dup:551fe75c1ef02f5c219c50b96f81769024476729	11/14	m2c	member-of:rock_09:0x800EC8C0
rock_30	0x800EC478	func_800EC478	dup:404516d3d41da670a5d411d79deec94513d1cdaf	9/18	m2c	member-of:SLUS_013.95:0x80037838
rock_30	0x800EC4C0	func_800EC4C0	dup:07168783a7151aa2c614dd0288376c1f0217cac8	12/22	m2c	member-of:rock_09:0x800EC978
rock_30	0x800EC518	func_800EC518	dup:9056238caab51a197711ae502fc01514f75f078d	32/40	m2c	member-of:rock_09:0x800EC9D0
rock_30	0x800EC5B8	func_800EC5B8	dup:d7798d86256f0afdabaae73146d796ab6b1bcb4c	10/12	m2c	member-of:rock_05:0x800F2B4C
rock_30	0x800EC5E8	func_800EC5E8	dup:67d5b3a77d29bfbc0aab43038f28a2ac0525e482	23/42	m2c	member-of:rock_09:0x800ECAA0
rock_30	0x800EC6CC	func_800EC6CC	dup:2813e9c7df47f66f66efeab008e25de92af5aed8	17/35	m2c	member-of:rock_09:0x800ECB84
rock_30	0x800EC758	func_800EC758	dup:01e331a933cab1cc9de64cc1c5411e32528392b8	52/58	m2c	member-of:rock_06:0x800EB4D4
rock_30	0x800EC868	func_800EC868	dup:4a4f0651d320d7d8e4529333967845f49b95e9fe	nocompile	m2c	member-of:rock_09:0x800ECD20
rock_30	0x800ECA3C	func_800ECA3C	dup:092b78e20e4a8e3dd6f0100e81da3d0b6b44ca35	8/19	m2c	member-of:SLUS_013.95:0x80046C64
rock_30	0x800ECA88	func_800ECA88	dup:e14575f1a13ba6165bb03f668d51674693533fd6	31/43	m2c	member-of:rock_09:0x800ECF40
rock_30	0x800ECB5C	func_800ECB5C	dup:faa94cdd4738ab45bf93b34cc42862c1a94438ad	39/40	m2c	member-of:rock_09:0x800ED014
rock_30	0x800ECBFC	func_800ECBFC	dup:aa4c4cbdd25ae75c46ffddc86aca3748060d701e	38/54	m2c	member-of:rock_09:0x800ED0B4
rock_30	0x800ECCD4	func_800ECCD4	dup:026804bbbc1e9fb32c0b5c09a21dedc756a7d122	7/75	m2c	member-of:rock_09:0x800ED3E4
rock_30	0x800ECE00	func_800ECE00	dup:8b4956429ad9f6485f4ebcc3cd8843536439b777	18/40	m2c	member-of:rock_24:0x800EE300
rock_30	0x800ECEA0	func_800ECEA0	dup:f39e96370399bb4ec1886d7fbd96ab24d668055d	nocompile	m2c	member-of:rock_24:0x800EE3A0
rock_30	0x800ECF78	func_800ECF78	dup:07a29a17509e5842ca5c15cf9088dab39010269f	39/48	m2c	member-of:rock_24:0x800EE478
rock_30	0x800ED038	func_800ED038	dup:6ac7e45f3701906066b0ad7c6487d6db84cf6aa8	40/51	m2c	member-of:rock_24:0x800EE538
rock_30	0x800ED1C8	func_800ED1C8	dup:df6ed446cf48e9ad791775ce63f743d15ffb0092	nocompile	m2c	member-of:rock_02:0x800F95AC
rock_30	0x800ED30C	func_800ED30C	dup:c1e89f304c574cddd3011d157424f645ecd90f7c	17/19	m2c	member-of:rock_02:0x800F96AC
rock_30	0x800ED378	func_800ED378	dup:739e5bc013dcc43177c9497c0cf8b4d3dac8e71e	nocompile	m2c	member-of:rock_02:0x800E9C20
rock_30	0x800ED500	func_800ED500	dup:bec4b333e7378010ad7c616c0768a707c3b10228	12/102	m2c	member-of:rock_05:0x800EA750
rock_30	0x800ED698	func_800ED698	dup:4c9b9555ecee728a5db26b8ca1b5c30581c4cdd3	24/31	m2c	member-of:rock_05:0x800EA8E8
rock_30	0x800ED734	func_800ED734	dup:3f1fbe652c05aedf057246d0ef6d26303079637f	37/37	m2c	plumbing:R2
rock_30	0x800ED7C8	func_800ED7C8	dup:fc8e51cf3b2fc11d9ed097330e2fd6ec3c572efd	25/35	m2c	member-of:rock_05:0x800EAA18
rock_30	0x800ED854	func_800ED854	dup:b633c7e54462e26495ec965080ab69cdcf1c0029	2/14	m2c	member-of:rock_05:0x800EAAA4
rock_30	0x800ED88C	func_800ED88C	dup:8c4e4dbfa3d93698bd3f38d879f52eecd7b7ce70	5/19	m2c	member-of:rock_05:0x800EAADC
rock_30	0x800ED8D8	func_800ED8D8	dup:8001ff578f5b81c10f8f45efd5b3f233b298222f	nocompile	m2c	member-of:rock_09:0x800EE03C
rock_30	0x800ED9EC	func_800ED9EC	dup:019b1ca320c9e20f89bafd9531b2eec40ee4512d	nocompile	m2c	member-of:rock_09:0x800EE150
rock_30	0x800EDB18	func_800EDB18	dup:9533d0178e8d21fae9ae681071a51a7d91801305	11/45	m2c	member-of:rock_09:0x800EE27C
rock_30	0x800EDBCC	func_800EDBCC	dup:23e4607ab3d5dd90155b40c2271c95b7262cd26c	28/67	m2c	jtbl-uncarved
rock_30	0x800EDCD8	func_800EDCD8	dup:092b78e20e4a8e3dd6f0100e81da3d0b6b44ca35	8/19	m2c	member-of:SLUS_013.95:0x80046C64
rock_30	0x800EDD60	func_800EDD60	dup:072f732a80f7157f5459418693fb4ca8669772d1	17/28	m2c	member-of:SLUS_013.95:0x80037838
rock_30	0x800EDDF0	func_800EDDF0	dup:45fa9bb77d1e370fbcd4deeb09f690d79b684ebf	13/21	m2c	member-of:SLUS_013.95:0x80037838
rock_30	0x800EDE44	func_800EDE44	dup:feedf5f73576ca0ff726e97ad21779ce86d98277	27/32	m2c	member-of:rock_14:0x800EC8E8
rock_30	0x800EDF34	func_800EDF34	dup:16a5bd9a915357a70b5296077e43f352535309b1	8/13	m2c	member-of:SLUS_013.95:0x80041FB0
rock_30	0x800EDF68	func_800EDF68	dup:7e08d2c652bbc1d589366a114c1546da9820a1d2	7/31	m2c	member-of:rock_09:0x800EE6CC
rock_30	0x800EE064	func_800EE064	dup:91f465a867a305f60bb60a7a4de69851663711b0	44/46	m2c	member-of:rock_09:0x800EE7C8
rock_30	0x800EE11C	func_800EE11C	dup:e22f47e0a8bc50232ecb9b55dbdc15bbc2dffc4d	13/21	m2c	member-of:rock_09:0x800EE880
rock_30	0x800EE170	func_800EE170	dup:9ff9d9351d2c5f5ac1112c87028a72156ff7d27c	18/24	m2c	member-of:rock_09:0x800EE880
rock_30	0x800EE1D0	func_800EE1D0	dup:76d90a83ca68029a289593d059cc5a7436e23089	15/17	m2c	member-of:rock_00:0x801F3640
rock_30	0x800EE214	func_800EE214	dup:590ed0325c72277467183ee61d9754ac680efcd0	11/19	m2c	member-of:SLUS_013.95:0x80037838
rock_30	0x800EE280	func_800EE280	dup:0d72fd7bfd030ee99880a6d91779875f862eb0e2	nocompile	m2c	member-of:rock_04:0x800EF738
rock_30	0x800EE568	func_800EE568	dup:7c6edb8860751412a2e2cf539244188467ee9cae	nocompile	m2c	member-of:rock_04:0x800EFA20
rock_30	0x800EE7A0	func_800EE7A0	dup:33eaee9d25ff52fbbe9ada2039f8e3a9d40daa7b	nocompile	m2c	member-of:rock_04:0x800EFC58
rock_30	0x800EE8A0	func_800EE8A0	dup:3841861bc21ec5a06e7fe26f058b170fac036262	12/23	m2c	member-of:SLUS_013.95:0x80037838
rock_30	0x800EE8FC	func_800EE8FC	dup:747eda65c62f3222604d59aa97e43a9f3fc24fd0	41/49	m2c	member-of:rock_04:0x800EFDB4
rock_30	0x800EE9C0	func_800EE9C0	dup:0a22b332cb216ef9247f8a036b8608681d1b5c0a	3/30	m2c	member-of:rock_04:0x800EFE78
rock_30	0x800EEAB4	func_800EEAB4	dup:13474c65eb76b70c122722f4cea4b03e35d180de	11/19	m2c	member-of:rock_04:0x800EFF6C
rock_30	0x800EEB20	func_800EEB20	dup:aca1e75e14f5e2b746e9e5d7e613c627d466d1e8	31/124	m2c	member-of:rock_03:0x800EE154
rock_30	0x800EED10	func_800EED10	dup:dbce94ba2d7880015e09dd31f5ed9535d7def2fb	10/138	m2c	member-of:rock_03:0x800EE344
rock_30	0x800EEF38	func_800EEF38	dup:38e1a722ce8eb22c0c91e96517429c593bfa9d95	8/16	m2c	member-of:SLUS_013.95:0x80046C64
rock_31	0x800E9C34	func_800E9C34	unique	nocompile	m2c	member-of:rock_10:0x800EA13C
rock_31	0x800E9FC8	func_800E9FC8	dup:336352b3624c4742754869945edccebb3855d63c	41/97	m2c	member-of:rock_10:0x800EA4CC
rock_31	0x800EA14C	func_800EA14C	dup:8c4979a0cfeb1e27a98b7b2e0adaf1ad4c70d407	nocompile	m2c	member-of:rock_10:0x800EA650
rock_31	0x800EA2C4	func_800EA2C4	dup:2d7b36afb472798e785aabbf154000ed0f6b45c9	nocompile	m2c	member-of:rock_10:0x800EA7C8
rock_31	0x800EA4FC	func_800EA4FC	dup:f7ad3a8dedf6382ac603a2edd9e4f1d494e31cf0	9/118	m2c	member-of:rock_10:0x800EAA00
rock_31	0x800EA6D4	func_800EA6D4	dup:e2823f3a6ab1661127c4a6dc7e52dda5db2a3fd8	nocompile	m2c	jtbl-uncarved
rock_31	0x800EA8A4	func_800EA8A4	dup:d77df8d6dc0f5eb5a1a45395d8921128bd949b2c	3/96	m2c	jtbl-uncarved
rock_31	0x800EAA24	func_800EAA24	dup:5c0a23e24cbcfb8953b6de424f5aa77ed86c5410	nocompile	m2c	member-of:rock_10:0x800EAF28
rock_31	0x800EABEC	func_800EABEC	dup:602e6214b1b20e7ec023e947fb63924ede86dbf0	nocompile	m2c	member-of:rock_10:0x800EB734
rock_31	0x800EB230	func_800EB230	dup:ffa57bceec24110556da9d225fe9cdc0f7e72022	nocompile	m2c	member-of:rock_10:0x800EB734
rock_31	0x800EB7D4	func_800EB7D4	dup:a5fa341daa30585e3bb0cfef0c364ca227a74750	nocompile	m2c	jtbl-uncarved
rock_31	0x800EC46C	func_800EC46C	dup:ec0ef8323b363caa5ce56428146c7e6c9e8d5d44	14/18	m2c	member-of:rock_10:0x800EC970
rock_31	0x800EC4B4	func_800EC4B4	dup:ecf3342b6d77d473dcfe1c5966b538e95481c40b	28/41	m2c	member-of:rock_10:0x800EC9B8
rock_31	0x800EC558	func_800EC558	dup:855ec1df6f035e99baed24daf142700850ea7cdf	30/41	m2c	member-of:rock_10:0x800ECA5C
rock_31	0x800EC5FC	func_800EC5FC	dup:3250d632c2b4b533a3bc60687d939944d3943d7a	5/15	m2c	member-of:SLUS_013.95:0x80042214
rock_31	0x800EC68C	func_800EC68C	dup:263f4891959880ab6287a178806b5b61afd7a8fd	7/21	m2c	member-of:rock_00:0x801F3640
rock_31	0x800EC70C	func_800EC70C	dup:8cebceb7e09cf535b027efc5bc961c2065b6a764	3/10	m2c	member-of:rock_10:0x800ECC10
rock_31	0x800EC770	func_800EC770	dup:778c51adcc261c5a3a1b380e952edaaa9f033b11	29/51	m2c	member-of:rock_10:0x800ECC74
rock_31	0x800EC8AC	func_800EC8AC	dup:97651806a12bcc673bc690e0bccb9c3d0b02b710	8/15	m2c	member-of:rock_10:0x800ECDB0
rock_31	0x800EC8F0	func_800EC8F0	dup:ef73a50fcb64e184871bf7181623105c01ab7430	7/24	m2c	member-of:rock_10:0x800ECDF4
rock_31	0x800EC9E0	func_800EC9E0	dup:c0310f60419cc3fb0ee1e864dffad10dc30ca19a	6/59	m2c	member-of:rock_10:0x800ECEE4
rock_31	0x800ECB10	func_800ECB10	dup:cc2c363673c5c893b85b4735c8899c10ff83a3d2	1/22	m2c	member-of:rock_10:0x800ED014
rock_31	0x800ECBA8	func_800ECBA8	dup:a3188e972be5e7ba778460794e1de417dc96ff3d	0/72	m2c	member-of:rock_10:0x800ED0AC
rock_31	0x800ECCC8	func_800ECCC8	dup:62c2970f9acd8f1c0fc818122cf6dfa1eff1c9df	5/47	m2c	jtbl-uncarved
rock_31	0x800ECDAC	func_800ECDAC	dup:ac656ba17da00cb665f5eb25bfd3eda0db855026	5/21	m2c	member-of:rock_10:0x800ED2B0
rock_31	0x800ECE5C	func_800ECE5C	dup:598797265c2d1d0244374829179ed0bd25ea5360	nocompile	m2c	member-of:rock_02:0x800F95AC
rock_31	0x800ECF5C	func_800ECF5C	dup:46f673eac371fd787e85b031b929b7b9a372d5dd	17/19	m2c	member-of:rock_02:0x800F96AC
rock_31	0x800ECFC8	func_800ECFC8	dup:3dc8f76edd59a0a00c77958edb0be3b1ff8b02d5	nocompile	m2c	member-of:rock_02:0x800EC11C
rock_31	0x800ED164	func_800ED164	dup:121f11a174162ac86a75688a191e4cceecdee613	nocompile	m2c	member-of:rock_02:0x800EC2B8
rock_31	0x800ED330	func_800ED330	dup:eb9bd934010ff42a1f660be0bb4bcc90ed90af8b	nocompile	m2c	member-of:rock_02:0x800EC484
rock_31	0x800ED4EC	func_800ED4EC	dup:3c7aad723884df3265673e7b43ca78f79c143fea	nocompile	m2c	member-of:rock_02:0x800EC640
rock_31	0x800ED630	func_800ED630	dup:e68c05833e333fe8805e9efe480600911efef9b8	20/49	m2c	member-of:rock_02:0x800EC784
rock_31	0x800ED6F4	func_800ED6F4	dup:c0fe93549d8b393ed381dc6837e8880721bfbb33	nocompile	m2c	jtbl-uncarved
rock_31	0x800ED874	func_800ED874	dup:2c0c3bfd417a3625e6188467653d05aa5a570d8c	nocompile	m2c	jtbl-uncarved
rock_31	0x800ED90C	func_800ED90C	dup:af239b6cf6fab26aa48c23b19c1352389f4918fb	nocompile	m2c	member-of:rock_02:0x800ECA60
rock_31	0x800EDB9C	func_800EDB9C	dup:eddaec1abe0747887e78b34ffa0c36e37ef32a2f	nocompile	m2c	member-of:rock_02:0x800ECCF0
rock_31	0x800EDE24	func_800EDE24	dup:f963924baef29b66318d53e3f57b045b983cf57e	1/73	m2c	member-of:rock_02:0x800ECF78
rock_31	0x800EDF48	func_800EDF48	dup:681f19e63defd1bfa95e27b7143581e4f2b3b0a7	51/54	m2c	member-of:rock_02:0x800ED09C
rock_31	0x800EE0A4	func_800EE0A4	dup:85e8100d55936f7112b4c230e6bb6d66b9ebc803	24/25	m2c	member-of:rock_02:0x800ED1F8
rock_31	0x800EE108	func_800EE108	dup:a6e79c949180f6c50b2b3c9650945314517ab2b8	20/23	m2c	member-of:rock_02:0x800ED25C
rock_31	0x800EE1A0	func_800EE1A0	dup:327f58c0753afe156aa464b5c67385d099b1f987	27/31	m2c	member-of:rock_02:0x800ED2F4
rock_31	0x800EE21C	func_800EE21C	dup:0de043eb011495b64acf69985dc05595fefbed6f	22/25	m2c	member-of:rock_02:0x800ED25C
rock_31	0x800EE280	func_800EE280	dup:d78453aaa1779408cea3e70ceed2899260fd022e	11/19	m2c	member-of:SLUS_013.95:0x80037838
rock_31	0x800EE2CC	func_800EE2CC	dup:33bd38b37182d8727a7409516bc1ce166c3ad59a	nocompile	m2c	member-of:rock_02:0x800ED420
rock_31	0x800EE344	func_800EE344	dup:b51be65f31c0447c2d29d3ec1a3aa8b6269a0613	nocompile	m2c	member-of:rock_02:0x800ED498
rock_31	0x800EE3CC	func_800EE3CC	dup:906fe9ad3443a49bee971e3401d1004a3b87e1e5	nocompile	m2c	member-of:rock_02:0x800ED520
rock_31	0x800EE43C	func_800EE43C	dup:d78453aaa1779408cea3e70ceed2899260fd022e	11/19	m2c	member-of:SLUS_013.95:0x80037838
rock_31	0x800EE488	func_800EE488	dup:33b468e08a9755824842aacd1d9836340a6cb00f	nocompile	m2c	member-of:rock_02:0x800ED5DC
rock_31	0x800EE528	func_800EE528	dup:ac47fa83c4201004095b0f6b389e59c94eebf2a6	nocompile	m2c	member-of:rock_02:0x800ED67C
rock_31	0x800EE664	func_800EE664	dup:be9839e079ddb5ee5645ebcfb9190469b845356f	9/24	m2c	member-of:rock_02:0x800ED7B8
rock_31	0x800EE72C	func_800EE72C	dup:0565770c6716d04ca8277154008a74f0bca73283	6/16	m2c	member-of:rock_02:0x800ED880
rock_31	0x800EE798	func_800EE798	dup:54443c627831cb12d8f780a4f48cca752e433f0d	29/37	m2c	member-of:rock_02:0x800ED8EC
rock_31	0x800EE8B0	func_800EE8B0	dup:66cada2b5ace48e4fdda8171b5b528324e9b4ed8	21/30	m2c	member-of:rock_02:0x800EDA04
rock_31	0x800EE980	func_800EE980	dup:e2b16dfb73d236a587330d3ae09d915d5e844d05	25/29	m2c	member-of:rock_02:0x800EDAD4
rock_31	0x800EE9F4	func_800EE9F4	dup:2c409c3e750b23ef38f1eb91ad51ba535fd7bd1e	22/27	m2c	member-of:rock_00:0x801EBBEC
rock_31	0x800EEA60	func_800EEA60	dup:9178294124148be490e5c68d79020bb839872097	15/46	m2c	member-of:rock_02:0x800EDBB4
rock_31	0x800EEB40	func_800EEB40	dup:092b78e20e4a8e3dd6f0100e81da3d0b6b44ca35	8/19	m2c	member-of:SLUS_013.95:0x80046C64
rock_31	0x800EEB8C	func_800EEB8C	dup:7ce572c2f092152843edffa9b7486accb1c1db88	22/24	m2c	member-of:rock_02:0x800EDCE0
rock_31	0x800EEC0C	func_800EEC0C	dup:84b7987c43b11cf1ef3490a62510b82312d2fff9	nocompile	m2c	member-of:rock_10:0x800EFE48
rock_31	0x800EEE30	func_800EEE30	dup:d457247f8d672e5d43ac19479e5b62c874987ef3	nocompile	m2c	member-of:rock_10:0x800F006C
rock_31	0x800EF01C	func_800EF01C	dup:64f56cacbc361b4287ab2a66abfd995350afebb5	22/104	m2c	member-of:rock_10:0x800F0258
rock_31	0x800EF1F8	func_800EF1F8	dup:7e98e0cffd71ae6f09409e2bee990d8e1b8ff600	18/27	m2c	member-of:rock_10:0x800F0434
rock_31	0x800EF2F8	func_800EF2F8	dup:ceb2f6cd3b07de7d6c548b4f15e06c85e0b1a7ac	9/15	m2c	member-of:rock_07:0x800ED0F0
rock_31	0x800EF334	func_800EF334	dup:748ab7c5a9e9f723bc8a5a096186b01c4126036b	19/31	m2c	member-of:rock_07:0x800EC640
rock_31	0x800EF3B0	func_800EF3B0	dup:e9e592ba6319a19b671258f022e95e53bea91930	2/23	m2c	member-of:rock_10:0x800F05EC
rock_31	0x800EF448	func_800EF448	dup:63016fe5cc34bff28f3d149f409a18f34f837c6c	9/13	m2c	member-of:rock_07:0x800ED0F0
rock_31	0x800EF47C	func_800EF47C	dup:2b49e3a5d7b6e6a09b005e39a0d74aaea02fd75a	16/22	m2c	member-of:rock_10:0x800F06B8
rock_31	0x800EF4D4	func_800EF4D4	dup:e41836a1303a626e051431e97af4e6730bba5b71	8/11	m2c	member-of:rock_10:0x800ECC10
rock_31	0x800EF53C	func_800EF53C	dup:cb47d1ded758f5a9b2944af59d0c64ac805e5019	9/13	m2c	member-of:rock_07:0x800ED0F0
rock_31	0x800EF5B8	func_800EF5B8	dup:8425531e19dfa7fd579c1f5e7e371bc8bb6be37c	25/45	m2c	member-of:rock_10:0x800F07F4
rock_31	0x800EF66C	func_800EF66C	dup:f8485a0ee43217309f6264b534c3ce16b342b0fd	7/21	m2c	member-of:rock_00:0x801F3640
rock_31	0x800EF764	func_800EF764	dup:002132255ceca8775b2eac2fbdcaa327bfbeebb3	0/9	m2c	undrawn
rock_31	0x800EF7C4	func_800EF7C4	dup:2e43f9c2cc5e1823b880ae485b2f45d95a183686	23/45	m2c	member-of:rock_10:0x800F0A00
rock_31	0x800EF878	func_800EF878	dup:376ef0ee64ed11e8f0f8176d8fbc47da8e4d17bb	53/55	m2c	member-of:rock_06:0x800EB4D4
rock_31	0x800EF974	func_800EF974	dup:537c25db7287c5a0566c4dfc10192e7c82cde399	17/79	m2c	member-of:rock_06:0x800EA704
rock_31	0x800EFAB0	func_800EFAB0	dup:b62bb9224f489a693b0fda3cfdcd2c58b4bb03ee	nocompile	m2c	member-of:rock_06:0x800EA840
rock_31	0x800EFC50	func_800EFC50	dup:6827a9ba4801640881f3f25409e78cc22db1b7fc	22/123	m2c	member-of:rock_06:0x800EA9E0
rock_31	0x800EFE3C	func_800EFE3C	dup:ed3589eb1982eb71b7b530788f20a3764935cf99	nocompile	m2c	member-of:rock_06:0x800EABCC
rock_31	0x800EFF78	func_800EFF78	dup:18456df14b7930c0068a8c57d4cd79e9b7bbaefd	1/80	m2c	member-of:rock_06:0x800EAD08
rock_31	0x800F00B8	func_800F00B8	dup:94b6bb00e15b115aa6f9afbe11b3d9ffa824e1fe	30/83	m2c	member-of:rock_06:0x800EAE48
rock_31	0x800F0240	func_800F0240	dup:c27e254a2e0b2749fd75846b77094fa1c981821c	38/40	m2c	member-of:rock_06:0x800EAFD0
rock_31	0x800F02E0	func_800F02E0	dup:50c6b6b1674f079cbf013a5f048e2dafb84129a1	35/39	m2c	member-of:rock_06:0x800EB070
rock_31	0x800F0528	func_800F0528	dup:322c6b593a060f5fb8cb216df5f385096783eb88	38/58	m2c	member-of:rock_06:0x800EB2B8
rock_31	0x800F068C	func_800F068C	dup:9e25552ae220f6cbfac9352ec935aa890a7e3e28	21/46	m2c	member-of:rock_06:0x800EB41C
rock_31	0x800F0744	func_800F0744	dup:bfe342a20ad06fcaa35a4ef882a0d3fb5292b7de	1/50	m2c	member-of:rock_06:0x800EB4D4
rock_31	0x800F082C	func_800F082C	dup:abeed4d7feb791d88917f652af4f8bcf02ab0673	25/77	m2c	member-of:rock_06:0x800ECAB8
rock_31	0x800F0960	func_800F0960	dup:8beae2834d426f96fd9c41b70491f5e42d32fcbd	nocompile	m2c	member-of:rock_06:0x800ECBEC
rock_31	0x800F0BE8	func_800F0BE8	dup:6efef8ac479fd00d69c41bea25735a315987cc9b	nocompile	m2c	member-of:rock_06:0x800ECE74
rock_31	0x800F0E10	func_800F0E10	dup:93a87e47ae76fd4348d83209b06e553afdc6611f	nocompile	m2c	member-of:rock_06:0x800ED09C
rock_31	0x800F1824	func_800F1824	dup:b11fc08eaa32f19756187c3ba60b2dcabc8d5d4a	nocompile	m2c	member-of:rock_06:0x800EDAB0
rock_31	0x800F1A10	func_800F1A10	dup:b59a82de8b65584308d31f5d5f0102186405bd6f	54/237	m2c	member-of:rock_06:0x800EDC9C
rock_31	0x800F1DC4	func_800F1DC4	dup:84d85d07fa97bb14b81cf2064cdcd5de323895b2	5/24	m2c	member-of:rock_04:0x800EE208
rock_31	0x800F1ECC	func_800F1ECC	dup:05f2c8aca6cb4135962d9b185f0bd7a974ccc477	nocompile	m2c	member-of:rock_05:0x800EA07C
rock_31	0x800F2074	func_800F2074	dup:098d948184270b3c930f3a6d73d2234f5e420a82	76/108	m2c	member-of:rock_05:0x800EA224
rock_31	0x800F2224	func_800F2224	dup:092b78e20e4a8e3dd6f0100e81da3d0b6b44ca35	8/19	m2c	member-of:SLUS_013.95:0x80046C64
rock_31	0x800F2270	func_800F2270	dup:12b5a38a1d9f695b46c4d8743650ead341dd4204	59/63	m2c	member-of:rock_05:0x800EA420
rock_31	0x800F23E0	func_800F23E0	dup:8f7cd00d942513cc6296ee28aa38acba9c714e70	14/14	m2c	plumbing:R2
rock_32	0x800E9878	func_800E9878	dup:c4923e627b08518d99f786cf4ecc417150bc3dae	0/117	m2c	member-of:rock_24:0x800EA8A8
rock_32	0x800E9A4C	func_800E9A4C	dup:84101bcb12d39271fc32bc91dfc49b64751985bf	112/112	m2c	plumbing:R3
rock_32	0x800E9C0C	func_800E9C0C	dup:05f1009f202f183bc0176fbc2d0db37fb3659561	nocompile	m2c	member-of:rock_11:0x800E9F28
rock_32	0x800E9F04	func_800E9F04	dup:fc7a61cc0c3be5fd1d130c7f62f95890f4c12666	nocompile	m2c	member-of:rock_11:0x800EA220
rock_32	0x800EA034	func_800EA034	dup:28470c8cdad63787ba365e70c11f14ab493ec642	50/78	m2c	member-of:rock_03:0x800E9DCC
rock_32	0x800EA1E4	func_800EA1E4	dup:98f1f2e8acd6996a36f15d2c411ad5ce0549ac63	44/60	m2c	member-of:rock_09:0x800EACD0
rock_32	0x800EA334	func_800EA334	dup:98797d3fec65e9e00e7d5499191e1cb205620cb9	nocompile	m2c	member-of:rock_11:0x800EA650
rock_32	0x800EA400	func_800EA400	dup:9871a26a282ed90e5b15e23bc9ff3a7e51bc0b86	9/13	m2c	member-of:rock_11:0x800EA71C
rock_32	0x800EA43C	func_800EA43C	dup:d7f1c940c955804a5a2cc7cc82397388955e958e	29/38	m2c	member-of:rock_11:0x800EA758
rock_32	0x800EA530	func_800EA530	dup:7e32235396d36da625251ec071b9beb55edc97ed	39/54	m2c	member-of:rock_11:0x800EA84C
rock_32	0x800EA628	func_800EA628	dup:4ef5dd106689cee9d0d8183b8ddd77703cb40b0c	11/15	m2c	member-of:rock_11:0x800EA71C
rock_32	0x800EA664	func_800EA664	dup:99b112e380dbc39fdd8ad7feb874ebfeb5e65efd	8/13	m2c	member-of:SLUS_013.95:0x80041FB0
rock_32	0x800EA698	func_800EA698	dup:eea0ebffeaeefaec856b0cb5b0d16ace36683148	0/39	m2c	member-of:rock_11:0x800EA9B4
rock_32	0x800EA73C	func_800EA73C	dup:6adf5feb44e78a9c7e0ec32aae7255d3656638ed	8/43	m2c	member-of:rock_11:0x800EAA58
rock_32	0x800EA7E8	func_800EA7E8	dup:b9240c5d73d392443f6249a1139e87f6d1fd8207	9/40	m2c	member-of:rock_09:0x800EB1E4
rock_32	0x800EA888	func_800EA888	dup:3d82c3af21bbb95d722f3fba2cb6c1f7823838ca	10/12	m2c	jtbl-uncarved
rock_32	0x800EA8B8	func_800EA8B8	dup:b7198b4897043300d82388fbf6c275f4ae524edd	40/43	m2c	member-of:rock_03:0x800EBCEC
rock_32	0x800EA984	func_800EA984	dup:bee5126545369fccbf8484315828504258e087ea	nocompile	m2c	member-of:rock_11:0x800EACA0
rock_32	0x800EAAC4	func_800EAAC4	dup:163acad7accb211501f959ee0bcc234dd57aa43e	nocompile	m2c	member-of:rock_11:0x800EADE0
rock_32	0x800EAC74	func_800EAC74	dup:244c3b7c9afbe0419b23ab52fe9d2cb23c759fc5	nocompile	m2c	member-of:rock_11:0x800EAF90
rock_32	0x800EAE9C	func_800EAE9C	dup:8ed031ffe3f7c4676495c9ed24aa6db88816bf4e	nocompile	m2c	member-of:rock_11:0x800EB3D4
rock_32	0x800EB0B8	func_800EB0B8	dup:65bcc709071067d9d6cbf6416973eb3f49e5d068	nocompile	m2c	member-of:rock_11:0x800EB3D4
rock_32	0x800EB2CC	func_800EB2CC	dup:df6c30d2268c6357a83823a0c4d5d7d49ddee79a	nocompile	m2c	member-of:rock_11:0x800EB3D4
rock_32	0x800EB4E0	func_800EB4E0	dup:d95e68341dbccc28b0878788108b1750587e2a87	nocompile	m2c	member-of:rock_11:0x800EB3D4
rock_32	0x800EB6F4	func_800EB6F4	dup:d74355f528818343ca004bbf606e045ceeb58eaa	nocompile	m2c	member-of:rock_11:0x800EB3D4
rock_32	0x800EB90C	func_800EB90C	dup:25973f608594cd5cd470ea677ab89983a3d02930	nocompile	m2c	member-of:rock_11:0x800EAF90
rock_32	0x800EBB34	func_800EBB34	dup:d12be06017c4c3ce34b233255ee6fca863c979f2	nocompile	m2c	member-of:rock_11:0x800EB3D4
rock_32	0x800EBD4C	func_800EBD4C	dup:b6ad9e7229fab6709c552010bbc29d4ab4c2d6ef	nocompile	m2c	member-of:rock_11:0x800EC068
rock_32	0x800EBE64	func_800EBE64	dup:da2f954d3f73e41ff80b2cd7b3010424b42047a8	nocompile	m2c	member-of:rock_11:0x800EC180
rock_32	0x800EC198	func_800EC198	dup:c5d3fe2ada2201af10b213e272e1d2333bc5a60b	20/34	m2c	member-of:rock_11:0x800EC4B4
rock_32	0x800EC25C	func_800EC25C	dup:0f42c2cd15a55806fc9699cd0fed1fe15492560a	13/16	m2c	member-of:rock_07:0x800ED0F0
rock_32	0x800EC29C	func_800EC29C	dup:37e721e49df6711a9bf2d59dbd7aefbca4ddd8da	nocompile	m2c	member-of:rock_11:0x800EC5B8
rock_32	0x800EC390	func_800EC390	dup:dec06b12b0e0d3115b1caefbfd98b45ea9ed8f34	17/29	m2c	member-of:rock_11:0x800EC6AC
rock_32	0x800EC40C	func_800EC40C	dup:a31fcf4535e07e7d35a1bb1fb9b264f6b7b4838e	2/30	m2c	member-of:rock_11:0x800EC728
rock_32	0x800EC484	func_800EC484	dup:609aece66ada43f7855aa6f948005f0ce6e659d9	24/24	m2c	plumbing:R3
rock_32	0x800EC4E4	func_800EC4E4	dup:3d82c3af21bbb95d722f3fba2cb6c1f7823838ca	10/12	m2c	member-of:SLUS_013.95:0x80042C18
rock_32	0x800EC514	func_800EC514	dup:5193914d8bffec4d113c8601fbbfef68d893d054	9/52	m2c	undrawn
rock_32	0x800EC6B4	func_800EC6B4	dup:739e5bc013dcc43177c9497c0cf8b4d3dac8e71e	nocompile	m2c	member-of:rock_02:0x800E9C20
rock_32	0x800EC83C	func_800EC83C	dup:bec4b333e7378010ad7c616c0768a707c3b10228	12/102	m2c	member-of:rock_05:0x800EA750
rock_32	0x800EC9D4	func_800EC9D4	dup:4c9b9555ecee728a5db26b8ca1b5c30581c4cdd3	24/31	m2c	member-of:rock_05:0x800EA8E8
rock_32	0x800ECB04	func_800ECB04	dup:fc8e51cf3b2fc11d9ed097330e2fd6ec3c572efd	25/35	m2c	member-of:rock_05:0x800EAA18
rock_32	0x800ECB90	func_800ECB90	dup:b633c7e54462e26495ec965080ab69cdcf1c0029	2/14	m2c	member-of:rock_05:0x800EAAA4
rock_32	0x800ECBC8	func_800ECBC8	dup:8c4e4dbfa3d93698bd3f38d879f52eecd7b7ce70	5/19	m2c	member-of:rock_05:0x800EAADC
rock_32	0x800ECC14	func_800ECC14	dup:124391726df652f12eaf280e0550428de5dcbfc3	nocompile	m2c	member-of:rock_04:0x800EEEA0
rock_32	0x800ECED4	func_800ECED4	dup:97dabeeed9e8192664c8d24403d54ed81543ae44	nocompile	m2c	member-of:rock_04:0x800EF160
rock_32	0x800ED344	func_800ED344	dup:5d84d7e05e3105ced68d28684e7da61fdcb9efdc	37/50	m2c	member-of:rock_04:0x800EF5D0
rock_32	0x800ED524	func_800ED524	dup:4cd84b6e47714dd973ded2f7285164f92e1dc17b	0/46	m2c	member-of:rock_11:0x800FB1B4
rock_33	0x800FA0D0	func_800FA0D0	dup:3335fac34bb832d9692fdfe657a9c3e7095cc7c2	nocompile	m2c	member-of:rock_03:0x800EF810
rock_33	0x800FA45C	func_800FA45C	dup:600ee0ede3903dd147010d21ac5df953fc49e274	54/103	m2c	member-of:rock_03:0x800EFB9C
rock_33	0x800FA5F8	func_800FA5F8	dup:d1c757da505e7a6c86d77b5d4bedc20f8ae0eba0	10/120	m2c	member-of:rock_03:0x800EFD38
rock_33	0x800FA7D8	func_800FA7D8	dup:e60266dbe01d3289fa51bb910e1178454564c7c4	17/93	m2c	member-of:rock_03:0x800F09C8
rock_33	0x800FA94C	func_800FA94C	dup:371d050d396f6be1c0170bd5db5a58fea1be6b98	25/181	m2c	member-of:rock_03:0x800F008C
rock_33	0x800FAC20	func_800FAC20	dup:e60266dbe01d3289fa51bb910e1178454564c7c4	17/93	m2c	member-of:rock_03:0x800F09C8
rock_33	0x800FAD94	func_800FAD94	dup:371d050d396f6be1c0170bd5db5a58fea1be6b98	25/181	m2c	member-of:rock_03:0x800F008C
rock_33	0x800FB068	func_800FB068	dup:c323b6264eece303f85284cb6a65a5af9e880348	9/136	m2c	member-of:rock_03:0x800F07A8
rock_33	0x800FB288	func_800FB288	dup:8a104d7e3bcba54bfa56e7e5353583df335b5eef	31/81	m2c	member-of:rock_03:0x800F09C8
rock_33	0x800FB3CC	func_800FB3CC	dup:371d050d396f6be1c0170bd5db5a58fea1be6b98	25/181	m2c	member-of:rock_03:0x800F008C
rock_33	0x800FB6A0	func_800FB6A0	dup:20cfe279f2a01af08073d86e52f253b447aba26a	4/79	m2c	member-of:rock_03:0x800F0DE0
rock_33	0x800FB7DC	func_800FB7DC	dup:8a104d7e3bcba54bfa56e7e5353583df335b5eef	31/81	m2c	member-of:rock_03:0x800F09C8
rock_33	0x800FB920	func_800FB920	dup:371d050d396f6be1c0170bd5db5a58fea1be6b98	25/181	m2c	member-of:rock_03:0x800F008C
rock_33	0x800FBBF4	func_800FBBF4	dup:6d03d86cfdc37c6dcd347a103665fa630e0dd34f	64/81	m2c	member-of:rock_03:0x800F09C8
rock_33	0x800FBD38	func_800FBD38	dup:371d050d396f6be1c0170bd5db5a58fea1be6b98	25/181	m2c	member-of:rock_03:0x800F008C
rock_33	0x800FC00C	func_800FC00C	dup:e0c9a4120e2139e4d0e768fb7efa0aff2f9959e7	24/110	m2c	member-of:rock_03:0x800F174C
rock_33	0x800FC1C4	func_800FC1C4	dup:b82c8c8f42406df8a45d7592d26425986c947f9a	19/78	m2c	member-of:rock_04:0x800F18C4
rock_33	0x800FC2FC	func_800FC2FC	dup:5a2453abba9f8564ba00ab9e4416bcd048a7c238	0/70	m2c	member-of:rock_03:0x800F1A3C
rock_33	0x800FC414	func_800FC414	family:8e9488fabbd0d46bec17dd8623312e8ef80e0936	nocompile	m2c	member-of:rock_03:0x800F1B54
rock_33	0x800FE398	func_800FE398	dup:310eef2ac2d656a83a2bc5961b5f7b4b9accff2d	nocompile	m2c	member-of:rock_45:0x800FC7D8
rock_33	0x800FE4A4	func_800FE4A4	dup:43258ed4ad20afafe6cfcaf2a0d1c577f148baf1	26/128	m2c	member-of:rock_03:0x800F3BE4
rock_33	0x800FE6A4	func_800FE6A4	dup:cc1f8ed30a1999a7016b7fa0c48a2a38c3815f65	20/115	m2c	member-of:rock_03:0x800F3DE4
rock_33	0x800FE870	func_800FE870	dup:6c03bb8db9a0a01676a5d5c3e39f305c8acaa36d	14/70	m2c	member-of:rock_03:0x800F3FB0
rock_33	0x800FE988	func_800FE988	dup:7eb263c59b8359c00282568a9705985cc50ff485	11/31	m2c	member-of:SLUS_013.95:0x80037838
rock_33	0x800FEAE0	func_800FEAE0	dup:095be6cd7aa56fedd0795fad306bf0d6d7bb7d4e	18/46	m2c	member-of:rock_03:0x800F4220
rock_33	0x800FEB98	func_800FEB98	dup:50b410b572713a4fd9ec40eb96e166387509c5c3	23/71	m2c	member-of:rock_03:0x800F42D8
rock_33	0x800FECB4	func_800FECB4	dup:a04ec501325b429fbbdba79552d01149aa9a5a96	9/44	m2c	member-of:rock_03:0x800F43F4
rock_33	0x800FED64	func_800FED64	dup:71ff65ae69334e8b32634adebe06435c4f5e144a	21/25	m2c	member-of:rock_03:0x800F44A4
rock_33	0x800FEDC8	func_800FEDC8	dup:29ab8bcaaf429fd28dfcbbc49e60c220c5a9b445	31/32	m2c	member-of:rock_03:0x800F4508
rock_33	0x800FEE48	func_800FEE48	dup:2d59e9dd7b0ef63c002057d36fd8b03ea85ba640	18/59	m2c	member-of:rock_02:0x800F0294
rock_33	0x800FEF34	func_800FEF34	dup:9b1d4736fbf0ad6a88a63c67ccf32d3406baf9c8	17/25	m2c	member-of:SLUS_013.95:0x80037838
rock_33	0x800FEFA0	func_800FEFA0	dup:9b1d4736fbf0ad6a88a63c67ccf32d3406baf9c8	17/25	m2c	member-of:SLUS_013.95:0x80037838
rock_33	0x800FF004	func_800FF004	dup:761b45c61755a5dbbfadbb0a684b16cc0b18bfb6	17/56	m2c	member-of:rock_03:0x800F4744
rock_33	0x800FF118	func_800FF118	dup:7dac7e15eecf976e4f45784fc3c501949020104f	19/20	m2c	member-of:rock_03:0x800F4858
rock_33	0x800FF168	func_800FF168	dup:35e1ab4c83483bbe1e59c2bec492f14b017f15cd	3/17	m2c	member-of:rock_03:0x800F48A8
rock_33	0x800FF1AC	func_800FF1AC	dup:bd34d7f041a6edfd69bb58ecb57155503a8e69c3	13/37	m2c	member-of:rock_09:0x800F3A58
rock_33	0x800FF240	func_800FF240	dup:9b1d4736fbf0ad6a88a63c67ccf32d3406baf9c8	17/25	m2c	member-of:SLUS_013.95:0x80037838
rock_33	0x800FF2A4	func_800FF2A4	dup:761b45c61755a5dbbfadbb0a684b16cc0b18bfb6	17/56	m2c	member-of:rock_03:0x800F4744
rock_33	0x800FF3B8	func_800FF3B8	dup:7dac7e15eecf976e4f45784fc3c501949020104f	19/20	m2c	member-of:rock_03:0x800F4858
rock_33	0x800FF408	func_800FF408	dup:b327f3bc9122a3593e3910e58e3c3fd95f02dc44	3/20	m2c	member-of:rock_03:0x800F4B48
rock_33	0x800FF458	func_800FF458	dup:9b1d4736fbf0ad6a88a63c67ccf32d3406baf9c8	17/25	m2c	member-of:SLUS_013.95:0x80037838
rock_33	0x800FF4BC	func_800FF4BC	dup:761b45c61755a5dbbfadbb0a684b16cc0b18bfb6	17/56	m2c	member-of:rock_03:0x800F4744
rock_33	0x800FF5D0	func_800FF5D0	dup:7e4552634bf6f411a13169363a6bf3fb525c8630	23/24	m2c	member-of:rock_03:0x800F4858
rock_33	0x800FF630	func_800FF630	dup:18efab9cefb652275e9657b0ae9e11687557f530	7/28	m2c	member-of:rock_03:0x800F4D70
rock_33	0x800FF6A0	func_800FF6A0	dup:9b1d4736fbf0ad6a88a63c67ccf32d3406baf9c8	17/25	m2c	member-of:SLUS_013.95:0x80037838
rock_33	0x800FF704	func_800FF704	dup:761b45c61755a5dbbfadbb0a684b16cc0b18bfb6	17/56	m2c	member-of:rock_03:0x800F4744
rock_33	0x800FF818	func_800FF818	dup:df704e806a3df75f095c3099584bd8a6e211350c	23/24	m2c	member-of:rock_03:0x800F4858
rock_33	0x800FF878	func_800FF878	dup:3bc4d175f432ae6962d252388c085d091c5ceb86	14/36	m2c	member-of:rock_03:0x800F4FB8
rock_33	0x800FF908	func_800FF908	dup:b25d2c7480e9e869e0d3877e3ec24df581d7c47e	18/48	m2c	member-of:rock_03:0x800F5048
rock_33	0x800FF9C8	func_800FF9C8	dup:a0166147b01a7cdcd16fc80db847ab3b22156e93	6/29	m2c	member-of:rock_03:0x800F5108
rock_33	0x800FFA3C	func_800FFA3C	dup:9b1d4736fbf0ad6a88a63c67ccf32d3406baf9c8	17/25	m2c	member-of:SLUS_013.95:0x80037838
rock_33	0x800FFAA0	func_800FFAA0	dup:761b45c61755a5dbbfadbb0a684b16cc0b18bfb6	17/56	m2c	member-of:rock_03:0x800F4744
rock_33	0x800FFBB4	func_800FFBB4	dup:3efe903743120f1705848f9d9ded5e5e11e4d0a6	24/25	m2c	member-of:rock_03:0x800F52F4
rock_33	0x800FFC18	func_800FFC18	dup:2267145c131efe465d1f54bd588fa147895af168	26/31	m2c	member-of:rock_02:0x800F0C0C
rock_33	0x800FFC94	func_800FFC94	dup:b7ce0d399d03051e576abc2da14cbb4450b1a5ee	23/24	m2c	member-of:rock_03:0x800F53D4
rock_33	0x800FFCF4	func_800FFCF4	dup:be8a6eb0a226d44103c4fb58623ddd3d92a30f36	6/28	m2c	member-of:rock_03:0x800F5434
rock_33	0x800FFDA0	func_800FFDA0	dup:2fe0e50fdcabed503dca2598e42deadeb444594e	32/33	m2c	member-of:rock_03:0x800F54E0
rock_33	0x800FFE24	func_800FFE24	dup:12095465313e4d41242d1a91e2bef6ef5684a2e8	10/64	m2c	member-of:rock_22:0x800F8ECC
rock_33	0x800FFF24	func_800FFF24	dup:b0209b92fe79f9d0ba6311052df1bcae6ffc5608	12/20	m2c	member-of:SLUS_013.95:0x80037838
rock_33	0x800FFF74	func_800FFF74	dup:7655ca455b1dc39b7850ddfb9f6c4a5f12c9bbbc	1/17	m2c	member-of:rock_03:0x800F56B4
rock_33	0x800FFFB8	func_800FFFB8	dup:f3923d2bf918e299640b3bcd27a9f3ddc8e65b77	13/49	m2c	member-of:rock_03:0x800F56F8
rock_33	0x8010009C	func_8010009C	dup:7b6813e78734cc628763851809a71515447f8b9d	14/59	m2c	member-of:rock_03:0x800F57DC
rock_33	0x801001A8	func_801001A8	dup:1fc06a759a2e8edda47d1c9eab107c689263e714	9/48	m2c	member-of:rock_03:0x800F58E8
rock_33	0x80100268	func_80100268	dup:9829069c64bf67a323e46b945985f67b3519e1e1	26/60	m2c	member-of:rock_03:0x800F59A8
rock_33	0x80100378	func_80100378	dup:f65d28604d91c6ee8edc9c7862e02654317cd117	9/46	m2c	member-of:rock_03:0x800F5D58
rock_33	0x80100450	func_80100450	dup:baa2b4c26ceb65f130a1f85bfb684802d92e0495	13/58	m2c	member-of:rock_03:0x800F5D58
rock_33	0x80100538	func_80100538	dup:540b114415b75653daf84d596f4f4feec186215f	18/48	m2c	member-of:rock_03:0x800F5C78
rock_33	0x80100618	func_80100618	dup:959e63b9a0bace2412400a5ffd39a960686a1a86	9/45	m2c	member-of:rock_03:0x800F5D58
rock_33	0x801006CC	func_801006CC	dup:b995288b905e2ba9344be016e11341731f7abc5c	19/38	m2c	member-of:rock_03:0x800F5E0C
rock_34	0x800FA008	func_800FA008	dup:6b1cc3cc51ad7134b32dbe5fdd36cb6c741228a8	4/162	m2c	member-of:rock_04:0x800F14B0
rock_34	0x800FA290	func_800FA290	dup:c8144328a128390ad9380aab56a278922a7d89f6	32/99	m2c	member-of:rock_04:0x800F1738
rock_34	0x800FA41C	func_800FA41C	dup:84c4080a62580d4a23be4eba8e1b1d316966a824	16/74	m2c	member-of:rock_04:0x800F18C4
rock_34	0x800FA544	func_800FA544	dup:d54b3e2e65f9b1d45d54d2fe6562bf9e106e0f70	22/89	m2c	member-of:rock_04:0x800F19EC
rock_34	0x800FA6A8	func_800FA6A8	dup:86d318075d5df39f8eeab56661e0199526bc4570	4/104	m2c	member-of:rock_04:0x800F1B50
rock_34	0x800FA848	func_800FA848	dup:dd8a4fccc73d2f99d4392cc1889cec76ad766d96	2/112	m2c	member-of:rock_04:0x800F1CF0
rock_34	0x800FAA08	func_800FAA08	dup:242cfdfb749104dd959a58c8101e1e9caf134a14	22/76	m2c	member-of:rock_04:0x800F1EB0
rock_34	0x800FAB38	func_800FAB38	dup:c1c264f0fc49a36b48cf79de006b1b218ddca0c3	43/56	m2c	member-of:rock_04:0x800F47D0
rock_34	0x800FAC18	func_800FAC18	dup:6a74065461a45503f24d5ac64f8717583371a547	46/74	m2c	member-of:rock_04:0x800F20C0
rock_34	0x800FAD40	func_800FAD40	dup:b7be1f2bc3cabf4b3e298a94b7f21a1ee109437a	69/81	m2c	member-of:rock_04:0x800F21E8
rock_34	0x800FAE84	func_800FAE84	dup:efaa7650e42248b59810cb6282a79011696609d1	3/78	m2c	member-of:rock_04:0x800F232C
rock_34	0x800FAFBC	func_800FAFBC	dup:696631d85c02d556b77891ea729f4a8642a13c86	45/79	m2c	member-of:rock_04:0x800F2464
rock_34	0x800FB0F8	func_800FB0F8	dup:c3347cdd1f2a4d41bb0e93732e816addb7789203	29/108	m2c	member-of:rock_10:0x800F5D58
rock_34	0x800FB2A8	func_800FB2A8	dup:2a9e58b06d7744819973f64b50dc271841abe143	10/129	m2c	member-of:rock_04:0x800F2750
rock_34	0x800FB4AC	func_800FB4AC	dup:1cce694a4f614971197a1da48836d2d208e18703	84/96	m2c	member-of:rock_04:0x800F2954
rock_34	0x800FB62C	func_800FB62C	dup:30f0dde778046c0ec34da93ba68ddce8e9f85b60	nocompile	m2c	member-of:rock_04:0x800F2AD4
rock_34	0x800FB81C	func_800FB81C	dup:515e03fbe294aaa73ebb3c95cda5cae2f81f84e2	24/114	m2c	member-of:rock_04:0x800F2CC4
rock_34	0x800FB9E4	func_800FB9E4	dup:3841861bc21ec5a06e7fe26f058b170fac036262	12/23	m2c	member-of:SLUS_013.95:0x80037838
rock_34	0x800FBA7C	func_800FBA7C	dup:35d10a9720bc39beb740eb3b025770b1cc6a1b46	33/35	m2c	member-of:rock_04:0x800F2F24
rock_34	0x800FBB08	func_800FBB08	dup:f2023113f31242d5558bca99b4cfb9fd7ad95758	7/61	m2c	member-of:rock_22:0x800F8ECC
rock_34	0x800FBBFC	func_800FBBFC	dup:de3bcb80a74631dd40f906b60e94104ef3567c8a	25/30	m2c	member-of:rock_04:0x800F30A4
rock_34	0x800FBC74	func_800FBC74	dup:658fda1bb733654c6f09f2836b102e918e2c0167	9/14	m2c	member-of:rock_04:0x800F311C
rock_34	0x800FBCAC	func_800FBCAC	dup:c5377ab6484adbb8796e61f85789061d175a61f1	5/20	m2c	member-of:rock_04:0x800F3154
rock_34	0x800FBCFC	func_800FBCFC	dup:26088e79e9d7b394a0a48e2e483853c631cdc2b5	38/50	m2c	member-of:rock_04:0x800F31A4
rock_34	0x800FBDC4	func_800FBDC4	dup:372d872c72038110cc1e38c2c174fa0c45f98ed6	16/34	m2c	member-of:rock_04:0x800F326C
rock_34	0x800FBE4C	func_800FBE4C	dup:9daa916bed9fe9191e793c9c7d619dae0bbbb5cb	27/29	m2c	member-of:rock_04:0x800F32F4
rock_34	0x800FBF1C	func_800FBF1C	dup:ceb2f6cd3b07de7d6c548b4f15e06c85e0b1a7ac	9/15	m2c	member-of:rock_07:0x800ED0F0
rock_34	0x800FBF58	func_800FBF58	dup:bb36b58ffc303cf908dd7d26af6be80d3f0b34b6	5/15	m2c	member-of:SLUS_013.95:0x80042214
rock_34	0x800FBFD0	func_800FBFD0	dup:8044d53847ec6383467c6d1a7bc3462566275d7c	12/15	m2c	member-of:rock_07:0x800ED0F0
rock_34	0x800FC00C	func_800FC00C	dup:4e1700ff635e665deb6752a797d1bfe8605973d0	14/26	m2c	member-of:rock_04:0x800F34B4
rock_34	0x800FC074	func_800FC074	dup:d6b3e5973a5c824d817a54960fbe1a029df92c07	20/57	m2c	member-of:rock_04:0x800F351C
rock_34	0x800FC158	func_800FC158	dup:c8d935f03369ef444deba31408310005f69ccc23	6/18	m2c	member-of:rock_00:0x801F3640
rock_34	0x800FC1DC	func_800FC1DC	dup:c7ab0310685ff839c53440bc9f2f437aa3100c5b	12/17	m2c	member-of:rock_07:0x800ED0F0
rock_34	0x800FC220	func_800FC220	dup:bc2ba315b7b70f0ea1403479540460551e35dc85	7/25	m2c	member-of:rock_00:0x801F3640
rock_34	0x800FC284	func_800FC284	dup:0038f70f3fa4f86fa8c9d71c78988e525580a88d	7/24	m2c	member-of:rock_00:0x801F3640
rock_34	0x800FC2E4	func_800FC2E4	dup:d9c8b6e4752d04460b6ebe929964906b69dee1a6	24/29	m2c	member-of:rock_04:0x800F3BE0
rock_34	0x800FC358	func_800FC358	dup:bb36b58ffc303cf908dd7d26af6be80d3f0b34b6	5/15	m2c	member-of:SLUS_013.95:0x80042214
rock_34	0x800FC3D0	func_800FC3D0	dup:6ad50db479ecd5576cca92abb5c200ed9addb47b	9/15	m2c	member-of:rock_07:0x800ED0F0
rock_34	0x800FC40C	func_800FC40C	dup:acbcfc79a171f8fca7b8201b5e69a8f2c91a1501	16/73	m2c	member-of:rock_04:0x800F38B4
rock_34	0x800FC530	func_800FC530	dup:dfac0ab7b0f44dfe28d8262c74e2482e1362eac5	6/21	m2c	member-of:rock_04:0x800F39D8
rock_34	0x800FC584	func_800FC584	dup:d87f9e2d3db98bd079a60f13a124d9112fe3993a	20/63	m2c	member-of:rock_04:0x800F3A2C
rock_34	0x800FC680	func_800FC680	dup:b9592b0165b4c73b50285c27b135c660864bb7c7	10/37	m2c	member-of:rock_04:0x800F3B28
rock_34	0x800FC738	func_800FC738	dup:1966cd2bd66099c6e3a5835bf96cfc4ff2496684	22/25	m2c	member-of:rock_04:0x800F3BE0
rock_34	0x800FC79C	func_800FC79C	dup:9a51de2aff871565207006373f054d72b6d69225	9/15	m2c	member-of:rock_07:0x800ED0F0
rock_34	0x800FC7D8	func_800FC7D8	dup:bb36b58ffc303cf908dd7d26af6be80d3f0b34b6	5/15	m2c	member-of:SLUS_013.95:0x80042214
rock_34	0x800FC850	func_800FC850	dup:4afd3052a1532af632104d0336a6470c1e8bcee0	16/19	m2c	member-of:rock_07:0x800ED0F0
rock_34	0x800FC89C	func_800FC89C	dup:2072060f1ca14264d926f52537e8d5f47e9762de	40/58	m2c	member-of:rock_04:0x800F3D44
rock_34	0x800FC984	func_800FC984	dup:c8d935f03369ef444deba31408310005f69ccc23	6/18	m2c	member-of:rock_00:0x801F3640
rock_34	0x800FCA08	func_800FCA08	dup:3b0cb94db864d10d4a9e848f51f9a668973ca7bd	12/15	m2c	member-of:rock_07:0x800ED0F0
rock_34	0x800FCA44	func_800FCA44	dup:70dc652d6790aea90e5a11fd029306300c1f9ee1	37/42	m2c	member-of:rock_04:0x800F3EEC
rock_34	0x800FCAEC	func_800FCAEC	dup:dd3b18d0428ec00cd47a2525212451018c533178	17/49	m2c	member-of:rock_04:0x800F3F94
rock_34	0x800FCBB0	func_800FCBB0	dup:bb36b58ffc303cf908dd7d26af6be80d3f0b34b6	5/15	m2c	member-of:SLUS_013.95:0x80042214
rock_34	0x800FCC28	func_800FCC28	dup:721d9a04c6d24652b15bbac463d371c1972f6833	0/15	m2c	member-of:rock_04:0x800F40D0
rock_34	0x800FCC64	func_800FCC64	dup:425a07acd79ee571ad437f2bf82a3644f10c4a84	12/17	m2c	member-of:rock_07:0x800ED0F0
rock_34	0x800FCCA8	func_800FCCA8	dup:600c0dc38f69a4abbf90ef267091bb462122c579	3/13	m2c	member-of:SLUS_013.95:0x80041FB0
rock_34	0x800FCCDC	func_800FCCDC	dup:bb36b58ffc303cf908dd7d26af6be80d3f0b34b6	5/15	m2c	member-of:SLUS_013.95:0x80042214
rock_34	0x800FCD54	func_800FCD54	dup:6869222759c92accea33cbb57e72375a684091c3	12/15	m2c	member-of:rock_07:0x800ED0F0
rock_34	0x800FCD90	func_800FCD90	dup:b42cc2ea66469ced55180d48a52a60926874bb74	13/59	m2c	member-of:rock_04:0x800F4238
rock_34	0x800FCE7C	func_800FCE7C	dup:9ddc90d6f7235c034c7252140fb478412eb871b4	22/28	m2c	member-of:rock_04:0x800F4324
rock_34	0x800FCF58	func_800FCF58	dup:96cddeb12ef3391d981ca87fc543086e5c0e63bf	0/11	m2c	member-of:rock_04:0x800F4400
rock_34	0x800FCF84	func_800FCF84	dup:090dc22b3743138239afb2a80da645d7f9dcecec	17/20	m2c	member-of:rock_07:0x800ED0F0
rock_34	0x800FCFD4	func_800FCFD4	dup:483f0a7c44eded6ba6ecd7528d792c3de709c64a	37/51	m2c	member-of:rock_04:0x800F447C
rock_34	0x800FD0A0	func_800FD0A0	dup:600c0dc38f69a4abbf90ef267091bb462122c579	3/13	m2c	member-of:SLUS_013.95:0x80041FB0
rock_34	0x800FD0D4	func_800FD0D4	dup:bb36b58ffc303cf908dd7d26af6be80d3f0b34b6	5/15	m2c	member-of:SLUS_013.95:0x80042214
rock_34	0x800FD14C	func_800FD14C	dup:0086ea9196fe750158ba488e5e97b8f62fb3a0ad	25/28	m2c	member-of:rock_04:0x800F45F4
rock_34	0x800FD1BC	func_800FD1BC	dup:9d9d91f72c7fd0ecbe03fe4c7ad4719942940cce	27/42	m2c	member-of:rock_04:0x800F4664
rock_34	0x800FD264	func_800FD264	dup:dd3b18d0428ec00cd47a2525212451018c533178	17/49	m2c	member-of:rock_04:0x800F3F94
rock_34	0x800FD328	func_800FD328	dup:79bbab1acd3d129d5665acd1d697dcdc88bcecf1	37/50	m2c	member-of:rock_04:0x800F47D0
rock_34	0x800FD3F0	func_800FD3F0	dup:bb36b58ffc303cf908dd7d26af6be80d3f0b34b6	5/15	m2c	member-of:SLUS_013.95:0x80042214
rock_34	0x800FD4A0	func_800FD4A0	dup:72e2c1d81b536764b894a60b5cb587c112132fe3	1/39	m2c	member-of:rock_10:0x800F94C4
rock_34	0x800FD53C	func_800FD53C	dup:38b22233d102e2991294d67142a637d19382bf65	9/52	m2c	member-of:rock_04:0x800F49E4
rock_34	0x800FD60C	func_800FD60C	dup:1e65c4e647f3c6baf92adea4e479341832c3edc2	15/30	m2c	member-of:rock_04:0x800F4AB4
rock_34	0x800FD684	func_800FD684	dup:da74b2692fe1f2f582451d66cd3ccd78bad08f50	15/31	m2c	member-of:rock_04:0x800F4B2C
rock_34	0x800FD700	func_800FD700	dup:716628be7feb596bc6b3e0a88558c69c7e12730f	14/17	m2c	member-of:rock_07:0x800ED0F0
rock_34	0x800FD744	func_800FD744	dup:fe861dacc71f65517e22787c6d099fcfb59af2a3	26/31	m2c	member-of:rock_04:0x800F4BEC
rock_34	0x800FD7C0	func_800FD7C0	dup:1ebfeab2be6ce4978254f648effde020bfdde2f0	8/46	m2c	member-of:rock_04:0x800F4C68
rock_34	0x800FD8A0	func_800FD8A0	dup:0b23fac036028add9e8e14f1209c4d6fcb89fab6	15/33	m2c	member-of:rock_07:0x800EBA04
rock_34	0x800FD98C	func_800FD98C	dup:3fbbd08b2d8589820d6fc844771a98cacc06ce49	21/31	m2c	member-of:rock_04:0x800F4E34
rock_34	0x800FDA08	func_800FDA08	dup:c55139077c8b675ef08d6b18c54efcc0c623a661	17/23	m2c	member-of:rock_00:0x801F3640
rock_34	0x800FDA7C	func_800FDA7C	dup:0c6e42b8cafe30585bb7691388836722ddcd37c0	5/43	m2c	member-of:rock_04:0x800F4F24
rock_34	0x800FDB30	func_800FDB30	dup:b66dc3562b7b8ebe679bc83eacfaeaa64b9f5593	7/44	m2c	member-of:rock_04:0x800F4FD8
rock_34	0x800FDBE0	func_800FDBE0	dup:68a057dace09f68e45173ef92f317ca5bccabd64	25/45	m2c	member-of:rock_07:0x800ECC44
rock_34	0x800FDC94	func_800FDC94	dup:7b03054349be074028383c70f8adb6d5e012afce	25/45	m2c	member-of:rock_07:0x800ECC44
rock_34	0x800FDD48	func_800FDD48	dup:5ab011e28755e73fa7910ec08ade9cd44621d17b	37/47	m2c	member-of:rock_08:0x800EFEF8
rock_34	0x800FDE04	func_800FDE04	dup:30053276d49dc42129c5b153177eb8d5d9932a21	38/45	m2c	member-of:rock_04:0x800F52AC
rock_34	0x800FDEB8	func_800FDEB8	dup:8d355fbbf9f237ba217304224915954426fc36bd	0/74	m2c	member-of:rock_04:0x800F5360
rock_34	0x800FDFE0	func_800FDFE0	dup:3d82c3af21bbb95d722f3fba2cb6c1f7823838ca	10/12	m2c	member-of:SLUS_013.95:0x80042C18
rock_34	0x800FE010	func_800FE010	dup:29937f083c11622ab04f65b2d408eaa4fdd0567a	15/16	m2c	member-of:rock_04:0x800F54B8
rock_34	0x800FE050	func_800FE050	dup:092b78e20e4a8e3dd6f0100e81da3d0b6b44ca35	8/19	m2c	member-of:SLUS_013.95:0x80046C64
rock_34	0x800FE154	func_800FE154	dup:586a8a72ea8007b3f9d258212dbbff667e9665c7	33/37	m2c	member-of:rock_04:0x800F55FC
rock_34	0x800FE224	func_800FE224	dup:95a59ebdaed90d54c80d207db5c777b9d959dd9b	0/16	m2c	member-of:rock_04:0x800F56CC
rock_34	0x800FE264	func_800FE264	dup:b2672846d6ce5cc71df128cf13f704945aeb5474	27/31	m2c	member-of:rock_04:0x800F570C
rock_34	0x800FE2E0	func_800FE2E0	dup:f9fedb5b997e542de2cf37867850a32ccb2f4a1b	1/64	m2c	member-of:rock_04:0x800F5788
rock_34	0x800FE3E0	func_800FE3E0	dup:4f9a98ef25d07065cf36dccafc1ef9de85d4e948	29/38	m2c	member-of:rock_15:0x800EFA98
rock_34	0x800FE498	func_800FE498	dup:742a816cf832c95d12bf37c565aab4358b20c59c	21/23	m2c	member-of:rock_04:0x800F5940
rock_34	0x800FE530	func_800FE530	dup:ab621afee75c254116f139bcd4acc7937b5da745	37/47	m2c	member-of:rock_08:0x800EFEF8
rock_34	0x800FE5EC	func_800FE5EC	dup:58e2c37e98d6c5cdaad40a4526502c0cde4bc898	37/47	m2c	member-of:rock_08:0x800EFEF8
rock_35	0x800FA014	func_800FA014	dup:ea75ecaab4c8fca2c85320df5599b35fe0885f36	nocompile	m2c	member-of:rock_05:0x800EE8C8
rock_35	0x800FA38C	func_800FA38C	dup:41fb6905ad49625a5adbcfc69bb4663874d3fb3c	nocompile	m2c	member-of:rock_05:0x800EEC40
rock_35	0x800FA848	func_800FA848	dup:28663f7a9da6231b5e59d605dadc918422ae2159	nocompile	m2c	member-of:rock_05:0x800EF0FC
rock_35	0x800FAB48	func_800FAB48	dup:3367de5aa801d623c968b6503aa384d929e6cea1	nocompile	m2c	member-of:rock_05:0x800EF3FC
rock_35	0x800FACA8	func_800FACA8	dup:25046400c690a664e31909903e0fbc2743c1a423	18/93	m2c	member-of:rock_05:0x800EF55C
rock_35	0x800FAE1C	func_800FAE1C	dup:b66ec4187a49f6748f2f2ad6a813a23a9557381d	nocompile	m2c	member-of:rock_05:0x800EF6D0
rock_35	0x800FAF20	func_800FAF20	dup:e15582ead431c6ad4fa6cc49b57023d8041c882f	nocompile	m2c	member-of:rock_05:0x800EF7D4
rock_35	0x800FB104	func_800FB104	dup:80b4889dd666250c81f3a84a811b4e74c7c33179	19/71	m2c	member-of:rock_05:0x800EF9B8
rock_35	0x800FB220	func_800FB220	dup:e0b82e216b4b7b9d3e2a36154546d30a9439aefb	9/117	m2c	member-of:rock_05:0x800EFAD4
rock_35	0x800FB3F4	func_800FB3F4	dup:3bc973a1090042009d2a965bad399d13ee61ad1e	nocompile	m2c	member-of:rock_05:0x800EFCA8
rock_35	0x800FB560	func_800FB560	dup:bda4d2d1fe42e3c4536ce50c6098af9a7f431b89	nocompile	m2c	member-of:rock_05:0x800EFE14
rock_35	0x800FB708	func_800FB708	dup:f3c3409a46edd4e38a23ecd6149fabee0e147eca	nocompile	m2c	member-of:rock_05:0x800EFFBC
rock_35	0x800FB948	func_800FB948	dup:fd79b443641dba0356f6bf19b149cb8915ad1592	15/71	m2c	member-of:rock_05:0x800F01FC
rock_35	0x800FBA64	func_800FBA64	dup:1b71b19a5dd4e4eab410a008118f27a5c9f05003	13/60	m2c	member-of:rock_05:0x800F0318
rock_35	0x800FBB54	func_800FBB54	dup:567e594e0a4e100e167235055b3a9a05b37bbb7b	5/49	m2c	member-of:rock_05:0x800F0408
rock_35	0x800FBC18	func_800FBC18	dup:3e5b6fcda03e7e862e08182848da7f4f2679e7b7	nocompile	m2c	member-of:rock_05:0x800F04CC
rock_35	0x800FBE3C	func_800FBE3C	dup:1f7145f17160df06aa011903dc881da90f4a84a1	nocompile	m2c	member-of:rock_05:0x800F06F0
rock_35	0x800FC630	func_800FC630	dup:c2cba4b46bde872c7780a291b70526397eaa71d1	nocompile	m2c	member-of:rock_05:0x800F0EE4
rock_35	0x800FCAD0	func_800FCAD0	dup:3841861bc21ec5a06e7fe26f058b170fac036262	12/23	m2c	member-of:SLUS_013.95:0x80037838
rock_35	0x800FCB2C	func_800FCB2C	dup:23ab36e9d93e4e5c239b7948636eb1dafce83faf	29/61	m2c	member-of:rock_22:0x800F8ECC
rock_35	0x800FCC94	func_800FCC94	dup:72a543c6f3cc70ca0dd572a14a385e25946ebce5	1/47	m2c	member-of:rock_05:0x800F1548
rock_35	0x800FCD50	func_800FCD50	dup:3ded47abd784e1e5a998ccecfc23fb5aa373a9d2	24/29	m2c	member-of:rock_05:0x800F1604
rock_35	0x800FCDC4	func_800FCDC4	dup:247bc876b80dce136eaf5bdafa8377b502943930	17/25	m2c	member-of:rock_05:0x800F1678
rock_35	0x800FCE28	func_800FCE28	dup:a43684670e8c12840343b107887163848cc99022	14/20	m2c	member-of:rock_00:0x801F3640
rock_35	0x800FCED4	func_800FCED4	dup:9eaf9002fbb082eb84dadec8a7d84e892a211f5f	23/50	m2c	member-of:rock_05:0x800F1788
rock_35	0x800FCFD8	func_800FCFD8	dup:9cfcab93593c52008f20ff711684f7f6fa4821d4	18/19	m2c	member-of:rock_05:0x800F188C
rock_35	0x800FD07C	func_800FD07C	dup:18f12b8b2045756eb502e750966169026840b2d6	26/30	m2c	member-of:rock_05:0x800F1930
rock_35	0x800FD0F4	func_800FD0F4	dup:f28710eaf4d5f17ed6fe5f32e0d79444cde18ec3	6/20	m2c	member-of:rock_00:0x801F3640
rock_35	0x800FD144	func_800FD144	dup:85955eaf636b1bc50c643bed5a63ddce9813a8e7	29/51	m2c	member-of:rock_05:0x800F19F8
rock_35	0x800FD24C	func_800FD24C	dup:2cbb2703e64c8bcc46c1f6b67cfdda5353ec8b5a	6/17	m2c	member-of:rock_05:0x800F1B00
rock_35	0x800FD290	func_800FD290	dup:8bff6919a8a9e613880eb30735ee317ae77a2467	14/17	m2c	member-of:rock_07:0x800ED0F0
rock_35	0x800FD2D4	func_800FD2D4	dup:d27834ef32ce22d46ab0c5f1c6a25b52f7b8a67c	nocompile	m2c	member-of:rock_05:0x800F1B88
rock_35	0x800FD394	func_800FD394	dup:47d4e9455ef14ab7783526256f75e12ff728efdb	23/25	m2c	member-of:rock_05:0x800F1C48
rock_35	0x800FD434	func_800FD434	dup:48291168bfde1c12c312666ce9295f6742404d17	7/25	m2c	member-of:rock_00:0x801F3640
rock_35	0x800FD498	func_800FD498	dup:e8d78cdc9d5ac066227f7386fd2b9e6fafa9b93e	nocompile	m2c	member-of:rock_05:0x800F1D4C
rock_35	0x800FD5AC	func_800FD5AC	dup:8e6a2e57bf204b2644e37a057344e727fe33eb2c	28/31	m2c	member-of:rock_05:0x800F1E60
rock_35	0x800FD664	func_800FD664	dup:83ea8543d4640dcca966ca1202bf4a8f78069d22	18/19	m2c	member-of:rock_05:0x800F188C
rock_35	0x800FD6B0	func_800FD6B0	dup:28de62e455638df70b0bb51ad4afa90184f1ac7b	34/51	m2c	member-of:rock_05:0x800F1F64
rock_35	0x800FD77C	func_800FD77C	dup:7a3260feed5dab5f25aa637318853444ae4e496a	22/42	m2c	member-of:rock_05:0x800F2030
rock_35	0x800FD824	func_800FD824	dup:4e80a1f78caedc68756eec15afd7c1cfdbbc1c5f	15/25	m2c	member-of:rock_00:0x801F3640
rock_35	0x800FD888	func_800FD888	dup:b11abdd97c732fefd545b215da10d67240566581	6/28	m2c	member-of:rock_05:0x800F213C
rock_35	0x800FD8F8	func_800FD8F8	dup:c376c5d41751e9654d2d1997715a9f944dfb49ff	22/27	m2c	member-of:rock_05:0x800F21AC
rock_35	0x800FD964	func_800FD964	dup:868a23757640ce5e0e3f515ee766ef9d10e0426b	14/27	m2c	member-of:rock_00:0x801F3640
rock_35	0x800FD9D0	func_800FD9D0	dup:cfe580b9f71cf3e49006b5d4964c3299f84d777f	24/25	m2c	member-of:rock_05:0x800F2284
rock_35	0x800FDA70	func_800FDA70	dup:1b8048ec7d6aba2e814061e758b89b2786908967	28/35	m2c	member-of:rock_05:0x800F2324
rock_35	0x800FDAFC	func_800FDAFC	dup:e36205f655e35923df2e14fbfaafedbb4becb39d	48/50	m2c	member-of:rock_05:0x800F23B0
rock_35	0x800FDBC4	func_800FDBC4	dup:b0c88d8633c04cd1fbe75250d89a822880788763	0/58	m2c	member-of:rock_05:0x800F2478
rock_35	0x800FDCAC	func_800FDCAC	dup:9c67d8c56ba3bd2ec5cd794dfe0922e6c6c41ba1	36/42	m2c	member-of:rock_05:0x800F2560
rock_35	0x800FDE20	func_800FDE20	dup:c644dc138a5d8e1a36223bdc30446e76fa6ed819	17/22	m2c	member-of:rock_05:0x800F26D4
rock_35	0x800FDE78	func_800FDE78	dup:7f1505d2e15b7f3b85e333d06bdf3d296e4a2ba8	17/27	m2c	member-of:rock_05:0x800F272C
rock_35	0x800FDEE4	func_800FDEE4	dup:0e1be6c7a5b9cfbb2e335606612235f8f579ac26	4/50	m2c	member-of:rock_05:0x800F2798
rock_35	0x800FDFF8	func_800FDFF8	dup:be33fac41d6811c723afda2f1d53656838c40c37	43/49	m2c	member-of:rock_05:0x800F28AC
rock_35	0x800FE0BC	func_800FE0BC	dup:bc3d4bc7b12683e37a2685c13201aaeb1422d6c8	8/39	m2c	member-of:rock_05:0x800F2970
rock_35	0x800FE194	func_800FE194	dup:66c88b473c998c1827ef2b6576dd6fae887d7533	20/21	m2c	member-of:rock_05:0x800F2A48
rock_35	0x800FE1E8	func_800FE1E8	dup:be0c801375eb0038f86b2f189197b45baadf5881	17/21	m2c	member-of:rock_05:0x800F2A9C
rock_35	0x800FE23C	func_800FE23C	dup:ccf7ea080dbaab7a4a2f81c2dcd92b8f221be50a	nocompile	m2c	member-of:rock_05:0x800F2AF0
rock_35	0x800FE298	func_800FE298	dup:bd477feb7f76fafddb55be471be98be2430befde	10/12	m2c	member-of:rock_05:0x800F2B4C
rock_35	0x800FE2D0	func_800FE2D0	dup:3841861bc21ec5a06e7fe26f058b170fac036262	12/23	m2c	member-of:SLUS_013.95:0x80037838
rock_35	0x800FE3AC	func_800FE3AC	dup:27fc4642321ef115535bb3ad668a95c6620af69e	3/26	m2c	member-of:rock_05:0x800F2C60
rock_35	0x800FE538	func_800FE538	dup:879694dee0f427fb83694ba41aa4fb9113927b53	10/38	m2c	member-of:rock_05:0x800F2DEC
rock_35	0x800FE5D0	func_800FE5D0	dup:89429395311a41c42e920b724ecee7ea387aa2b9	22/31	m2c	member-of:rock_05:0x800F2E84
rock_36	0x800FA230	func_800FA230	dup:9b96813faf15938762674135c08fb943aa67a153	8/111	m2c	member-of:rock_07:0x800F1F80
rock_36	0x800FA3EC	func_800FA3EC	dup:00afdb83f8f2a74573a6af316b936c47823c0c92	nocompile	m2c	member-of:rock_07:0x800F213C
rock_36	0x800FA5F0	func_800FA5F0	dup:84c4080a62580d4a23be4eba8e1b1d316966a824	16/74	m2c	member-of:rock_04:0x800F18C4
rock_36	0x800FA718	func_800FA718	dup:304ee0b9b07d2d9f8b211e71f0e8b5bdc86186d7	23/98	m2c	member-of:rock_07:0x800F2468
rock_36	0x800FA8A0	func_800FA8A0	dup:521cd5d4214467fff2a4da4f239e4cbc99c53e35	64/82	m2c	member-of:rock_07:0x800F25F0
rock_36	0x800FA9E8	func_800FA9E8	dup:e8dfb6bae33f790ad72010ade2529b3604409289	70/83	m2c	member-of:rock_07:0x800F25F0
rock_36	0x800FAB34	func_800FAB34	dup:b0724304a7ced5f31f84058c8e1e2ba7e1ed5a57	28/96	m2c	member-of:rock_07:0x800F2884
rock_36	0x800FACB4	func_800FACB4	dup:45e733bc48eadc8ca892f00aea4081fae8324499	10/141	m2c	member-of:rock_07:0x800F2A04
rock_36	0x800FAEE8	func_800FAEE8	dup:db2ce0c60a2e5236da0fa4ed33547d72b27a95b1	12/88	m2c	member-of:SLUS_013.95:0x80040B84
rock_36	0x800FB048	func_800FB048	dup:36b4dc9c977f05c772751333bc69ced4b5b33a50	7/83	m2c	member-of:rock_07:0x800F2D98
rock_36	0x800FB194	func_800FB194	dup:b740bf1de5a45c09a1e1b4161dbbf1986411816b	44/76	m2c	member-of:rock_07:0x800F2EE4
rock_36	0x800FB2C4	func_800FB2C4	dup:f4443b10ddecb06c463cf30efdd0007e4a346821	0/91	m2c	member-of:rock_07:0x800F3014
rock_36	0x800FB430	func_800FB430	dup:f6ef21ccd577c73d144b5092733380cb79a341a5	15/68	m2c	member-of:rock_07:0x800F3180
rock_36	0x800FB540	func_800FB540	dup:6a344f119e59cc944fdb3983d145dc4940067e0c	1/90	m2c	member-of:rock_07:0x800F3290
rock_36	0x800FB6A8	func_800FB6A8	dup:c3347cdd1f2a4d41bb0e93732e816addb7789203	29/108	m2c	jtbl-uncarved
rock_36	0x800FB858	func_800FB858	dup:c5c0589e6564ae508f8f2c722142bbbe06ae3eac	6/141	m2c	member-of:rock_07:0x800F35A8
rock_36	0x800FBA8C	func_800FBA8C	dup:215a0b5cc18745476445024a9e62283b2dff413e	44/107	m2c	member-of:rock_07:0x800F37DC
rock_36	0x800FBC38	func_800FBC38	dup:048ece71569cb098511d62529f8d1b42fd8c659b	nocompile	m2c	member-of:rock_07:0x800F3988
rock_36	0x800FBE4C	func_800FBE4C	dup:cfa6f47b1babb3e7b40835175f0c16cac861e45a	49/57	m2c	member-of:rock_07:0x800F3B9C
rock_36	0x800FBF30	func_800FBF30	dup:0f2101958aeb42ef2bd901b4dfc088da0745ce08	nocompile	m2c	member-of:rock_07:0x800F3C80
rock_36	0x800FC244	func_800FC244	dup:245330eb584d25a50f98ff46f5eae72ac3fb3835	43/108	m2c	member-of:rock_07:0x800F3F94
rock_36	0x800FC3F4	func_800FC3F4	dup:e7980e24b2c909aec67ca2a5c3c5bfe949e701ed	nocompile	m2c	member-of:rock_07:0x800F6E78
rock_36	0x800FC4E0	func_800FC4E0	dup:3841861bc21ec5a06e7fe26f058b170fac036262	12/23	m2c	member-of:SLUS_013.95:0x80037838
rock_36	0x800FC578	func_800FC578	dup:4756667fef8b7052cd642774415e5942c45e6ecf	36/38	m2c	member-of:rock_04:0x800F2F24
rock_36	0x800FC610	func_800FC610	dup:f2023113f31242d5558bca99b4cfb9fd7ad95758	7/61	m2c	member-of:rock_22:0x800F8ECC
rock_36	0x800FC7B4	func_800FC7B4	dup:72e2c1d81b536764b894a60b5cb587c112132fe3	1/39	m2c	member-of:rock_10:0x800F94C4
rock_36	0x800FC850	func_800FC850	dup:68d73bc8cbca12db76077f15f33d8abd783c1dfb	3/53	m2c	member-of:rock_07:0x800F45A0
rock_36	0x800FC924	func_800FC924	dup:1dd4050a26305b23b34f63f478e5f3b7003c2493	15/22	m2c	member-of:rock_07:0x800F4674
rock_36	0x800FC97C	func_800FC97C	dup:12f7d2e2b36518ed3595c17f3b8d6969e56c03c0	6/24	m2c	member-of:rock_07:0x800F46CC
rock_36	0x800FC9DC	func_800FC9DC	dup:89b3bf0f9b27a9e33e1a128676db7d1a22f84e7b	22/39	m2c	member-of:rock_07:0x800F472C
rock_36	0x800FCA78	func_800FCA78	dup:716628be7feb596bc6b3e0a88558c69c7e12730f	14/17	m2c	member-of:rock_07:0x800ED0F0
rock_36	0x800FCAF8	func_800FCAF8	dup:0b23fac036028add9e8e14f1209c4d6fcb89fab6	15/33	m2c	member-of:rock_07:0x800EBA04
rock_36	0x800FCBE4	func_800FCBE4	dup:2db95a901d242a60427292bac083b05e33f9e3c7	36/41	m2c	member-of:rock_07:0x800F4934
rock_36	0x800FCC88	func_800FCC88	dup:f0b566f89c28e9007761fb0568f417b042830442	11/16	m2c	member-of:rock_07:0x800F49D8
rock_36	0x800FCCC8	func_800FCCC8	dup:077e8bfd3fa831231961a0795656ebfca89ae237	28/33	m2c	member-of:rock_04:0x800F3BE0
rock_36	0x800FCD4C	func_800FCD4C	dup:2cf47275611f2ed2b4ff9447dda1ee6bb817fdf3	12/15	m2c	member-of:SLUS_013.95:0x80042214
rock_36	0x800FCDC4	func_800FCDC4	dup:7fefd3200fc2babccf7149289042d5c102c547e8	5/52	m2c	member-of:rock_07:0x800F4B14
rock_36	0x800FCF38	func_800FCF38	dup:2cf47275611f2ed2b4ff9447dda1ee6bb817fdf3	12/15	m2c	member-of:SLUS_013.95:0x80042214
rock_36	0x800FCFB0	func_800FCFB0	dup:a8a6c40311a52ec4adc28f4a814f4425cfb1d043	6/44	m2c	member-of:rock_07:0x800F4D00
rock_36	0x800FD060	func_800FD060	dup:6610d21071718ecd208583f81e4a27a2cde238ff	14/19	m2c	member-of:rock_00:0x801F3640
rock_36	0x800FD0AC	func_800FD0AC	dup:8b39c3560ff3720f9160edfc0fd30eb4898352ff	14/20	m2c	member-of:rock_00:0x801F3640
rock_36	0x800FD0FC	func_800FD0FC	dup:538d500493e41c452ac8003e69e5f9160e1cfb77	32/37	m2c	member-of:rock_07:0x800F4E4C
rock_36	0x800FD190	func_800FD190	dup:bb36b58ffc303cf908dd7d26af6be80d3f0b34b6	5/15	m2c	member-of:SLUS_013.95:0x80042214
rock_36	0x800FD208	func_800FD208	dup:a4e315c1d21ee7e9c8aeccfcd5653a6ed185cd70	17/20	m2c	member-of:rock_07:0x800ED0F0
rock_36	0x800FD258	func_800FD258	dup:0e24e33ee05ccbfe7fe66039ced1a6519cdb4aaa	6/59	m2c	member-of:rock_07:0x800F4FA8
rock_36	0x800FD344	func_800FD344	dup:31b2af50c390055f32620d5acaa9084ce97f32ea	17/22	m2c	member-of:rock_00:0x801F3640
rock_36	0x800FD39C	func_800FD39C	dup:f52c9ed39447d3b04cae70cab235e52c938ec5ef	12/65	m2c	member-of:rock_07:0x800F50EC
rock_36	0x800FD4A0	func_800FD4A0	dup:2bffa8ba354223e839417da81a93d7e0c4ef5790	22/25	m2c	member-of:rock_04:0x800F3BE0
rock_36	0x800FD570	func_800FD570	dup:a39743d08ec5191b95f66212f252df2c338e4dfc	11/15	m2c	member-of:rock_07:0x800ED0F0
rock_36	0x800FD5AC	func_800FD5AC	dup:6a978a9c830d67d278a5c64407179b7b3f4eb023	33/51	m2c	member-of:rock_07:0x800F52FC
rock_36	0x800FD678	func_800FD678	dup:2837ed89abf704c2508a13c8aa0faf1c5e147812	23/26	m2c	member-of:rock_07:0x800F53C8
rock_36	0x800FD6E0	func_800FD6E0	dup:6c9d487b58cc1066f53a9f50f047d7da685fff18	61/64	m2c	member-of:rock_07:0x800F5430
rock_36	0x800FD7E0	func_800FD7E0	dup:c2d547324d2cb7037061544d7bdd30fa5b0e6c8d	14/20	m2c	member-of:rock_00:0x801F3640
rock_36	0x800FD830	func_800FD830	dup:bb36b58ffc303cf908dd7d26af6be80d3f0b34b6	5/15	m2c	member-of:SLUS_013.95:0x80042214
rock_36	0x800FD8A8	func_800FD8A8	dup:4477a8bf74f27823bcd5bca596bf75a7e396893d	17/20	m2c	member-of:rock_07:0x800ED0F0
rock_36	0x800FD8F8	func_800FD8F8	dup:7d1063ef86309e923badd21ca15d31915edd154b	24/42	m2c	member-of:rock_07:0x800F5648
rock_36	0x800FD9A0	func_800FD9A0	dup:198a80d97660a0fcc2707fa52cfdccdd91146354	26/29	m2c	member-of:rock_04:0x800F3BE0
rock_36	0x800FDA14	func_800FDA14	dup:f3f9cbb8dd1c5a91e749eb8073e0ed06ac4f00b1	27/44	m2c	member-of:rock_07:0x800F5764
rock_36	0x800FDAC4	func_800FDAC4	dup:7802f1eabd324cedd4f49cbb684b7a522a1cea58	21/28	m2c	member-of:rock_07:0x800F5814
rock_36	0x800FDB34	func_800FDB34	dup:2bffa8ba354223e839417da81a93d7e0c4ef5790	22/25	m2c	member-of:rock_04:0x800F3BE0
rock_36	0x800FDB98	func_800FDB98	dup:ee288037840bd88f0a695eb0d3a607727057ee1e	13/19	m2c	member-of:rock_00:0x801F3640
rock_36	0x800FDBE4	func_800FDBE4	dup:bb36b58ffc303cf908dd7d26af6be80d3f0b34b6	5/15	m2c	member-of:SLUS_013.95:0x80042214
rock_36	0x800FDC5C	func_800FDC5C	dup:9814ca5ab392b44a642a9a9ca5201998e3e5c672	24/28	m2c	member-of:rock_07:0x800F59AC
rock_36	0x800FDCCC	func_800FDCCC	dup:722750d4226e804c12ae167f6f52ed05e8da51ae	9/35	m2c	member-of:rock_07:0x800F5A1C
rock_36	0x800FDD58	func_800FDD58	dup:eeceee8712eafb0e34540fdde8a507bf862ca7d9	5/61	m2c	member-of:rock_07:0x800F5AA8
rock_36	0x800FDEB0	func_800FDEB0	dup:2bffa8ba354223e839417da81a93d7e0c4ef5790	22/25	m2c	member-of:rock_04:0x800F3BE0
rock_36	0x800FDF88	func_800FDF88	dup:7bfaf088f2d5cd241f4f1ecb2b4b3e26d5695c3d	nocompile	m2c	member-of:rock_07:0x800F5CD8
rock_36	0x800FDFEC	func_800FDFEC	dup:565116b93da54ade590f14d1a8ca85705d367cde	23/26	m2c	member-of:rock_07:0x800F5D3C
rock_36	0x800FE054	func_800FE054	dup:cc1c2b81e739c91d811d7466e361dadb9167be46	18/21	m2c	member-of:rock_00:0x801F3640
rock_36	0x800FE0A8	func_800FE0A8	dup:81794a6b1a818ce2279fa0a63fb2b9701572d000	17/20	m2c	member-of:rock_07:0x800F5DF8
rock_36	0x800FE0F8	func_800FE0F8	dup:d1da7eb62772030c361610b4b89c7e70c5082910	23/29	m2c	member-of:rock_07:0x800F5E48
rock_36	0x800FE19C	func_800FE19C	dup:c156e188045247d39631dfd25ab58c0c6a916573	17/36	m2c	member-of:rock_07:0x800F5EEC
rock_36	0x800FE268	func_800FE268	dup:7bfaf088f2d5cd241f4f1ecb2b4b3e26d5695c3d	nocompile	m2c	member-of:rock_07:0x800F5CD8
rock_36	0x800FE2B8	func_800FE2B8	dup:4b45fcb1055cdfddaf2eaf8133d3aea66b84733d	1/68	m2c	member-of:rock_07:0x800F6008
rock_36	0x800FE3C8	func_800FE3C8	dup:552ab892283fbb6dc681734afa3d594cd424eea3	23/26	m2c	member-of:rock_07:0x800F5D3C
rock_36	0x800FE430	func_800FE430	dup:c59140ad4ef47e9c5dade4f6899d122ec2196995	18/21	m2c	member-of:rock_00:0x801F3640
rock_36	0x800FE484	func_800FE484	dup:4dd21939b68ad73ca71ad245f0c64027c38c385b	9/19	m2c	member-of:rock_07:0x800F61D4
rock_36	0x800FE4D0	func_800FE4D0	dup:2d23771371cc3487839a7f95d1076ee0d7514ee9	7/35	m2c	member-of:rock_07:0x800F6220
rock_36	0x800FE55C	func_800FE55C	dup:03ca0fc2522444c4e0c468592e568b711e651e8e	24/27	m2c	member-of:rock_07:0x800F62AC
rock_36	0x800FE604	func_800FE604	dup:c6f672d5185c5c52f1532638b5c96ea07ffa5fb9	nocompile	m2c	member-of:rock_07:0x800F6354
rock_36	0x800FE65C	func_800FE65C	dup:43a4260524af21f798b7624c4cf0b3deb18405cc	1/68	m2c	member-of:rock_07:0x800F6008
rock_36	0x800FE76C	func_800FE76C	dup:e0f85a03951c39c4f965b2ba295087ce643184a5	23/26	m2c	member-of:rock_07:0x800F5D3C
rock_36	0x800FE7D4	func_800FE7D4	dup:4c5fecc7001c699511603fbca15e8fe98b3a9fe2	18/21	m2c	member-of:rock_00:0x801F3640
rock_36	0x800FE828	func_800FE828	dup:220baf20cfd0a79fedd3c2ce348c09cc25da4bd0	9/19	m2c	member-of:rock_07:0x800F61D4
rock_36	0x800FE874	func_800FE874	dup:c2764866a73f4e2aafc0e2887628ace21b4361cf	0/50	m2c	member-of:rock_07:0x800F65C4
rock_36	0x800FE93C	func_800FE93C	dup:4af8ff7236b5ca4ce6c9ec24a98cc99d4c543dbf	25/28	m2c	member-of:rock_07:0x800F62AC
rock_36	0x800FE9AC	func_800FE9AC	dup:ad98c5dc8a70ce083c4b8f3cf83569ea451d8fb4	nocompile	m2c	jtbl-uncarved
rock_36	0x800FEA80	func_800FEA80	dup:b77f846939435b809f110173c2046f4f16d67bf9	10/44	m2c	member-of:rock_07:0x800ECCD8
rock_36	0x800FEB30	func_800FEB30	dup:ee90bf9cbfde5b297e137ff354b9b297e28a751a	3/50	m2c	member-of:rock_07:0x800F6880
rock_36	0x800FEBF8	func_800FEBF8	dup:19d38accf6876ba13a86ac0dc1abce98a5e06eef	27/53	m2c	member-of:rock_08:0x800EFEF8
rock_36	0x800FECCC	func_800FECCC	dup:e3a240f96cc545036984b2797c48bc794441938a	25/45	m2c	member-of:rock_07:0x800ECC44
rock_36	0x800FED80	func_800FED80	dup:c991f3d4653fbd53e854631c5afb97e46d82631f	22/49	m2c	member-of:rock_08:0x800EFEF8
rock_36	0x800FEE44	func_800FEE44	dup:0eb65fee261d0be9db42ebe0c4f750aa7bd927b8	3/55	m2c	member-of:rock_07:0x800F6B94
rock_36	0x800FEF20	func_800FEF20	dup:f80886d81be9e8d11c89e96473e8163ef377e621	17/55	m2c	member-of:rock_07:0x800F6C70
rock_36	0x800FEFFC	func_800FEFFC	dup:2da1aa240f8e855afc71685b476c556f190b8f8a	1/63	m2c	member-of:rock_07:0x800F6D4C
rock_36	0x800FF0F8	func_800FF0F8	dup:3d82c3af21bbb95d722f3fba2cb6c1f7823838ca	10/12	m2c	member-of:SLUS_013.95:0x80042C18
rock_36	0x800FF128	func_800FF128	dup:0ddfd921fdceb2cd6a75fffef008fe826b3605bf	nocompile	m2c	member-of:rock_07:0x800F6E78
rock_36	0x800FF210	func_800FF210	dup:29937f083c11622ab04f65b2d408eaa4fdd0567a	15/16	m2c	member-of:rock_04:0x800F54B8
rock_36	0x800FF250	func_800FF250	dup:84aa576f257dd01df621cfe2d0598fb4c42b2b15	17/33	m2c	member-of:SLUS_013.95:0x80037838
rock_36	0x800FF2D4	func_800FF2D4	dup:66778633b31b62de4dadddf13fc67cb69d75cc44	0/29	m2c	member-of:rock_07:0x800F7024
rock_36	0x800FF3E0	func_800FF3E0	dup:2e1a968e7b8b00311a82a84ddd59c9edafe8ed5b	36/42	m2c	member-of:rock_07:0x800F7130
rock_36	0x800FF488	func_800FF488	dup:a27bca983364dac678c8781989a4682971aafa73	17/19	m2c	member-of:rock_07:0x800F71D8
rock_36	0x800FF4D4	func_800FF4D4	dup:ac09be74da97b4c75824fd8eecbf649f77cc8419	10/38	m2c	member-of:rock_07:0x800F7224
rock_36	0x800FF56C	func_800FF56C	dup:a7926c487343b2ea4189d82dd46ed54f7b4b7c13	nocompile	m2c	member-of:rock_07:0x800F72BC
rock_36	0x800FF6A0	func_800FF6A0	dup:546dfa537ab480c5f19d34766490db84adb5c9ea	6/53	m2c	member-of:rock_07:0x800F73F0
rock_36	0x800FF7B0	func_800FF7B0	dup:a052f5bb09ae097df807404588ebaeef67091fdc	7/21	m2c	member-of:rock_00:0x801F3640
rock_36	0x800FF804	func_800FF804	dup:e37f8e4b6997d6813655c384bbf294d3dd42abe8	31/33	m2c	member-of:rock_07:0x800F7554
rock_36	0x800FF90C	func_800FF90C	dup:16f56fc5c73d480a8e740000f1e587acc576d939	14/33	m2c	member-of:rock_07:0x800F765C
rock_36	0x800FF990	func_800FF990	dup:e125048d28630be71102f5efd8a4e9dedd17d470	24/26	m2c	member-of:rock_07:0x800F76E0
rock_36	0x800FF9F8	func_800FF9F8	dup:81ba8ce8e4aad98c6b686d4df03de54795778bad	8/13	m2c	member-of:rock_07:0x800F7748
rock_36	0x800FFA2C	func_800FFA2C	dup:f3cf60f23035f61338fc2a83b5b33241048c27ae	16/19	m2c	member-of:SLUS_013.95:0x8004260C
rock_36	0x800FFA78	func_800FFA78	dup:8118c7e67b9b032922300318dce83b4da4340c1c	6/22	m2c	member-of:rock_07:0x800F77C8
rock_36	0x800FFAD0	func_800FFAD0	dup:69918caf015c37c9759ad2641b934a710b27e9ca	32/42	m2c	member-of:rock_07:0x800F7820
rock_36	0x800FFB78	func_800FFB78	dup:51ce93011dc7664954b7b0d7df3b5b40eab7b44a	6/29	m2c	member-of:rock_07:0x800F78C8
rock_36	0x800FFBEC	func_800FFBEC	dup:ce1108bc6dac4430e1494368469599f8cd848ef5	8/13	m2c	member-of:rock_07:0x800F7748
rock_36	0x800FFC20	func_800FFC20	dup:b2a08ef43511494db9c72e405233f00108ffb93b	18/24	m2c	member-of:rock_07:0x800F7970
rock_37	0x800FA004	func_800FA004	dup:0205ef454fa8cebf49f0ffaf4d0458b4648f0027	67/153	m2c	member-of:rock_08:0x800EFF9C
rock_37	0x800FA268	func_800FA268	dup:91b1b6d76467c2802890ec0d699e25780d74caff	45/271	m2c	member-of:rock_08:0x800F0200
rock_37	0x800FA6A4	func_800FA6A4	dup:426f351f7a03df24676b753bd1d6fa2681cdf632	19/86	m2c	member-of:rock_04:0x800F18C4
rock_37	0x800FA7FC	func_800FA7FC	dup:834521f67bdf1b4a2947a320606dcf15aaac0f69	4/136	m2c	member-of:rock_08:0x800F0794
rock_37	0x800FAA1C	func_800FAA1C	dup:c03b047dfdb9d83a902ba7f72ee0f1acc9d36010	0/63	m2c	member-of:rock_08:0x800F09B4
rock_37	0x800FAB18	func_800FAB18	dup:ea329aedbb6ee73f72825262a3feadc3ca76c808	10/73	m2c	member-of:rock_08:0x800F0AB0
rock_37	0x800FAC3C	func_800FAC3C	dup:081cede5b56f5247700c009a8a0e33c746a4257e	nocompile	m2c	member-of:rock_08:0x800F0BD4
rock_37	0x800FB33C	func_800FB33C	dup:eb522c80f58b065888d41a23769189e481a38ce1	41/103	m2c	member-of:rock_08:0x800F12D4
rock_37	0x800FB4D8	func_800FB4D8	dup:73e5e752da4b95f6aeda664e5a0e066a0203c11b	20/94	m2c	member-of:rock_08:0x800F1470
rock_37	0x800FB650	func_800FB650	dup:286faa04fdbeb2bc5bf0bba626b02b9b99593285	nocompile	m2c	member-of:rock_08:0x800F15E8
rock_37	0x800FB790	func_800FB790	dup:4ee4fb07ec6711d70ce355e533c0a0a51c4a0b11	42/57	m2c	member-of:rock_08:0x800F1728
rock_37	0x800FB874	func_800FB874	dup:4f2feaa33d71648ecd134b943f672a0d5e79688d	79/108	m2c	member-of:rock_08:0x800F180C
rock_37	0x800FBA24	func_800FBA24	dup:cfb40c17c391223ffb41ef81e27db2a9ca0367a9	49/76	m2c	member-of:rock_08:0x800F1728
rock_37	0x800FBB54	func_800FBB54	dup:18f229aedebb3a66dc860fe483262d56d21b9870	76/93	m2c	member-of:rock_08:0x800F1AEC
rock_37	0x800FBD40	func_800FBD40	dup:a4f82807c0b9b992a00732ee72a39644194bf506	27/31	m2c	member-of:rock_08:0x800F1CD8
rock_37	0x800FBDBC	func_800FBDBC	dup:df30c9a4d6e84dd6872fe36a56130e5e2a3ecfe0	7/61	m2c	member-of:rock_22:0x800F8ECC
rock_37	0x800FBEB0	func_800FBEB0	dup:03008ca8c4c2a94335b2e9eaac8786b42b000a1d	32/36	m2c	member-of:rock_08:0x800F1E48
rock_37	0x800FBF40	func_800FBF40	dup:53523d8a4f87fdf02d9dece0a8815d0f965f1ecf	13/35	m2c	member-of:rock_08:0x800F1ED8
rock_37	0x800FBFCC	func_800FBFCC	dup:7040bcbeee654d192e266f57d8845a702a43f247	32/34	m2c	member-of:rock_08:0x800F1F64
rock_37	0x800FC0F4	func_800FC0F4	dup:03008ca8c4c2a94335b2e9eaac8786b42b000a1d	32/36	m2c	member-of:rock_08:0x800F1E48
rock_37	0x800FC184	func_800FC184	dup:53523d8a4f87fdf02d9dece0a8815d0f965f1ecf	13/35	m2c	member-of:rock_08:0x800F1ED8
rock_37	0x800FC210	func_800FC210	dup:aa10f66d5aba88ef042698867b4f0654cb055dd0	31/39	m2c	member-of:rock_08:0x800F21A8
rock_37	0x800FC2AC	func_800FC2AC	dup:722b37682cedc485e8343d3e5e7e2ed195a747b4	29/37	m2c	member-of:rock_08:0x800F2244
rock_37	0x800FC340	func_800FC340	dup:d3e8e7ec2c2bf8ff44522af62788ab8fcbd4278d	19/23	m2c	member-of:rock_08:0x800F22D8
rock_37	0x800FC39C	func_800FC39C	dup:ad992f035af74aec4b8afe07673889e613d96c87	11/17	m2c	member-of:rock_07:0x800ED0F0
rock_37	0x800FC3E0	func_800FC3E0	dup:84c3fa29206d7a5bbfd91b617738c8ec71b1b5a4	27/35	m2c	member-of:rock_08:0x800F2378
rock_37	0x800FC46C	func_800FC46C	dup:5d582968f5ff552aa2c1c6b6300fd781c16b9f29	57/59	m2c	member-of:rock_08:0x800F2404
rock_37	0x800FC558	func_800FC558	dup:9798a13290b7af37ad0dcc428f5fe9ec45f1e807	24/33	m2c	member-of:rock_08:0x800F24F0
rock_37	0x800FC5DC	func_800FC5DC	dup:d3e8e7ec2c2bf8ff44522af62788ab8fcbd4278d	19/23	m2c	member-of:rock_08:0x800F22D8
rock_37	0x800FC638	func_800FC638	dup:75b7724c74a83cbf1a6f31a25d0540c87ba23a21	9/13	m2c	member-of:rock_07:0x800ED0F0
rock_37	0x800FC66C	func_800FC66C	dup:8090bcade55cef5d2ed2b0f6e2aa22e597329c97	18/23	m2c	member-of:rock_08:0x800F2604
rock_37	0x800FC704	func_800FC704	dup:4efb6a0ebb6183fbb4ce35ff3ff37822d7371423	24/27	m2c	member-of:rock_08:0x800F269C
rock_37	0x800FC770	func_800FC770	dup:59b70147a800967954c51ae329ad71addc5f10d8	14/44	m2c	member-of:rock_08:0x800F2708
rock_37	0x800FC820	func_800FC820	dup:d3e8e7ec2c2bf8ff44522af62788ab8fcbd4278d	19/23	m2c	member-of:rock_08:0x800F22D8
rock_37	0x800FC87C	func_800FC87C	dup:9c8777d4ecc2bdedeb4970af706a4b13930f1f27	0/87	m2c	member-of:rock_08:0x800F2814
rock_37	0x800FC9D8	func_800FC9D8	dup:3b0621fb349e9ff043337e09b5f8dd4c64cd702f	8/22	m2c	member-of:rock_00:0x801F3640
rock_37	0x800FCAF0	func_800FCAF0	dup:5ea9a0444699bf14b8813f581f3af0d483657031	1/60	m2c	member-of:rock_08:0x800F2A88
rock_37	0x800FCBE0	func_800FCBE0	dup:8c946c3eb432e589978a50d90fbe8b9b137bfa63	24/43	m2c	member-of:rock_08:0x800F2B78
rock_37	0x800FCC8C	func_800FCC8C	dup:a43684670e8c12840343b107887163848cc99022	14/20	m2c	member-of:rock_00:0x801F3640
rock_37	0x800FCCDC	func_800FCCDC	dup:4dc495187c100def8190d9ce4fc1a479cab38a94	18/26	m2c	member-of:rock_08:0x800F2C74
rock_37	0x800FCD44	func_800FCD44	dup:72f3c03772689b033b039d58b4a281c1ddbbdac6	14/38	m2c	member-of:rock_08:0x800F2CDC
rock_37	0x800FCE20	func_800FCE20	dup:245a7073cefe9cb6cede49dda6daae60c7f6676b	14/22	m2c	member-of:rock_08:0x800F2DB8
rock_37	0x800FCE78	func_800FCE78	dup:680265c19f2bacf4e826b330122ac45f29c0863a	19/61	m2c	member-of:rock_08:0x800F2E10
rock_37	0x800FCF8C	func_800FCF8C	dup:7694d7b4a0e045ff2f8b7428091eaf2bc158746a	28/31	m2c	member-of:rock_08:0x800F2F24
rock_37	0x800FD008	func_800FD008	dup:a51524c2ab22552fdc0fef88999da55c0876e7a8	24/42	m2c	member-of:rock_08:0x800F2FA0
rock_37	0x800FD0B0	func_800FD0B0	dup:d3e8e7ec2c2bf8ff44522af62788ab8fcbd4278d	19/23	m2c	member-of:rock_08:0x800F22D8
rock_37	0x800FD10C	func_800FD10C	dup:53523d8a4f87fdf02d9dece0a8815d0f965f1ecf	13/35	m2c	member-of:rock_08:0x800F1ED8
rock_37	0x800FD198	func_800FD198	dup:61e64f8e1d6941dd1a26a18de40611ae3d9e8be8	27/30	m2c	member-of:rock_08:0x800F3130
rock_37	0x800FD210	func_800FD210	dup:0e2b174ae6d9c3ac9f8086f96c451ef00573553b	32/34	m2c	member-of:rock_08:0x800F31A8
rock_37	0x800FD298	func_800FD298	dup:c48a8a9bcb627a0471da1a2a40a30bc6e7eb5463	29/30	m2c	member-of:rock_08:0x800F3230
rock_37	0x800FD310	func_800FD310	dup:d7798d86256f0afdabaae73146d796ab6b1bcb4c	10/12	m2c	member-of:rock_05:0x800F2B4C
rock_37	0x800FD350	func_800FD350	dup:092b78e20e4a8e3dd6f0100e81da3d0b6b44ca35	8/19	m2c	member-of:SLUS_013.95:0x80046C64
rock_37	0x800FD3BC	func_800FD3BC	dup:c4fc48666e5f2a3fd90202032ff0515c410aaebd	28/35	m2c	member-of:rock_00:0x801EE4DC
rock_37	0x800FD484	func_800FD484	dup:49f8ebfca4ab0b02145b6791a47063d280eaf00f	22/42	m2c	member-of:rock_08:0x800F341C
rock_37	0x800FD568	func_800FD568	dup:3f84ff5a3f5a05d4d1b163cb25214119b9835c05	8/32	m2c	member-of:rock_08:0x800F3500
rock_37	0x800FD624	func_800FD624	dup:148a6cd2debf81405926418e185f483c725d86da	nocompile	m2c	member-of:rock_08:0x800F3678
rock_37	0x800FD6E0	func_800FD6E0	dup:cf40d467c29b398fa29b4e51c526c2bed92daff4	nocompile	m2c	member-of:rock_08:0x800F3678
rock_38	0x800FA070	func_800FA070	dup:8a6074233c973660e346c458e95bcbb49bb9f93a	nocompile	m2c	member-of:rock_09:0x800F0434
rock_38	0x800FA2F0	func_800FA2F0	dup:164417c45c561675c239b11f6cc0b705a94815be	6/151	m2c	member-of:rock_09:0x800F06B4
rock_38	0x800FA54C	func_800FA54C	dup:741f7d5b5164d41d0b8ee06a2e9bdf87d4932320	6/223	m2c	member-of:rock_09:0x800F0910
rock_38	0x800FA8C8	func_800FA8C8	dup:0ff88bdc29174d5b73236a97c620974e05e63958	16/74	m2c	member-of:rock_09:0x800F0C8C
rock_38	0x800FA9F0	func_800FA9F0	dup:57fd48b53546fde6a62191487f11b0923128b2b6	5/73	m2c	member-of:rock_09:0x800F0DB4
rock_38	0x800FAB14	func_800FAB14	dup:0acdd4465f19e1073a534bc9f3aba4e8f0581bb3	2/49	m2c	member-of:rock_09:0x800F0ED8
rock_38	0x800FABD8	func_800FABD8	dup:ff22c06bbba8ac7c61ba5ea31a61233276d292e2	4/50	m2c	member-of:rock_09:0x800F0F9C
rock_38	0x800FACA0	func_800FACA0	dup:851c4a17366ad478b15b6e42510524713d90b502	16/56	m2c	member-of:rock_09:0x800F1064
rock_38	0x800FAD80	func_800FAD80	dup:3015e9f4c092e52b782b272449f1f6266140176e	33/80	m2c	member-of:rock_09:0x800F1284
rock_38	0x800FAEC0	func_800FAEC0	dup:e71523e36ee6e0bb23ca400657931911bac2b402	23/70	m2c	member-of:rock_09:0x800F1284
rock_38	0x800FAFD8	func_800FAFD8	dup:b43c1c586f7c38e67229336eeadacea439c2440f	19/78	m2c	member-of:rock_04:0x800F18C4
rock_38	0x800FB110	func_800FB110	dup:22e311066dc99abc6cc01294a5712ab1d30e9fe8	nocompile	m2c	jtbl-uncarved
rock_38	0x800FB3E8	func_800FB3E8	dup:d67bcee212aab19a676d0a06d6ed72013ed82595	nocompile	m2c	member-of:rock_09:0x800F17AC
rock_38	0x800FB53C	func_800FB53C	family:9f1e38377d05c4ae3c176497dfac6f5569b72ab2	nocompile	m2c	member-of:rock_09:0x800F1900
rock_38	0x800FBDB8	func_800FBDB8	dup:98229f5805bd7ce332dda1939390e84d685b6d92	2/115	m2c	member-of:rock_09:0x800F217C
rock_38	0x800FBF84	func_800FBF84	dup:c09fada305ab6413af564d233facf0fdf039abe1	74/141	m2c	member-of:rock_09:0x800F2348
rock_38	0x800FC1B8	func_800FC1B8	dup:87e28506d6ab829a694986607f9d57c150b385b2	nocompile	m2c	member-of:rock_09:0x800F257C
rock_38	0x800FC3D8	func_800FC3D8	dup:eb2df606157a3fd3e63a74d33a5656890dacaace	nocompile	m2c	member-of:rock_09:0x800F279C
rock_38	0x800FC5A4	func_800FC5A4	dup:b3103fb1ac150d0a515bbb0e9e58a2938142efbd	nocompile	m2c	member-of:rock_09:0x800F2C7C
rock_38	0x800FC758	func_800FC758	dup:1ff5b0a0666bdb9ede19cd387e6623650777adb3	0/88	m2c	member-of:rock_09:0x800F2B1C
rock_38	0x800FC8B8	func_800FC8B8	dup:adccdf825f38c88975ca04da827b5b872d52dfb1	nocompile	m2c	member-of:rock_09:0x800F2C7C
rock_38	0x800FCA5C	func_800FCA5C	dup:fb9361bbbe10d4161f8025d1ca10f8e0f5b9826c	13/24	m2c	member-of:SLUS_013.95:0x80037838
rock_38	0x800FCB98	func_800FCB98	dup:b9d36d334ebdc21e579e4032a1359b7ecbca17fa	36/46	m2c	member-of:rock_09:0x800F2F5C
rock_38	0x800FCC50	func_800FCC50	dup:cecba045557fcb56e814c4e22b6dce447d7e020e	8/57	m2c	member-of:rock_09:0x800F3014
rock_38	0x800FCD34	func_800FCD34	dup:4bc93168e37d0f6482f59a6e3c52de5d8bef6d94	21/25	m2c	member-of:rock_03:0x800F44A4
rock_38	0x800FCD98	func_800FCD98	dup:897008b4777fdcf3097a7a48e934de6573221d2a	7/49	m2c	member-of:rock_09:0x800F315C
rock_38	0x800FCE5C	func_800FCE5C	dup:0f65e9d895aa4ef0c5a30cfd1602f2b2f9743740	29/36	m2c	member-of:rock_09:0x800F3220
rock_38	0x800FCEEC	func_800FCEEC	dup:5f0fe92be6b8db7d08a708813cbe8d81eece1777	44/52	m2c	member-of:rock_09:0x800F32B0
rock_38	0x800FCFBC	func_800FCFBC	dup:69d1a5480d84f493b6318786d71decb181b02c15	17/25	m2c	member-of:SLUS_013.95:0x80037838
rock_38	0x800FD028	func_800FD028	dup:69d1a5480d84f493b6318786d71decb181b02c15	17/25	m2c	member-of:SLUS_013.95:0x80037838
rock_38	0x800FD08C	func_800FD08C	dup:5c2db159f5a34d877299c1078828f1eb9c6abc64	16/18	m2c	member-of:rock_09:0x800F3450
rock_38	0x800FD0D4	func_800FD0D4	dup:c21138e9f6f22e202cbd64fba0f934b855012176	nocompile	m2c	member-of:rock_09:0x800F3498
rock_38	0x800FD1B4	func_800FD1B4	dup:206b0b85105194529112a19e86f2fa7d24bb40d0	2/25	m2c	member-of:rock_09:0x800F3578
rock_38	0x800FD218	func_800FD218	dup:69d1a5480d84f493b6318786d71decb181b02c15	17/25	m2c	member-of:SLUS_013.95:0x80037838
rock_38	0x800FD27C	func_800FD27C	dup:1acc8e6b64ff849a95d4e82966dd281d05a260db	22/27	m2c	member-of:rock_09:0x800F3640
rock_38	0x800FD2E8	func_800FD2E8	dup:b09ac1df7a13fc947693bb2850d4585af0e3e634	25/28	m2c	member-of:rock_09:0x800F3640
rock_38	0x800FD358	func_800FD358	dup:5662956dca302cc35d08f6c0e55fb47149543c67	24/44	m2c	member-of:rock_09:0x800F3DF0
rock_38	0x800FD4AC	func_800FD4AC	dup:48b976d3d6f924427253a0ec3f802a8e4ef2c68e	2/11	m2c	member-of:rock_09:0x800F3870
rock_38	0x800FD5C8	func_800FD5C8	dup:c1ff675b352992a40e4c24171566bf1ca734b5c2	30/34	m2c	member-of:rock_09:0x800F398C
rock_38	0x800FD650	func_800FD650	dup:f5f0fa0583ede70bb53901df4ada7fba695e19d4	16/17	m2c	member-of:rock_09:0x800F3A14
rock_38	0x800FD694	func_800FD694	dup:af1a8f42a01ab5837b367d820524612242384f35	9/36	m2c	member-of:rock_09:0x800F3A58
rock_38	0x800FD724	func_800FD724	dup:8f59e713834915ad0f5e853a827d01bee2a8ef63	5/26	m2c	member-of:rock_09:0x800F3AE8
rock_38	0x800FD7FC	func_800FD7FC	dup:4f9b1e88d3561abbf4b0924f226b7ece6b255f9b	5/33	m2c	member-of:rock_09:0x800F3BC0
rock_38	0x800FD8EC	func_800FD8EC	dup:69d1a5480d84f493b6318786d71decb181b02c15	17/25	m2c	member-of:SLUS_013.95:0x80037838
rock_38	0x800FD950	func_800FD950	dup:e91d1628f6d7b3e28bd8ba86818a599b07af19e3	22/27	m2c	member-of:rock_09:0x800F3640
rock_38	0x800FD9BC	func_800FD9BC	dup:b09ac1df7a13fc947693bb2850d4585af0e3e634	25/28	m2c	member-of:rock_09:0x800F3640
rock_38	0x800FDA2C	func_800FDA2C	dup:98b214f887a15df40d8232eecb5936e8299a2606	24/39	m2c	member-of:rock_09:0x800F3DF0
rock_38	0x800FDB1C	func_800FDB1C	dup:bf7a63ecc9f9d66c3ec5ecc062138773a176c9ef	7/31	m2c	member-of:rock_09:0x800F3EE0
rock_38	0x800FDB98	func_800FDB98	dup:19ca55179aa2ca0b87f72de86827eeb4314bbaa7	32/34	m2c	member-of:rock_09:0x800F398C
rock_38	0x800FDC20	func_800FDC20	dup:8c6140e515ce86d68b7143ac88b34fd300fb8a58	16/17	m2c	member-of:rock_09:0x800F3A14
rock_38	0x800FDC64	func_800FDC64	dup:af1a8f42a01ab5837b367d820524612242384f35	9/36	m2c	member-of:rock_09:0x800F3A58
rock_38	0x800FDCF4	func_800FDCF4	dup:69d1a5480d84f493b6318786d71decb181b02c15	17/25	m2c	member-of:SLUS_013.95:0x80037838
rock_38	0x800FDD58	func_800FDD58	dup:5f496c88f99982d2e00f5f3c17103a98ae2f7d67	22/27	m2c	member-of:rock_09:0x800F3640
rock_38	0x800FDDC4	func_800FDDC4	dup:b09ac1df7a13fc947693bb2850d4585af0e3e634	25/28	m2c	member-of:rock_09:0x800F3640
rock_38	0x800FDE34	func_800FDE34	dup:98b214f887a15df40d8232eecb5936e8299a2606	24/39	m2c	member-of:rock_09:0x800F3DF0
rock_38	0x800FDF24	func_800FDF24	dup:bf7a63ecc9f9d66c3ec5ecc062138773a176c9ef	7/31	m2c	member-of:rock_09:0x800F3EE0
rock_38	0x800FDFA0	func_800FDFA0	dup:19ca55179aa2ca0b87f72de86827eeb4314bbaa7	32/34	m2c	member-of:rock_09:0x800F398C
rock_38	0x800FE028	func_800FE028	dup:8c6140e515ce86d68b7143ac88b34fd300fb8a58	16/17	m2c	member-of:rock_09:0x800F3A14
rock_38	0x800FE06C	func_800FE06C	dup:af1a8f42a01ab5837b367d820524612242384f35	9/36	m2c	member-of:rock_09:0x800F3A58
rock_38	0x800FE0FC	func_800FE0FC	dup:69d1a5480d84f493b6318786d71decb181b02c15	17/25	m2c	member-of:SLUS_013.95:0x80037838
rock_38	0x800FE160	func_800FE160	dup:c83c2587e2e7b77068f4fc2fcbb4c1f9419fc66e	39/39	m2c	plumbing:R5
rock_38	0x800FE1FC	func_800FE1FC	dup:eb4cd5999eddd1245684243d8a79a246393513df	2/14	m2c	member-of:rock_09:0x800F45C0
rock_38	0x800FE268	func_800FE268	dup:8a141eaee8ea42b929a54fca5f517446d973993d	6/24	m2c	member-of:rock_09:0x800F462C
rock_38	0x800FE2C8	func_800FE2C8	dup:aa3f0e8372dbc814bf6e3d0f7e8d1da29d8fa08f	2/25	m2c	member-of:rock_09:0x800F3578
rock_38	0x800FE368	func_800FE368	dup:b532e0b0b619462e669d28714a859287bee75102	23/29	m2c	member-of:rock_09:0x800F472C
rock_38	0x800FE3DC	func_800FE3DC	dup:8e24e12924fcc3a2394f5b9331f0fc03fef6f8fb	10/64	m2c	member-of:rock_22:0x800F8ECC
rock_38	0x800FE4DC	func_800FE4DC	dup:8159f518c1668fb14df175752280e37304a52963	1/58	m2c	member-of:rock_09:0x800F48A0
rock_38	0x800FE604	func_800FE604	dup:afa9425272de1777f2b88374d9593bf9e2ca5b98	2/42	m2c	member-of:rock_09:0x800F49C8
rock_38	0x800FE6CC	func_800FE6CC	dup:e98ec56acea26586012777a5ce19a60ddba90a0b	22/32	m2c	member-of:rock_09:0x800F4A90
rock_38	0x800FE78C	func_800FE78C	dup:e98ec56acea26586012777a5ce19a60ddba90a0b	22/32	m2c	member-of:rock_09:0x800F4A90
rock_39	0x800FA048	func_800FA048	dup:97588ea277818355a52f0ab68a98411f4fae3720	29/261	m2c	member-of:rock_10:0x800F44A0
rock_39	0x800FA45C	func_800FA45C	dup:52fa13cd854a9c60ee42a8b200c1aca99e4d1236	34/112	m2c	member-of:rock_10:0x800F48B4
rock_39	0x800FA61C	func_800FA61C	dup:84c4080a62580d4a23be4eba8e1b1d316966a824	16/74	m2c	member-of:rock_04:0x800F18C4
rock_39	0x800FA744	func_800FA744	dup:72263ba49e7df41cba44e23fdc5c1c7ad6277c72	nocompile	m2c	member-of:rock_10:0x800F4B9C
rock_39	0x800FA924	func_800FA924	dup:7f25245455a49bc3246abee46a9d6628a7405515	0/136	m2c	member-of:rock_10:0x800F6D58
rock_39	0x800FAB44	func_800FAB44	dup:199a4f850c24af9a196468ee5cfa40e861f1b7f5	1/65	m2c	member-of:rock_10:0x800F815C
rock_39	0x800FAC48	func_800FAC48	dup:563e672e4694a97a29270213cbd63085cdfac890	46/90	m2c	member-of:rock_10:0x800F50A0
rock_39	0x800FADB0	func_800FADB0	dup:f6ec670453d60f74a976832db3dc1e0fbf06404e	0/92	m2c	member-of:rock_10:0x800F5208
rock_39	0x800FAF20	func_800FAF20	dup:5be6c58518e70409f32d6eb1f1ec869b1f626a06	35/138	m2c	member-of:rock_10:0x800F5378
rock_39	0x800FB148	func_800FB148	dup:e8e345e23f1f5fa48bbe22812212182eb73b731d	5/184	m2c	member-of:rock_10:0x800F55A0
rock_39	0x800FB428	func_800FB428	dup:7722d46bf9fb68d2589e687471648c1e38793bd0	4/68	m2c	member-of:rock_10:0x800F5880
rock_39	0x800FB538	func_800FB538	dup:2d049da9797efc3a7007a73009aebc9992111026	33/88	m2c	member-of:rock_10:0x800F5990
rock_39	0x800FB698	func_800FB698	dup:1cba6bf67df7049083004d7ab77d7f23a45c9313	nocompile	m2c	member-of:rock_10:0x800F5AF0
rock_39	0x800FB900	func_800FB900	dup:172542687d861e16b4c33c3647016479d662c787	28/107	m2c	member-of:rock_10:0x800F5D58
rock_39	0x800FBAAC	func_800FBAAC	dup:37e01961c0d04fc3fb21fedf0018bbfbfafabd60	nocompile	m2c	jtbl-uncarved
rock_39	0x800FBC54	func_800FBC54	dup:c1cb31e62a773259d257dd7751087404fe877b66	16/246	m2c	member-of:rock_10:0x800F60AC
rock_39	0x800FC02C	func_800FC02C	dup:950ba5b174e8745f5a5250dfd4a864a588190d30	54/86	m2c	member-of:rock_10:0x800F6484
rock_39	0x800FC184	func_800FC184	dup:1cec98118457edf08a78ac7d8e23ec3144f7d0f5	45/110	m2c	member-of:rock_10:0x800F65DC
rock_39	0x800FC33C	func_800FC33C	dup:f9c54356f78e43f9b320aa1c7a23d69ec51c21c5	19/121	m2c	member-of:rock_10:0x800F65DC
rock_39	0x800FC520	func_800FC520	dup:0d58335026ae51ea6a5ab6025acd91d73e86ee23	19/121	m2c	member-of:rock_10:0x800F65DC
rock_39	0x800FC704	func_800FC704	dup:43bc122cc2f4b4a828f17fc513e4b8fa8287adf3	nocompile	m2c	member-of:rock_10:0x800F6B5C
rock_39	0x800FC900	func_800FC900	dup:c8f5f70846af2729615fead8042f0bc2012527ae	0/123	m2c	member-of:rock_10:0x800F6D58
rock_39	0x800FCAEC	func_800FCAEC	dup:4d5520326376eb747918c44bcbfd2fc49169705c	nocompile	m2c	member-of:rock_10:0x800F6F44
rock_39	0x800FCD9C	func_800FCD9C	dup:c70e4e5fdf5812d22af9eb590ab63533537042bb	nocompile	m2c	member-of:rock_10:0x800F71F4
rock_39	0x800FD080	func_800FD080	dup:a659cc884f6dccb486b34a185518324740526461	nocompile	m2c	member-of:rock_10:0x800F74D8
rock_39	0x800FD204	func_800FD204	dup:a22064f4c036ce41e5bf291376f7af4b6d1075a0	nocompile	m2c	member-of:rock_10:0x800F765C
rock_39	0x800FD348	func_800FD348	dup:0c66bad6a963a2ad402de737408898126955195b	6/67	m2c	member-of:SLUS_013.95:0x8002C5F0
rock_39	0x800FD454	func_800FD454	dup:30c45e447db495a80b4635779f6b5f1b062fde31	11/32	m2c	member-of:rock_10:0x800F78AC
rock_39	0x800FD510	func_800FD510	dup:e205845ae4100b1596ef5a1b36d1ed46d2fbaf8d	33/35	m2c	member-of:rock_04:0x800F2F24
rock_39	0x800FD59C	func_800FD59C	dup:f2023113f31242d5558bca99b4cfb9fd7ad95758	7/61	m2c	member-of:rock_22:0x800F8ECC
rock_39	0x800FD690	func_800FD690	dup:758776151e1d5a227eca9fbe778db13ec1234194	nocompile	m2c	member-of:rock_10:0x800F7AE8
rock_39	0x800FD798	func_800FD798	dup:6986d0f29d39e01388ce642f9508873d79c2b328	12/57	m2c	member-of:rock_10:0x800F7BF0
rock_39	0x800FD974	func_800FD974	dup:2d9ff180d94517ff68ba7fd4643c55d83010b4c6	18/22	m2c	member-of:rock_10:0x800F7DCC
rock_39	0x800FD9CC	func_800FD9CC	dup:23697b2f92ce09dd095b0513dad44fd5f2e891cc	0/55	m2c	member-of:rock_10:0x800F815C
rock_39	0x800FDAA8	func_800FDAA8	dup:f9ccb639b09fa2658a9464ced0f36a378cd1cca0	15/28	m2c	member-of:rock_07:0x800F61D4
rock_39	0x800FDB18	func_800FDB18	dup:7e7278b0454105f6c6c471dbc551350169267d23	31/35	m2c	member-of:rock_10:0x800F7F70
rock_39	0x800FDBA4	func_800FDBA4	dup:cf6aa5893b27aa1afc8b231e2c14e87e7f653a4a	0/54	m2c	member-of:rock_10:0x800F7FFC
rock_39	0x800FDCB8	func_800FDCB8	dup:85e48ca449499ddb186ee14dbf56d955deb2aa65	16/19	m2c	member-of:rock_07:0x800ED0F0
rock_39	0x800FDD04	func_800FDD04	dup:08f6a439c31522b34261c1f91839ce097783459f	5/48	m2c	member-of:rock_10:0x800F815C
rock_39	0x800FDDC4	func_800FDDC4	dup:5661146aad639275aa9d622b27b40d6d5dce605b	13/23	m2c	member-of:rock_07:0x800F61D4
rock_39	0x800FDE20	func_800FDE20	dup:334b274945dfc26a4ff4d2d1a11d3dc1cac5753b	nocompile	m2c	member-of:rock_10:0x800F8278
rock_39	0x800FDF70	func_800FDF70	dup:000acfe3041b923cb74d14e69c7b02ed2795dff7	11/15	m2c	member-of:rock_07:0x800ED0F0
rock_39	0x800FDFAC	func_800FDFAC	dup:1faeb204e8f7d48143f2a164b94f018d55053504	14/24	m2c	member-of:rock_07:0x800F61D4
rock_39	0x800FE00C	func_800FE00C	dup:14e1ff50347831f910ca8953eab11c5b7d4e224b	5/42	m2c	member-of:rock_10:0x800F8464
rock_39	0x800FE0B4	func_800FE0B4	dup:0770a7dd2c5d4123cf72dbb32983863a11e5b7e5	5/45	m2c	member-of:rock_10:0x800F8464
rock_39	0x800FE168	func_800FE168	dup:9163cb66b4b578022e3897a24304e10d19551ae7	24/27	m2c	member-of:rock_10:0x800F85C0
rock_39	0x800FE1D4	func_800FE1D4	dup:a3514b4ffed5d7675236a32e2485d7a711144757	15/51	m2c	member-of:rock_10:0x800F862C
rock_39	0x800FE2A0	func_800FE2A0	dup:55d88a2ab80f3ca568a44a4ea0340f16147eae2f	6/39	m2c	member-of:rock_10:0x800F86F8
rock_39	0x800FE33C	func_800FE33C	dup:a4292f351f661736d864848c1e2f8f349253e312	5/45	m2c	member-of:rock_10:0x800F8794
rock_39	0x800FE3F0	func_800FE3F0	dup:bb36b58ffc303cf908dd7d26af6be80d3f0b34b6	5/15	m2c	member-of:SLUS_013.95:0x80042214
rock_39	0x800FE468	func_800FE468	dup:000acfe3041b923cb74d14e69c7b02ed2795dff7	11/15	m2c	member-of:rock_07:0x800ED0F0
rock_39	0x800FE4A4	func_800FE4A4	dup:ace433e153da5f90ab1b52fe1fd0792282363274	0/48	m2c	member-of:rock_10:0x800F815C
rock_39	0x800FE564	func_800FE564	dup:3bc5c0d2770fc50c5374e1f84e718b146c162746	20/29	m2c	member-of:rock_10:0x800F89BC
rock_39	0x800FE5D8	func_800FE5D8	dup:16b9ed2a22cfb06e1d29e95605b4922915f3ee9c	6/59	m2c	member-of:rock_10:0x800F8A30
rock_39	0x800FE720	func_800FE720	dup:000acfe3041b923cb74d14e69c7b02ed2795dff7	11/15	m2c	member-of:rock_07:0x800ED0F0
rock_39	0x800FE75C	func_800FE75C	dup:ace433e153da5f90ab1b52fe1fd0792282363274	0/48	m2c	member-of:rock_10:0x800F815C
rock_39	0x800FE81C	func_800FE81C	dup:2007563592fa103be68ad3eb2b9eca6e520915ef	15/27	m2c	member-of:rock_07:0x800F61D4
rock_39	0x800FE888	func_800FE888	dup:adcd41cd153daa81c926c689bea995ca55fe1397	8/27	m2c	member-of:rock_00:0x801F3640
rock_39	0x800FE8F4	func_800FE8F4	dup:285e81d46ab0280724d66f69a3b5925f63092143	7/24	m2c	member-of:rock_00:0x801F3640
rock_39	0x800FE954	func_800FE954	dup:2762806e59a0cb49f1c7e14ec1eb1677ed2fbaca	9/65	m2c	member-of:rock_10:0x800F8DAC
rock_39	0x800FEA58	func_800FEA58	dup:01eb4cc1cef2550c44d9663014a76822adea5bf9	6/44	m2c	member-of:rock_10:0x800F8464
rock_39	0x800FEB08	func_800FEB08	dup:a0c3d0ff38e1c4b4f9fc877948364406c42aba04	23/28	m2c	member-of:rock_10:0x800F8F60
rock_39	0x800FEB78	func_800FEB78	dup:ec4858a1742b1ee1bbb89658bf17a940e44b3903	24/27	m2c	member-of:rock_00:0x801F3640
rock_39	0x800FEBE4	func_800FEBE4	dup:bb36b58ffc303cf908dd7d26af6be80d3f0b34b6	5/15	m2c	member-of:SLUS_013.95:0x80042214
rock_39	0x800FECB0	func_800FECB0	dup:000acfe3041b923cb74d14e69c7b02ed2795dff7	11/15	m2c	member-of:rock_07:0x800ED0F0
rock_39	0x800FECEC	func_800FECEC	dup:b046e901603765044903ad91767d667c809ddd01	0/48	m2c	member-of:rock_10:0x800F815C
rock_39	0x800FEDAC	func_800FEDAC	dup:161d5a39508284f7f3f797bf961bd03d39169e2c	16/28	m2c	member-of:rock_07:0x800F61D4
rock_39	0x800FEE1C	func_800FEE1C	dup:ef210a1632b59c2f9fc96a49cdc2dfcd9d931a1c	4/63	m2c	member-of:rock_10:0x800F9274
rock_39	0x800FEF18	func_800FEF18	dup:3a385b05321816333feeebaa7c5ce201f0a274dc	7/21	m2c	member-of:rock_00:0x801F3640
rock_39	0x800FEF6C	func_800FEF6C	dup:779503af3be033f9f0a76a788233f0a5363f8cf9	4/26	m2c	member-of:rock_10:0x800F93C4
rock_39	0x800FF06C	func_800FF06C	dup:5c50c8e12b5da218e0b3c77b8c27f45c70964019	1/38	m2c	member-of:rock_10:0x800F94C4
rock_39	0x800FF104	func_800FF104	dup:52439b316f1a4f488271bb8cbd7363fa29a02334	24/28	m2c	member-of:rock_10:0x800F955C
rock_39	0x800FF174	func_800FF174	dup:a6d64ea34a78cca2feff402dee006d8a60346b3e	14/18	m2c	member-of:rock_00:0x801F3640
rock_39	0x800FF1BC	func_800FF1BC	dup:3be21063dbd28b9a81bae33f1562d1fe1b264a3c	17/21	m2c	member-of:rock_00:0x801F3640
rock_39	0x800FF210	func_800FF210	dup:a9e88097390bade5436440c9a4549f789f1db7ad	16/29	m2c	member-of:rock_15:0x800EEBF0
rock_39	0x800FF284	func_800FF284	dup:716628be7feb596bc6b3e0a88558c69c7e12730f	14/17	m2c	member-of:rock_07:0x800ED0F0
rock_39	0x800FF304	func_800FF304	dup:0b23fac036028add9e8e14f1209c4d6fcb89fab6	15/33	m2c	member-of:rock_07:0x800EBA04
rock_39	0x800FF3F0	func_800FF3F0	dup:499330a5f7fd9b80eff13d3282b0e42acc7eeec5	47/49	m2c	member-of:rock_10:0x800F9848
rock_39	0x800FF4B4	func_800FF4B4	dup:5625f916d36d6a8363bc78c7e055f119eacc414f	45/47	m2c	member-of:rock_10:0x800F990C
rock_39	0x800FF570	func_800FF570	dup:e5ad3ff6eeb8adec5a32a2bc9d9b0222f90c267c	3/13	m2c	member-of:SLUS_013.95:0x80041FB0
rock_39	0x800FF5C4	func_800FF5C4	dup:3f3a6660027a8405ea862b81a5c48e628cb9a5aa	24/25	m2c	member-of:rock_07:0x800F61D4
rock_39	0x800FF628	func_800FF628	dup:53d6b7495c9f92df86af28314c43110fbc6e6bee	16/23	m2c	member-of:rock_10:0x800F9A80
rock_39	0x800FF74C	func_800FF74C	dup:1a5f547a3bfd8640a2ccdf7ca3e48014bc1a23dc	11/59	m2c	member-of:rock_10:0x800F9BA4
rock_39	0x800FF86C	func_800FF86C	dup:9726312e4b016815da85b115f08ca00076321530	5/21	m2c	member-of:rock_10:0x800F9CC4
rock_39	0x800FF8C0	func_800FF8C0	dup:00ee22c977fc6bf255f18114f4b9351ef47ea851	2/12	m2c	member-of:rock_10:0x800F9D18
rock_39	0x800FF8F0	func_800FF8F0	dup:ef610eb2a92aa4a67aa1269787c0d3724ee3ef8b	21/24	m2c	member-of:rock_10:0x800F9D48
rock_39	0x800FF950	func_800FF950	dup:7137e5a091c8bb97ecfa280d380282760a9c5180	11/23	m2c	member-of:rock_10:0x800F9DA8
rock_39	0x800FF9AC	func_800FF9AC	dup:d7798d86256f0afdabaae73146d796ab6b1bcb4c	10/12	m2c	member-of:rock_05:0x800F2B4C
rock_39	0x800FF9E4	func_800FF9E4	dup:70707bdcc3a4b9ece5b318598f62a79c58cce797	26/42	m2c	member-of:rock_07:0x800ECC44
rock_39	0x800FFA8C	func_800FFA8C	dup:984bf53f24640da0f333908fe2e3ac96e609c4c9	31/48	m2c	member-of:rock_07:0x800ECC44
rock_39	0x800FFB4C	func_800FFB4C	dup:29937f083c11622ab04f65b2d408eaa4fdd0567a	15/16	m2c	member-of:rock_04:0x800F54B8
rock_39	0x800FFB8C	func_800FFB8C	dup:092b78e20e4a8e3dd6f0100e81da3d0b6b44ca35	8/19	m2c	member-of:SLUS_013.95:0x80046C64
rock_39	0x800FFCD0	func_800FFCD0	dup:ba5fe4c46d849ed32209d8ba7e5853dd9cb6a0e6	18/35	m2c	member-of:rock_10:0x800FA128
rock_39	0x800FFD5C	func_800FFD5C	dup:b8c942ae1c2581918bd8ff328d5a58f9f53bed9a	28/31	m2c	member-of:rock_10:0x800FA1B4
rock_39	0x800FFDD8	func_800FFDD8	dup:f423e4ebba57bd829afb8dc10f4019e49de81501	20/32	m2c	member-of:rock_10:0x800FA230
rock_39	0x800FFE58	func_800FFE58	dup:2d6f6e7db7a1141bd2841f35eb4cf253ab7f5efb	22/36	m2c	member-of:rock_10:0x800FA2B0
rock_39	0x800FFF24	func_800FFF24	dup:627f8cb42c89ef773b51c237836452dd2b5731b1	4/22	m2c	member-of:rock_10:0x800FA37C
rock_39	0x80100010	func_80100010	dup:b182774bc13d1b6702a1a67821f249f086308f39	nocompile	m2c	member-of:rock_10:0x800FA468
rock_39	0x801000E0	func_801000E0	dup:83557e49c5dfbdf6624a2d3737eb8da5186921ce	3/33	m2c	member-of:rock_10:0x800FA538
rock_39	0x80100164	func_80100164	dup:60e929784173bc85112520174d3af2109ee32b1d	22/24	m2c	member-of:rock_00:0x801EE4DC
rock_39	0x801001EC	func_801001EC	dup:b76d77e326b239d1132e09d1859ffd487dd3823b	nocompile	m2c	member-of:rock_10:0x800FA644
rock_39	0x801002B8	func_801002B8	dup:2813ef5e08286c12f1049952a29f63ee26d03f9a	25/34	m2c	member-of:rock_15:0x800EFA98
rock_39	0x80100360	func_80100360	dup:702fd47959d84f902e9d71281e3a120d09008a91	3/25	m2c	member-of:rock_10:0x800FA7B8
rock_39	0x801003C4	func_801003C4	dup:9913c7aa754ac25bb8ad11c4e518a00f65637358	6/32	m2c	member-of:rock_10:0x800FA81C
rock_40	0x800FA15C	func_800FA15C	unique	0/124	m2c	member-of:rock_11:0x800F5C34
rock_40	0x800FA34C	func_800FA34C	dup:c3f2ae6694813eb3977aedd168b5831067c5d9b2	nocompile	m2c	member-of:rock_11:0x800F5E20
rock_40	0x800FA638	func_800FA638	dup:012fc47ba59916eb54208b7bc4f77481ff9a42dd	nocompile	m2c	member-of:rock_11:0x800F610C
rock_40	0x800FA7C4	func_800FA7C4	dup:01b0685a11e4da22f1e751c6c394d9b46fa0fd41	15/77	m2c	member-of:rock_04:0x800F18C4
rock_40	0x800FA8F8	func_800FA8F8	dup:852792bb7d5c7e7b6d727cab8ee1acf8bf3230c4	8/73	m2c	member-of:rock_11:0x800F63CC
rock_40	0x800FAA1C	func_800FAA1C	dup:f6f9d61cd69abb0ef9b3ebe2688d241e57811526	4/58	m2c	member-of:rock_11:0x800F64F0
rock_40	0x800FAB04	func_800FAB04	dup:7866c6c49e459aec5b696f99a20a4c6692929dfe	39/64	m2c	member-of:rock_11:0x800F65D8
rock_40	0x800FAC04	func_800FAC04	dup:5b80318ec46a2db63750e0aec3621c74bb8140e2	10/68	m2c	member-of:rock_11:0x800F66D8
rock_40	0x800FAD14	func_800FAD14	dup:f035adba1dc327ddc8ef06469d1d0775b1b3d6e7	0/108	m2c	member-of:rock_11:0x800F67E8
rock_40	0x800FAEC4	func_800FAEC4	dup:483e39eecde738a9e61dabfb846919d1da3c6faf	nocompile	m2c	member-of:rock_11:0x800F6998
rock_40	0x800FB088	func_800FB088	dup:908abfacf21fd4e2eb436db150118a69b1c7eacd	9/85	m2c	member-of:rock_11:0x800F6B5C
rock_40	0x800FB1DC	func_800FB1DC	dup:2d1f2a4f5f97e4f334438b7ce953e333cc1f63fd	23/103	m2c	member-of:rock_11:0x800F6CB0
rock_40	0x800FB378	func_800FB378	dup:de18315bd843d5fa39d3338155311bec6b7eb807	nocompile	m2c	member-of:rock_11:0x800F6E4C
rock_40	0x800FB5E4	func_800FB5E4	dup:018e5a46d1f22fc51ca32dc229a7f4d0cc2619d0	8/115	m2c	member-of:rock_11:0x800F70B8
rock_40	0x800FB7B0	func_800FB7B0	dup:acb964841550058025d77b2eb95c60ded5ba02eb	54/75	m2c	member-of:rock_11:0x800F7284
rock_40	0x800FB8DC	func_800FB8DC	dup:a8c70a6530d6eb285259776b3d273b7074872a26	nocompile	m2c	member-of:rock_11:0x800F73B0
rock_40	0x800FBA78	func_800FBA78	dup:94f149b57a06e85ce5c7aec19f14344ca6bf6442	nocompile	m2c	member-of:rock_11:0x800F754C
rock_40	0x800FBB9C	func_800FBB9C	dup:0c576bef5f52eaa3e4e0a6607452d8275f21c5a4	6/78	m2c	member-of:rock_11:0x800F7670
rock_40	0x800FBCD4	func_800FBCD4	dup:fefea9e9752ffff0fbfd44f38a541c97466c0e8f	13/138	m2c	member-of:rock_11:0x800F77A8
rock_40	0x800FBEFC	func_800FBEFC	dup:8ddb7c9358545622796f13dc185260d62d066365	11/133	m2c	member-of:rock_11:0x800F79D0
rock_40	0x800FC110	func_800FC110	dup:bdb806f46a593e9cf25eb19bbd65ec6425a7bf92	0/149	m2c	member-of:rock_11:0x800F7BE4
rock_40	0x800FC364	func_800FC364	dup:81c3af2558cfad23d345a4423a569b77539e9c45	14/28	m2c	member-of:SLUS_013.95:0x80037838
rock_40	0x800FC410	func_800FC410	dup:fca4f12df478a5759d3b5af8dd129991665df6c8	33/35	m2c	member-of:rock_04:0x800F2F24
rock_40	0x800FC49C	func_800FC49C	dup:c91e0fcf6247036a475eebe576b764069e5528d9	7/61	m2c	member-of:rock_22:0x800F8ECC
rock_40	0x800FC590	func_800FC590	dup:9f11778b9920b7f0713601dd0fae5fdea7d90026	42/51	m2c	member-of:rock_04:0x800F31A4
rock_40	0x800FC65C	func_800FC65C	dup:c497d52c865a680565a0bab886887000e61e9cf4	30/50	m2c	member-of:rock_11:0x800F8130
rock_40	0x800FC724	func_800FC724	dup:3a258cb4d8393770cf6b5e5c865c89631ea1c4c6	1/45	m2c	member-of:rock_11:0x800F81F8
rock_40	0x800FC7D8	func_800FC7D8	dup:a8600db09d8b16f4d8c3fa97367bc4de0dd3bef5	0/49	m2c	member-of:rock_11:0x800F82AC
rock_40	0x800FC8BC	func_800FC8BC	dup:ffca48358d3b0128d8b0344819c6563ed0d5345c	40/49	m2c	member-of:rock_11:0x800F8390
rock_40	0x800FC9D4	func_800FC9D4	dup:acc489ca6f5a2b1dd339ef8d398aae79a20a5957	6/49	m2c	member-of:rock_11:0x800F84A8
rock_40	0x800FCA98	func_800FCA98	dup:55abe2a2bde41322732963421d4476f7e95e42c8	28/51	m2c	member-of:rock_11:0x800F856C
rock_40	0x800FCC04	func_800FCC04	dup:2d57018088e96b47277452528cc973e8ebd770e0	0/40	m2c	member-of:rock_11:0x800F86D8
rock_40	0x800FCD00	func_800FCD00	dup:3c7a65372c2e9138a0ac339d93a80c1573b8c160	nocompile	m2c	member-of:rock_11:0x800F87D4
rock_40	0x800FCDC0	func_800FCDC0	dup:95256e47ea293c06c8d53c90e5d22e8d237afdaa	0/66	m2c	member-of:rock_11:0x800F8894
rock_40	0x800FCF14	func_800FCF14	dup:37ff17753cc9cb6af0bae35bd3692a16a6ad2ad7	9/16	m2c	member-of:rock_11:0x800F89E8
rock_40	0x800FCF54	func_800FCF54	dup:b04d4963121be995c319285aab64cc53c07ca617	16/21	m2c	member-of:SLUS_013.95:0x8004260C
rock_40	0x800FCFA8	func_800FCFA8	dup:0cbc5c5746226e39f761dd90ee0c46f71b6d4dbc	11/29	m2c	member-of:rock_11:0x800F8A7C
rock_40	0x800FD01C	func_800FD01C	dup:823408d70d38f1b1c5d0477c350616dccfac12c7	20/21	m2c	member-of:rock_11:0x800F8AF0
rock_40	0x800FD070	func_800FD070	dup:cf8d6059eee27028d65593b1ee7a5d9d5d49cdf1	25/31	m2c	member-of:rock_15:0x800F3E78
rock_40	0x800FD0EC	func_800FD0EC	dup:ed8e1a0a618dc234227e05800860104af3f100e6	0/49	m2c	member-of:rock_11:0x800F8BC0
rock_40	0x800FD1D0	func_800FD1D0	dup:ff8e03923174e468f1f17b32a4dca4cfbf810ec5	1/13	m2c	member-of:rock_11:0x800F8CA4
rock_40	0x800FD240	func_800FD240	dup:36464eecc390c2ee74ce9a76e824516d03c047d8	18/27	m2c	member-of:rock_11:0x800F8D14
rock_40	0x800FD2F8	func_800FD2F8	dup:f682538b106ae5eb485e8b273031f07b90a8ce6c	17/18	m2c	member-of:rock_11:0x800F8DCC
rock_40	0x800FD340	func_800FD340	dup:8044d53847ec6383467c6d1a7bc3462566275d7c	12/15	m2c	member-of:rock_07:0x800ED0F0
rock_40	0x800FD37C	func_800FD37C	dup:fc117e6bce6ebb929f492a49a821f9da9f3a5d35	32/74	m2c	member-of:rock_11:0x800F9184
rock_40	0x800FD4E0	func_800FD4E0	dup:bfed3e8283a118d96a435002bae5c0150daefe8c	9/22	m2c	member-of:rock_11:0x800F8FB4
rock_40	0x800FD538	func_800FD538	dup:c7b9834d0ac1b3499ed51cc524fa19d42f52e11e	12/37	m2c	member-of:rock_11:0x800F900C
rock_40	0x800FD5CC	func_800FD5CC	dup:67961d44fe46094c1460e050a613ceaa65f89011	14/42	m2c	member-of:rock_11:0x800F90A0
rock_40	0x800FD674	func_800FD674	dup:8044d53847ec6383467c6d1a7bc3462566275d7c	12/15	m2c	member-of:rock_07:0x800ED0F0
rock_40	0x800FD6B0	func_800FD6B0	dup:4e188ad9a660bad7d6ca9f40a1636154edc81e7b	31/71	m2c	member-of:rock_11:0x800F9184
rock_40	0x800FD808	func_800FD808	dup:2ea32c0f5de4bf7c7bae400b75fd34afd7fad6da	22/25	m2c	member-of:rock_11:0x800F92DC
rock_40	0x800FD86C	func_800FD86C	dup:5e4629659cb996eb796dac5d31475a36c5881a29	7/83	m2c	member-of:rock_11:0x800F9340
rock_40	0x800FD9B8	func_800FD9B8	dup:1df31c10062bd3a8dd5aad3a473da261a52c1170	0/5	m2c	member-of:rock_11:0x800F948C
rock_40	0x800FDA08	func_800FDA08	dup:6d321da5b287e5792e06fbc57679fa5d6cce3fc7	17/18	m2c	member-of:rock_11:0x800F94DC
rock_40	0x800FDA50	func_800FDA50	dup:bda21b6bffdc39baafb04cb355a06184a86b8ca5	14/25	m2c	member-of:rock_11:0x800F9524
rock_40	0x800FDAF0	func_800FDAF0	dup:3786f80c4a518a3f963c03d5fae355608128f62e	4/71	m2c	member-of:rock_11:0x800F95C4
rock_40	0x800FDC0C	func_800FDC0C	dup:798fed293923eac56c8cca8e9fa32fdeb17ad4b8	35/40	m2c	member-of:rock_11:0x800F96E0
rock_40	0x800FDCAC	func_800FDCAC	dup:ee482d22ecf8e4b24227c30e755ac380baa6c104	12/15	m2c	member-of:SLUS_013.95:0x80042214
rock_40	0x800FDCE8	func_800FDCE8	dup:9b9dc548fdb174df27214e7ba375ccf8db4cab52	2/42	m2c	member-of:rock_11:0x800F97BC
rock_40	0x800FDDCC	func_800FDDCC	dup:5881a09697a89e06601af07d17fe06fbf9d12db4	9/16	m2c	member-of:rock_07:0x800ED0F0
rock_40	0x800FDF0C	func_800FDF0C	dup:eccaec5d4674009808c7c01f9d583bc6dca1b1c8	1/40	m2c	member-of:rock_10:0x800F94C4
rock_40	0x800FDFAC	func_800FDFAC	dup:3352576564ef0d47df2da4bde1777790e2176a9a	9/41	m2c	member-of:rock_11:0x800F9A80
rock_40	0x800FE050	func_800FE050	dup:a869c3da019a4267e5f195c4182f9585751aef21	18/23	m2c	member-of:rock_11:0x800F9B24
rock_40	0x800FE0AC	func_800FE0AC	dup:716628be7feb596bc6b3e0a88558c69c7e12730f	14/17	m2c	member-of:rock_07:0x800ED0F0
rock_40	0x800FE12C	func_800FE12C	dup:0b23fac036028add9e8e14f1209c4d6fcb89fab6	15/33	m2c	member-of:rock_07:0x800EBA04
rock_40	0x800FE218	func_800FE218	dup:7e023897ae9cd3dd33430905c7543991ccb5299a	35/40	m2c	member-of:rock_11:0x800F96E0
rock_40	0x800FE2B8	func_800FE2B8	dup:ee482d22ecf8e4b24227c30e755ac380baa6c104	12/15	m2c	member-of:SLUS_013.95:0x80042214
rock_40	0x800FE2FC	func_800FE2FC	dup:86b1b72013a8c5fd8ce382c51ef1e98112dba0e3	2/12	m2c	member-of:rock_11:0x800F9DD0
rock_40	0x800FE32C	func_800FE32C	dup:56759a84aa74047a699ab500551a70f187e39877	25/45	m2c	member-of:rock_07:0x800ECC44
rock_40	0x800FE3E0	func_800FE3E0	dup:c96929acf3bf731e7ea9467a4b0638d0d61b821f	3/50	m2c	member-of:rock_07:0x800ECC44
rock_40	0x800FE4A8	func_800FE4A8	dup:4a7a7cb7998b4cef164d17c21bc575d7350228d8	0/60	m2c	member-of:rock_15:0x800EF164
rock_40	0x800FE598	func_800FE598	dup:e677740e0e0bd6fe51e83429ac7e9176fe97e727	10/57	m2c	member-of:rock_07:0x800ECCD8
rock_40	0x800FE67C	func_800FE67C	dup:e677740e0e0bd6fe51e83429ac7e9176fe97e727	10/57	m2c	member-of:rock_07:0x800ECCD8
rock_40	0x800FE760	func_800FE760	dup:ef6f3b86b1469953787217ec4473e3e67d4177d1	2/58	m2c	member-of:rock_07:0x800ECCD8
rock_40	0x800FE848	func_800FE848	dup:0a93377417fdf270a0123c1bed6597d886df874e	34/63	m2c	member-of:rock_11:0x800FA31C
rock_40	0x800FE944	func_800FE944	dup:492cf56edcf77452f6bf430fa15b1720634c8a69	35/44	m2c	member-of:rock_11:0x800FA418
rock_40	0x800FE9F4	func_800FE9F4	dup:3d82c3af21bbb95d722f3fba2cb6c1f7823838ca	10/12	m2c	member-of:SLUS_013.95:0x80042C18
rock_40	0x800FEA24	func_800FEA24	dup:71d90cce56464a700b65674bff07bb0489ddcd7f	9/35	m2c	member-of:rock_11:0x800FA4F8
rock_40	0x800FEAB0	func_800FEAB0	dup:3d0cc20e341db207cc6fadab6c1a9f8a1675fdf8	13/43	m2c	member-of:rock_11:0x800FA584
rock_40	0x800FEB5C	func_800FEB5C	dup:19b48d6d2a2a7e27d3b2a2f518440829c0c9b90f	9/13	m2c	member-of:rock_11:0x800FA630
rock_40	0x800FEB90	func_800FEB90	dup:bd28bfbc96f47e09f8d30a0c944b16b24b800f05	6/50	m2c	member-of:rock_11:0x800FA664
rock_40	0x800FEC58	func_800FEC58	dup:29937f083c11622ab04f65b2d408eaa4fdd0567a	15/16	m2c	member-of:rock_04:0x800F54B8
rock_40	0x800FEC98	func_800FEC98	dup:0b4e5bb5ed3e853e4e2b049d152574c5f82bc74a	15/29	m2c	member-of:SLUS_013.95:0x80037838
rock_40	0x800FED94	func_800FED94	dup:beea2a2c7f120c227e0ca883c3f73d7a6a941326	0/29	m2c	member-of:rock_11:0x800FA868
rock_40	0x800FEE08	func_800FEE08	dup:11097a76a55c13145eba5b83ef50d72df29684cd	17/58	m2c	member-of:rock_11:0x800FA8DC
rock_40	0x800FEF4C	func_800FEF4C	dup:2b79df794b419ad143f3f9134fc7238c926af015	1/30	m2c	member-of:rock_11:0x800FAA20
rock_40	0x800FEFC4	func_800FEFC4	dup:449def530045f3f8ad13cec9f74ae1f46bcbb99c	19/25	m2c	member-of:rock_11:0x800FAA98
rock_40	0x800FF0CC	func_800FF0CC	dup:1fe7d7901dbfa0d89fe55e1f8d8165da9d0befc4	15/22	m2c	member-of:rock_11:0x800FABA0
rock_40	0x800FF17C	func_800FF17C	dup:76cd28618aaae708afb86f1d318a9c97f6b8c127	5/34	m2c	member-of:rock_07:0x800F765C
rock_40	0x800FF224	func_800FF224	dup:eeeffea6e6daaeb1e97cc35a77ecbaa1e14cb28b	29/38	m2c	member-of:rock_15:0x800EFA98
rock_40	0x800FF2DC	func_800FF2DC	dup:c80b8461057e1ed63c81148b433c90dce991ce1c	3/33	m2c	member-of:rock_11:0x800FADB0
rock_40	0x800FF360	func_800FF360	dup:8f01acd482c939773cc12d43ae3a47ed9269eac6	nocompile	m2c	member-of:rock_11:0x800FAE34
rock_40	0x800FF54C	func_800FF54C	dup:ec0ef8323b363caa5ce56428146c7e6c9e8d5d44	14/18	m2c	member-of:rock_10:0x800EC970
rock_40	0x800FF594	func_800FF594	dup:63eacb0d09b362781956251c312d92b83e2834e2	29/53	m2c	member-of:rock_07:0x800ECC44
rock_43	0x800FA054	func_800FA054	unique	nocompile	m2c	undrawn
rock_43	0x800FA2F4	func_800FA2F4	unique	9/142	m2c	undrawn
rock_43	0x800FA52C	func_800FA52C	unique	nocompile	m2c	undrawn
rock_43	0x800FA650	func_800FA650	unique	11/153	m2c	undrawn
rock_43	0x800FA8B4	func_800FA8B4	unique	nocompile	m2c	undrawn
rock_43	0x800FAADC	func_800FAADC	unique	nocompile	m2c	undrawn
rock_43	0x800FACFC	func_800FACFC	unique	nocompile	m2c	undrawn
rock_43	0x800FAE98	func_800FAE98	unique	nocompile	m2c	member-of:rock_43:0x800FAADC
rock_43	0x800FB0E8	func_800FB0E8	unique	nocompile	m2c	member-of:rock_45:0x800FC7D8
rock_43	0x800FB1F0	func_800FB1F0	unique	2/78	m2c	undrawn
rock_43	0x800FB328	func_800FB328	unique	0/68	m2c	undrawn
rock_43	0x800FB438	func_800FB438	unique	48/141	m2c	undrawn
rock_43	0x800FB66C	func_800FB66C	unique	0/62	m2c	undrawn
rock_43	0x800FB764	func_800FB764	unique	0/128	m2c	undrawn
rock_43	0x800FB964	func_800FB964	unique	nocompile	m2c	undrawn
rock_43	0x800FBB70	func_800FBB70	unique	23/114	m2c	undrawn
rock_43	0x800FBD38	func_800FBD38	unique	0/96	m2c	undrawn
rock_43	0x800FBEB8	func_800FBEB8	unique	76/93	m2c	undrawn
rock_43	0x800FC02C	func_800FC02C	unique	0/63	m2c	member-of:rock_43:0x800FB66C
rock_43	0x800FC128	func_800FC128	dup:fb9361bbbe10d4161f8025d1ca10f8e0f5b9826c	13/24	m2c	member-of:SLUS_013.95:0x80037838
rock_43	0x800FC1CC	func_800FC1CC	unique	28/48	m2c	undrawn
rock_43	0x800FC28C	func_800FC28C	unique	33/45	m2c	undrawn
rock_43	0x800FC3B0	func_800FC3B0	dup:2d59e9dd7b0ef63c002057d36fd8b03ea85ba640	18/59	m2c	member-of:rock_02:0x800F0294
rock_43	0x800FC49C	func_800FC49C	dup:9b1d4736fbf0ad6a88a63c67ccf32d3406baf9c8	17/25	m2c	member-of:SLUS_013.95:0x80037838
rock_43	0x800FC544	func_800FC544	unique	27/33	m2c	member-of:rock_43:0x800FD120
rock_43	0x800FC5C8	func_800FC5C8	unique	14/58	m2c	undrawn
rock_43	0x800FC6B0	func_800FC6B0	unique	6/47	m2c	undrawn
rock_43	0x800FC76C	func_800FC76C	dup:4110d98624a0bb572330ac65bd1ba8a92de08e2b	7/37	m2c	undrawn
rock_43	0x800FC83C	func_800FC83C	dup:c781d7f598be06efedd4d90f2925f3c6f955450b	24/32	m2c	member-of:rock_43:0x800FD120
rock_43	0x800FC8BC	func_800FC8BC	dup:7cdbd287022f59af18ddf80da5008d49e763b6df	17/25	m2c	member-of:SLUS_013.95:0x80037838
rock_43	0x800FC920	func_800FC920	unique	18/24	m2c	member-of:rock_43:0x800FD120
rock_43	0x800FC980	func_800FC980	unique	8/59	m2c	undrawn
rock_43	0x800FCA6C	func_800FCA6C	unique	8/59	m2c	member-of:rock_43:0x800FC980
rock_43	0x800FCB58	func_800FCB58	unique	12/48	m2c	undrawn
rock_43	0x800FCC54	func_800FCC54	unique	25/31	m2c	member-of:rock_43:0x800FD120
rock_43	0x800FCD30	func_800FCD30	unique	nocompile	m2c	undrawn
rock_43	0x800FCE54	func_800FCE54	dup:4110d98624a0bb572330ac65bd1ba8a92de08e2b	7/37	m2c	member-of:rock_43:0x800FC76C
rock_43	0x800FCEE8	func_800FCEE8	dup:9b1d4736fbf0ad6a88a63c67ccf32d3406baf9c8	17/25	m2c	member-of:SLUS_013.95:0x80037838
rock_43	0x800FCF4C	func_800FCF4C	unique	24/27	m2c	undrawn
rock_43	0x800FCFB8	func_800FCFB8	unique	20/65	m2c	undrawn
rock_43	0x800FD0BC	func_800FD0BC	dup:9b1d4736fbf0ad6a88a63c67ccf32d3406baf9c8	17/25	m2c	member-of:SLUS_013.95:0x80037838
rock_43	0x800FD120	func_800FD120	unique	17/23	m2c	undrawn
rock_43	0x800FD17C	func_800FD17C	unique	21/58	m2c	member-of:rock_43:0x800FCB58
rock_43	0x800FD2A0	func_800FD2A0	dup:c781d7f598be06efedd4d90f2925f3c6f955450b	24/32	m2c	member-of:rock_43:0x800FD120
rock_43	0x800FD320	func_800FD320	unique	17/21	m2c	member-of:rock_06:0x800F26E4
rock_43	0x800FD374	func_800FD374	unique	23/30	m2c	undrawn
rock_43	0x800FD428	func_800FD428	unique	24/34	m2c	member-of:rock_03:0x800F54E0
rock_43	0x800FD4B0	func_800FD4B0	dup:12095465313e4d41242d1a91e2bef6ef5684a2e8	10/64	m2c	member-of:rock_22:0x800F8ECC
rock_43	0x800FD5B0	func_800FD5B0	unique	18/45	m2c	undrawn
rock_43	0x800FD664	func_800FD664	unique	0/35	m2c	undrawn
rock_43	0x800FD730	func_800FD730	family:88563aa0ecf3c87d25adece5fc373b30bd55aad5	27/37	m2c	undrawn
rock_43	0x800FD7E4	func_800FD7E4	unique	50/60	m2c	undrawn
rock_43	0x800FD914	func_800FD914	unique	0/49	m2c	undrawn
rock_43	0x800FD9D8	func_800FD9D8	family:88563aa0ecf3c87d25adece5fc373b30bd55aad5	27/37	m2c	member-of:rock_43:0x800FD730
rock_43	0x800FDAAC	func_800FDAAC	unique	28/38	m2c	member-of:rock_43:0x800FD730
rock_43	0x800FDB64	func_800FDB64	unique	nocompile	m2c	member-of:SLUS_013.95:0x80020E1C
rock_43	0x800FDCD4	func_800FDCD4	family:201e0d8b07bd2a4ce6c6fff2acc489a377fbfa82	12/44	m2c	member-of:rock_15:0x800F5288
rock_43	0x800FDD84	func_800FDD84	family:0acafe50cc3326361dbb50e5bba1719254e7d6a4	13/43	m2c	member-of:rock_15:0x800F532C
rock_44	0x800FA04C	func_800FA04C	dup:ab48a222642b4fb018426bea62c26ae9e64724d3	nocompile	m2c	member-of:rock_02:0x800F1724
rock_44	0x800FA2A8	func_800FA2A8	dup:f105be1a1ca547cd00875490b60f31aa3157ad46	nocompile	m2c	member-of:rock_02:0x800F1980
rock_44	0x800FA878	func_800FA878	dup:d1015eafa378f683747f20083f88be5e1a234792	19/67	m2c	member-of:rock_02:0x800F1F50
rock_44	0x800FA984	func_800FA984	dup:cd43521d90615a33ef4fff1fc2046726a1ea952c	7/85	m2c	member-of:rock_02:0x800F205C
rock_44	0x800FAAD8	func_800FAAD8	dup:788ef7b3183e355102963ab2de55ad692fef47e5	12/78	m2c	member-of:rock_02:0x800F21B0
rock_44	0x800FAC10	func_800FAC10	dup:ab9b1707a6ac7fc12d52f556f2c5e1810ee04b97	5/84	m2c	member-of:rock_02:0x800F22E8
rock_44	0x800FAD60	func_800FAD60	dup:1987c47d61868d339c562ab67a1bc0a632f563d7	0/83	m2c	member-of:rock_02:0x800F2438
rock_44	0x800FAEAC	func_800FAEAC	dup:9561efb3bfe5aff7f5859936e66d6234742eb06a	nocompile	m2c	member-of:rock_02:0x800F2584
rock_44	0x800FB18C	func_800FB18C	dup:db1c73509b735a276b0de0629401343b8fc06d98	nocompile	m2c	member-of:rock_02:0x800F2864
rock_44	0x800FB2AC	func_800FB2AC	dup:40b30ca0a76b28b595fabebaa5c31f4ad14a761a	nocompile	m2c	member-of:rock_02:0x800F2984
rock_44	0x800FB3F0	func_800FB3F0	dup:260b4590007650af924b2c4fddee4b8f5fce9c48	nocompile	m2c	member-of:rock_02:0x800F2AC8
rock_44	0x800FB50C	func_800FB50C	dup:aceba921fe492cfce2f0f697755fde6900766c1b	34/73	m2c	member-of:rock_02:0x800F2BE4
rock_44	0x800FB630	func_800FB630	dup:1708b4755e8ac45a2821f41352d833fa421ff485	nocompile	m2c	member-of:rock_02:0x800F2EBC
rock_44	0x800FB7E4	func_800FB7E4	dup:4f00c92e64f1a5234699d3b08763780ef1c357d3	5/96	m2c	member-of:rock_02:0x800F2EBC
rock_44	0x800FB964	func_800FB964	dup:61e30eeb46e0e181c163e7773e327805cbfde94d	14/74	m2c	member-of:rock_02:0x800F303C
rock_44	0x800FBA8C	func_800FBA8C	dup:c43f2be1ca68d8f0e7b61ed735b280972cbbfdd3	16/85	m2c	member-of:rock_02:0x800F3164
rock_44	0x800FBBE0	func_800FBBE0	dup:94f493980397b336976692d903d6edaf6334a60a	16/66	m2c	member-of:rock_02:0x800F32B8
rock_44	0x800FBCE8	func_800FBCE8	dup:6f2bb9ff4567c6cb0d4113447fc8ade9bb440080	30/51	m2c	member-of:rock_02:0x800F33C0
rock_44	0x800FBDB4	func_800FBDB4	dup:b0869aa89d13b8e5671119fe56b84bc059f93700	12/94	m2c	member-of:rock_02:0x800F348C
rock_44	0x800FBF2C	func_800FBF2C	dup:d6d297f6b2615549ab15d97fbbc8e0b6566d003c	nocompile	m2c	member-of:rock_02:0x800F3604
rock_44	0x800FC034	func_800FC034	dup:805df948c6a1d6ed36a65327be0ce210fd59195b	nocompile	m2c	member-of:rock_02:0x800F370C
rock_44	0x800FC21C	func_800FC21C	dup:c64f96883f71c558a50a278be146615dee7389b5	nocompile	m2c	member-of:rock_02:0x800F38F4
rock_44	0x800FC808	func_800FC808	dup:fbe7623be5b09ec3c1f74ae83e277957f87952b7	nocompile	m2c	member-of:rock_02:0x800F3EE0
rock_44	0x800FCABC	func_800FCABC	dup:1ab856be016e32a3fe866d1f8c5337a0730cc71d	51/187	m2c	member-of:rock_02:0x800F4194
rock_44	0x800FCDA8	func_800FCDA8	dup:382dc398387ff4afa9a513ce80ee675f1d088ae2	nocompile	m2c	member-of:rock_02:0x800F4480
rock_44	0x800FCF48	func_800FCF48	dup:7cf27c8356f382b9349491e19c3a494da17d93e5	28/107	m2c	member-of:rock_02:0x800F4620
rock_44	0x800FD0F4	func_800FD0F4	dup:d35d6ac875d916244dc04bced3546b48289cccca	24/72	m2c	member-of:rock_02:0x800F47CC
rock_44	0x800FD214	func_800FD214	dup:ad6dd78117667f6faf476cf8a22fe4054e07c664	0/115	m2c	member-of:rock_02:0x800F48EC
rock_44	0x800FD3E0	func_800FD3E0	dup:a85087d8a6f8fb55cbdf619dace9ad1fccfe80d9	89/99	m2c	member-of:rock_02:0x800F4AB8
rock_44	0x800FD56C	func_800FD56C	dup:8919d8e51fb95afc71f2de72516a71a43d6a2885	nocompile	m2c	member-of:rock_02:0x800F4194
rock_44	0x800FD86C	func_800FD86C	dup:ededc5688abb6b1dff25e470661ebbafba13207f	16/139	m2c	member-of:rock_02:0x800F4F44
rock_44	0x800FDA98	func_800FDA98	dup:3841861bc21ec5a06e7fe26f058b170fac036262	12/23	m2c	member-of:SLUS_013.95:0x80037838
rock_44	0x800FDB30	func_800FDB30	dup:bb30f7e898d3670e4c04783378002225bacae7bb	17/29	m2c	member-of:rock_02:0x800F5208
rock_44	0x800FDBA4	func_800FDBA4	dup:3a82d9987be42e8f002a1a4463fa2eb996eaa9ea	27/65	m2c	member-of:rock_22:0x800F8ECC
rock_44	0x800FDCF8	func_800FDCF8	dup:a43684670e8c12840343b107887163848cc99022	14/20	m2c	member-of:rock_00:0x801F3640
rock_44	0x800FDD48	func_800FDD48	dup:e5c928a379906fcdef8a9d10e618d0ce4a92d95e	24/31	m2c	member-of:rock_02:0x800F5420
rock_44	0x800FDDC4	func_800FDDC4	dup:2e7ba15f137f4f407c30b1dd20d8ea9525dd5c67	14/51	m2c	member-of:rock_02:0x800F549C
rock_44	0x800FDE90	func_800FDE90	dup:24fc9c08126ab460335b423fbe2a0738f84e8796	30/33	m2c	member-of:rock_02:0x800F5568
rock_44	0x800FDF14	func_800FDF14	dup:7e4220fac46c82deca9d32f52d244a855a1c9feb	0/67	m2c	member-of:rock_02:0x800F6708
rock_44	0x800FE020	func_800FE020	dup:f2d77a6e1298ddac68202b271e5cbadbe3a38228	16/26	m2c	member-of:rock_00:0x801F3640
rock_44	0x800FE0F0	func_800FE0F0	dup:68d7b1c77b1e16d0436f32608e4e679e745542df	17/27	m2c	member-of:rock_02:0x800F57C8
rock_44	0x800FE1B4	func_800FE1B4	dup:a022a280496770d3a29dc4d3f382289047cb1121	18/32	m2c	member-of:rock_02:0x800F588C
rock_44	0x800FE234	func_800FE234	dup:b6d54ebe957db93071db78ccad2b0091ca41e6af	12/17	m2c	member-of:rock_00:0x801F3640
rock_44	0x800FE278	func_800FE278	dup:4fb44dd14e418d7110c129d1c99aa13104f51c0d	25/28	m2c	member-of:rock_02:0x800F5950
rock_44	0x800FE2E8	func_800FE2E8	dup:6f86c452bd7cc0f66b45171bc2ec936f5c40668f	12/40	m2c	member-of:rock_02:0x800F59C0
rock_44	0x800FE388	func_800FE388	dup:0670694b1ce5fdc05aa427c4704bcf00b79e257c	4/39	m2c	member-of:rock_02:0x800F5A60
rock_44	0x800FE424	func_800FE424	dup:e6b9acb491b98a778c36886c51529b6fe286c954	8/13	m2c	member-of:SLUS_013.95:0x80041FB0
rock_44	0x800FE458	func_800FE458	dup:bfe6a1ae865360f1ce7c0798130ad4929cacbb00	5/36	m2c	member-of:rock_02:0x800F5C40
rock_44	0x800FE524	func_800FE524	dup:1a1fe9dc4aa83362a604ed84c4aab5c6f5794cbe	13/17	m2c	member-of:rock_07:0x800ED0F0
rock_44	0x800FE568	func_800FE568	dup:cee6cda89c74a00f9339d88441ec97a0c862d51b	3/33	m2c	member-of:rock_02:0x800F5C40
rock_44	0x800FE628	func_800FE628	dup:b24fed799e33f3804098d1a9cf8d6743151808d7	16/17	m2c	member-of:rock_02:0x800F5D00
rock_44	0x800FE66C	func_800FE66C	dup:08bfc191e01402684efaa84ae5c9a0c6a34d8710	4/36	m2c	member-of:rock_02:0x800F5C40
rock_44	0x800FE738	func_800FE738	dup:d0792cb11aa529a6577cae4353895795c8652b32	16/19	m2c	member-of:rock_07:0x800ED0F0
rock_44	0x800FE784	func_800FE784	dup:f3e05725727ed7ab1c98f018b9c7860ef338c10e	25/35	m2c	member-of:rock_02:0x800F5568
rock_44	0x800FE810	func_800FE810	dup:30e646b232141d1396f5aeb8267442e76b3cc2a9	13/59	m2c	member-of:rock_02:0x800F5EE8
rock_44	0x800FE8FC	func_800FE8FC	dup:4ca0c1c810c8cec249ea8f9e33461e5db27d3cdb	6/33	m2c	member-of:rock_02:0x800F5FD4
rock_44	0x800FE980	func_800FE980	dup:07e8314b0ef86de36fe9d28e20020b8a86433721	6/38	m2c	member-of:rock_02:0x800F5C40
rock_44	0x800FEA54	func_800FEA54	dup:054de2f1f600d37ca95f9774ac9271016a6a95ff	nocompile	m2c	member-of:rock_02:0x800F612C
rock_44	0x800FEB90	func_800FEB90	dup:3315b94b98655b95572a374f3d6e6067e07bfb15	nocompile	m2c	member-of:rock_02:0x800F6268
rock_44	0x800FEC50	func_800FEC50	dup:bf30b53f7d582edfb4bfc34d6ba9fc40f78907f6	nocompile	m2c	member-of:rock_02:0x800F6328
rock_44	0x800FED28	func_800FED28	dup:5d86d4bb6847a2fe94145f6f593d10be8cbb5d42	nocompile	m2c	member-of:rock_02:0x800F6400
rock_44	0x800FEE24	func_800FEE24	dup:6380a7aeff5aa1cb8d8a70d3a643813d2bff0570	16/19	m2c	member-of:rock_00:0x801F3640
rock_44	0x800FEE70	func_800FEE70	dup:16203fa24144cfea19570ffbfd039866bd316266	16/23	m2c	member-of:rock_11:0x800FABA0
rock_44	0x800FEF40	func_800FEF40	dup:1a1d72ee5c8a66c6e0690fe443ac5e1862d1b0cf	7/27	m2c	member-of:rock_02:0x800F6618
rock_44	0x800FEFAC	func_800FEFAC	dup:63e2235baedc4d6876dde3c8d1a7e18c150fc0a5	30/33	m2c	member-of:rock_02:0x800F5568
rock_44	0x800FF030	func_800FF030	dup:1425f55608d3ce6f7227f549de710c2230d31381	0/66	m2c	member-of:rock_02:0x800F6708
rock_44	0x800FF138	func_800FF138	dup:4a04d8397a65bcbeca0628adabce3f312e85ec2f	16/26	m2c	member-of:rock_00:0x801F3640
rock_44	0x800FF1F4	func_800FF1F4	dup:3d856e6b7a700ad8e16be5525f97b73d4298f3ed	20/34	m2c	member-of:rock_02:0x800F588C
rock_44	0x800FF27C	func_800FF27C	dup:f28710eaf4d5f17ed6fe5f32e0d79444cde18ec3	6/20	m2c	member-of:rock_00:0x801F3640
rock_44	0x800FF2CC	func_800FF2CC	dup:6f86c452bd7cc0f66b45171bc2ec936f5c40668f	12/40	m2c	member-of:rock_02:0x800F59C0
rock_44	0x800FF36C	func_800FF36C	dup:0670694b1ce5fdc05aa427c4704bcf00b79e257c	4/39	m2c	member-of:rock_02:0x800F5A60
rock_44	0x800FF408	func_800FF408	dup:520354c536c26bbfc5f56dc49ff8d92c40835b06	13/16	m2c	member-of:rock_02:0x800F6AE0
rock_44	0x800FF448	func_800FF448	dup:30dcea0bcbb491ae8b036600028dcb50aa3e961e	14/48	m2c	member-of:rock_02:0x800F6B20
rock_44	0x800FF544	func_800FF544	dup:38e96dc97f337812f257c5763a9d9c9f0f1cd2b8	0/63	m2c	member-of:rock_02:0x800F6C1C
rock_44	0x800FF640	func_800FF640	dup:ca38c5624d291321ed3e8f92f3b3ff1b9e252f42	29/36	m2c	member-of:rock_02:0x800F6D18
rock_44	0x800FF6D0	func_800FF6D0	dup:6d14751ea24d046a410fa87623f2646f33d2e91a	30/42	m2c	member-of:rock_02:0x800F6DA8
rock_44	0x800FF778	func_800FF778	dup:0288331f987aeba864064c3c831f44fcd4fdaac7	nocompile	m2c	member-of:rock_02:0x800F6E50
rock_44	0x800FF808	func_800FF808	dup:985b63ada0aa5b21aac76e5d1492e69e7318fb2c	14/24	m2c	member-of:rock_00:0x801F3640
rock_44	0x800FF868	func_800FF868	dup:afc539897796d57a66b5cb64ebe0da322be538e1	33/40	m2c	member-of:rock_02:0x800F6F40
rock_44	0x800FF908	func_800FF908	dup:5cb55347bd1a22d305e0e281ff226bf543d2bee2	5/37	m2c	member-of:rock_02:0x800F5C40
rock_44	0x800FF9D8	func_800FF9D8	dup:912f0df5e4dcf8df43405e4eeb3692526e5577dc	17/31	m2c	member-of:rock_02:0x800F70B0
rock_44	0x800FFA54	func_800FFA54	dup:f27f38c35998c08c03b3fbaf5f3f3cf871681ff8	7/30	m2c	member-of:rock_02:0x800F712C
rock_44	0x800FFACC	func_800FFACC	dup:d543c512991b60a8e00afb0a96b2e4ba463fb756	26/38	m2c	member-of:rock_02:0x800F71A4
rock_44	0x800FFBA0	func_800FFBA0	dup:56f4382d8f4fc967ef3404afe7cfe4bca57d106e	14/31	m2c	member-of:rock_02:0x800F7278
rock_44	0x800FFC1C	func_800FFC1C	dup:7a4dbc5299a580c38498af2ffe47631ee72b21b4	18/32	m2c	member-of:rock_02:0x800F588C
rock_44	0x800FFC9C	func_800FFC9C	dup:f28710eaf4d5f17ed6fe5f32e0d79444cde18ec3	6/20	m2c	member-of:rock_00:0x801F3640
rock_44	0x800FFCEC	func_800FFCEC	dup:6f86c452bd7cc0f66b45171bc2ec936f5c40668f	12/40	m2c	member-of:rock_02:0x800F59C0
rock_44	0x800FFD8C	func_800FFD8C	dup:0670694b1ce5fdc05aa427c4704bcf00b79e257c	4/39	m2c	member-of:rock_02:0x800F5A60
rock_44	0x800FFE28	func_800FFE28	dup:2c129aa23b2a194c6b42871150748bba2590f671	8/13	m2c	member-of:SLUS_013.95:0x80041FB0
rock_44	0x800FFE98	func_800FFE98	dup:a1c0cb76202cc24024d9f653c4ac9de40ba341c0	nocompile	m2c	member-of:rock_02:0x800F7570
rock_44	0x800FFF4C	func_800FFF4C	dup:2a6eff0b87a27c7c6fa035164bc158357f2b2a08	30/33	m2c	member-of:rock_02:0x800F5568
rock_44	0x800FFFD0	func_800FFFD0	dup:f2d77a6e1298ddac68202b271e5cbadbe3a38228	16/26	m2c	member-of:rock_00:0x801F3640
rock_44	0x80100038	func_80100038	dup:ccd7abe334fa4b8966ef6ca51395c0700299b8ad	6/27	m2c	member-of:rock_02:0x800F7710
rock_44	0x801000E0	func_801000E0	dup:2e613b96ec0db8e15952a7f40789b6fe84bab94e	21/24	m2c	member-of:rock_02:0x800F77B8
rock_44	0x80100140	func_80100140	dup:d85bd38664e673856a7c53223ddd88580081a6d9	24/49	m2c	member-of:rock_02:0x800F7818
rock_44	0x80100204	func_80100204	dup:e9cf60637c2a9af6d548d0047e7d50385f480db6	8/37	m2c	member-of:rock_02:0x800F8044
rock_44	0x80100298	func_80100298	dup:4754f82d3926e4deb05f86418139f3e4aa87742c	10/37	m2c	member-of:rock_02:0x800F7970
rock_44	0x8010032C	func_8010032C	dup:d5364d25f27007cc93155b381ededb98e55f5f25	17/22	m2c	member-of:rock_02:0x800F7A04
rock_44	0x80100384	func_80100384	dup:e76814942a7e045fa51b2a098353fcbcdef6d81a	5/37	m2c	member-of:rock_02:0x800F5C40
rock_44	0x80100454	func_80100454	dup:aeb0c2a1cc2fd858e000b28bde6f7272c9f68555	nocompile	m2c	member-of:rock_02:0x800F77B8
rock_44	0x801004C4	func_801004C4	dup:0d1293c64f760dc5ae304d7206e2258a78ba022f	45/50	m2c	member-of:rock_02:0x800F7818
rock_44	0x8010058C	func_8010058C	dup:2617f7de68279bd170b8e7dc35d3e1995ef2518a	36/38	m2c	member-of:rock_02:0x800F8044
rock_44	0x80100624	func_80100624	dup:69f7deb6a27069d6225ecf4172caff9a3dde716a	28/40	m2c	member-of:rock_02:0x800F7970
rock_44	0x801006C4	func_801006C4	dup:527eae132c1966f3b346d860818c35318910492f	nocompile	m2c	member-of:rock_02:0x800F7D9C
rock_44	0x80100790	func_80100790	dup:1ec08285d414bf098f8873335af4c12d4fdb66e2	15/22	m2c	member-of:rock_02:0x800F7E68
rock_44	0x80100824	func_80100824	dup:aeb0c2a1cc2fd858e000b28bde6f7272c9f68555	nocompile	m2c	member-of:rock_02:0x800F77B8
rock_44	0x80100894	func_80100894	dup:f5062abca0cd3ce90b38b9abaae9ab92cd251a3f	49/54	m2c	member-of:rock_02:0x800F7818
rock_44	0x8010096C	func_8010096C	dup:79f899fd9a5e81302d413db021e2de1db0bad70e	30/32	m2c	member-of:rock_02:0x800F8044
rock_44	0x801009EC	func_801009EC	dup:691445fb58973a813fd2c9936fa13da32c302fea	27/39	m2c	member-of:rock_02:0x800F7970
rock_44	0x80100A88	func_80100A88	dup:527eae132c1966f3b346d860818c35318910492f	nocompile	m2c	member-of:rock_02:0x800F7D9C
rock_44	0x80100B54	func_80100B54	dup:e76814942a7e045fa51b2a098353fcbcdef6d81a	5/37	m2c	member-of:rock_02:0x800F5C40
rock_44	0x80100BE8	func_80100BE8	dup:6585f4e014fd84c4d1e02e43d6d2f63c6f3aa7c1	6/28	m2c	member-of:rock_02:0x800F82C0
rock_44	0x80100C60	func_80100C60	dup:3841861bc21ec5a06e7fe26f058b170fac036262	12/23	m2c	member-of:SLUS_013.95:0x80037838
rock_44	0x80100D90	func_80100D90	dup:e3ab018e10e929812b68c50f5d2a9749708b611d	25/35	m2c	member-of:rock_02:0x800F8468
rock_44	0x80100E1C	func_80100E1C	dup:8752fbb50d2fa41593df1b9e1882ecb0f296369a	33/35	m2c	member-of:rock_02:0x800F84F4
rock_44	0x80100EEC	func_80100EEC	dup:15a3ef92f47f1df1afd7fe30289fe70e7dd04814	36/48	m2c	member-of:rock_02:0x800F85C4
rock_44	0x80100FAC	func_80100FAC	dup:4c75f8d553ee7d80e32f85e3496d121c6e983045	14/19	m2c	member-of:rock_00:0x801F3640
rock_44	0x80100FF8	func_80100FF8	dup:90055a1c7e60289edcebbc3379c486436b417f4e	13/17	m2c	member-of:rock_00:0x801F3640
rock_44	0x80101124	func_80101124	dup:f198892d482d65087faf6d8791794fcff84f345e	17/64	m2c	member-of:rock_02:0x800F87FC
rock_44	0x80101224	func_80101224	dup:96d1a0509f24058ffdbe8e5c12af1d2513615e68	6/30	m2c	member-of:rock_02:0x800F88FC
rock_44	0x801012D8	func_801012D8	dup:96d1a0509f24058ffdbe8e5c12af1d2513615e68	6/30	m2c	member-of:rock_02:0x800F88FC
rock_44	0x80101350	func_80101350	dup:a4d330ad6ad157ff8ffccc580f7b1ae1650d6a4d	8/22	m2c	member-of:rock_00:0x801F3640
rock_44	0x801013A8	func_801013A8	dup:db60b55432d7baec2964b98cdb0656ec60b4bf3d	4/49	m2c	member-of:rock_02:0x800F8A80
rock_44	0x801014C8	func_801014C8	dup:90c83ffcfa63237ed59ee12ee08416a722b66e32	25/33	m2c	member-of:rock_02:0x800F8BA0
rock_44	0x8010154C	func_8010154C	dup:d4abf41ce85cfc89c70dd3d9c4e2474efc93611d	6/23	m2c	member-of:rock_02:0x800F8C24
rock_44	0x801016E0	func_801016E0	dup:b682fd83bd9b24ee54af789ea069bea39e32f0e3	17/28	m2c	member-of:rock_02:0x800F8DB8
rock_44	0x801017DC	func_801017DC	dup:1145e1289d0e122a4722b3a9c12f21825e7651b2	32/44	m2c	member-of:rock_02:0x800F8EB4
rock_44	0x80101918	func_80101918	dup:15a3ef92f47f1df1afd7fe30289fe70e7dd04814	36/48	m2c	member-of:rock_02:0x800F85C4
rock_44	0x801019D8	func_801019D8	dup:6b4ca8490c583ca922459a0e9071412d0b953a89	0/19	m2c	member-of:rock_02:0x800F90B0
rock_45	0x800FA028	func_800FA028	unique	nocompile	m2c	undrawn
rock_45	0x800FA23C	func_800FA23C	unique	nocompile	m2c	undrawn
rock_45	0x800FA454	func_800FA454	unique	12/83	m2c	undrawn
rock_45	0x800FA5A0	func_800FA5A0	unique	nocompile	m2c	undrawn
rock_45	0x800FA6EC	func_800FA6EC	unique	15/94	m2c	undrawn
rock_45	0x800FA864	func_800FA864	unique	40/72	m2c	undrawn
rock_45	0x800FA984	func_800FA984	unique	4/143	m2c	undrawn
rock_45	0x800FABC0	func_800FABC0	unique	nocompile	m2c	undrawn
rock_45	0x800FB214	func_800FB214	dup:fb9361bbbe10d4161f8025d1ca10f8e0f5b9826c	13/24	m2c	member-of:SLUS_013.95:0x80037838
rock_45	0x800FB350	func_800FB350	unique	7/49	m2c	undrawn
rock_45	0x800FB414	func_800FB414	unique	50/53	m2c	undrawn
rock_45	0x800FB4E8	func_800FB4E8	unique	20/25	m2c	undrawn
rock_45	0x800FB54C	func_800FB54C	unique	19/65	m2c	member-of:rock_02:0x800F0294
rock_45	0x800FB650	func_800FB650	dup:9b1d4736fbf0ad6a88a63c67ccf32d3406baf9c8	17/25	m2c	member-of:SLUS_013.95:0x80037838
rock_45	0x800FB6B4	func_800FB6B4	family:9a6ecb9af3a6a6b19e138e9591cf0e1132e3bcb1	9/15	m2c	member-of:rock_07:0x800ED0F0
rock_45	0x800FB6F0	func_800FB6F0	unique	1/23	m2c	undrawn
rock_45	0x800FB74C	func_800FB74C	unique	34/54	m2c	undrawn
rock_45	0x800FB824	func_800FB824	dup:7cdbd287022f59af18ddf80da5008d49e763b6df	17/25	m2c	member-of:SLUS_013.95:0x80037838
rock_45	0x800FB888	func_800FB888	unique	19/25	m2c	member-of:rock_43:0x800FD120
rock_45	0x800FB8EC	func_800FB8EC	unique	nocompile	m2c	undrawn
rock_45	0x800FB9F8	func_800FB9F8	family:40b6bbf7f388ad19c27e4cd4740604a4a9c60aaf	7/29	m2c	undrawn
rock_45	0x800FBA6C	func_800FBA6C	dup:7cdbd287022f59af18ddf80da5008d49e763b6df	17/25	m2c	member-of:SLUS_013.95:0x80037838
rock_45	0x800FBAD0	func_800FBAD0	unique	nocompile	m2c	undrawn
rock_45	0x800FBBD0	func_800FBBD0	unique	40/45	m2c	undrawn
rock_45	0x800FBC84	func_800FBC84	family:40b6bbf7f388ad19c27e4cd4740604a4a9c60aaf	7/29	m2c	member-of:rock_45:0x800FB9F8
rock_45	0x800FBCF8	func_800FBCF8	family:1addba6d28eb5765d1897dce24d06b42660a8d29	21/21	m2c	plumbing:R2
rock_45	0x800FBD4C	func_800FBD4C	unique	21/27	m2c	member-of:rock_43:0x800FD120
rock_45	0x800FBDB8	func_800FBDB8	unique	49/55	m2c	undrawn
rock_45	0x800FBF78	func_800FBF78	unique	23/48	m2c	undrawn
rock_45	0x800FC038	func_800FC038	dup:7cdbd287022f59af18ddf80da5008d49e763b6df	17/25	m2c	member-of:SLUS_013.95:0x80037838
rock_45	0x800FC09C	func_800FC09C	unique	37/40	m2c	undrawn
rock_45	0x800FC13C	func_800FC13C	dup:7cdbd287022f59af18ddf80da5008d49e763b6df	17/25	m2c	member-of:SLUS_013.95:0x80037838
rock_45	0x800FC1A0	func_800FC1A0	unique	20/23	m2c	member-of:rock_07:0x800ED0F0
rock_45	0x800FC1FC	func_800FC1FC	unique	25/61	m2c	undrawn
rock_45	0x800FC2F0	func_800FC2F0	unique	45/52	m2c	undrawn
rock_45	0x800FC3FC	func_800FC3FC	unique	21/29	m2c	undrawn
rock_45	0x800FC470	func_800FC470	dup:12095465313e4d41242d1a91e2bef6ef5684a2e8	10/64	m2c	member-of:rock_22:0x800F8ECC
rock_45	0x800FC570	func_800FC570	unique	9/67	m2c	undrawn
rock_45	0x800FC6E4	func_800FC6E4	unique	23/26	m2c	undrawn
rock_45	0x800FC7D8	func_800FC7D8	unique	21/48	m2c	undrawn
rock_45	0x800FC898	func_800FC898	unique	2/13	m2c	undrawn
rock_45	0x800FC8CC	func_800FC8CC	unique	15/56	m2c	undrawn
rock_45	0x800FC9AC	func_800FC9AC	unique	19/46	m2c	undrawn
rock_46	0x800FA004	func_800FA004	family:316f58498369552e28f666c5be0c50989de118ae	nocompile	m2c	member-of:rock_47:0x800FA004
rock_46	0x800FA0E8	func_800FA0E8	dup:675b9e3caeeac0b3ee6799f81e90be3779574a5b	nocompile	m2c	undrawn
rock_46	0x800FA190	func_800FA190	unique	nocompile	m2c	undrawn
rock_46	0x800FA200	func_800FA200	unique	nocompile	m2c	undrawn
rock_46	0x800FA268	func_800FA268	unique	nocompile	m2c	member-of:rock_46:0x800FAB8C
rock_46	0x800FA2D0	func_800FA2D0	family:cc7d79db5e694b998092c358a0e7cbc194b48109	nocompile	m2c	undrawn
rock_46	0x800FA344	func_800FA344	family:39ed42ef67d4bb22511db170e0bcfb21e187c3f2	nocompile	m2c	member-of:rock_51:0x800FA52C
rock_46	0x800FA474	func_800FA474	unique	nocompile	m2c	member-of:rock_46:0x800FA5EC
rock_46	0x800FA518	func_800FA518	unique	nocompile	m2c	undrawn
rock_46	0x800FA5EC	func_800FA5EC	unique	nocompile	m2c	undrawn
rock_46	0x800FA688	func_800FA688	unique	nocompile	m2c	member-of:rock_00:0x801F3640
rock_46	0x800FA6CC	func_800FA6CC	family:31d01ab33684dcc36b486373deafa856ef301517	nocompile	m2c	undrawn
rock_46	0x800FA720	func_800FA720	family:39ed42ef67d4bb22511db170e0bcfb21e187c3f2	nocompile	m2c	member-of:rock_51:0x800FA52C
rock_46	0x800FA850	func_800FA850	unique	nocompile	m2c	undrawn
rock_46	0x800FA91C	func_800FA91C	unique	nocompile	m2c	undrawn
rock_46	0x800FA9E0	func_800FA9E0	dup:68a80da57edf33cd9c56dda937502ed407900ced	nocompile	m2c	undrawn
rock_46	0x800FAA70	func_800FAA70	unique	nocompile	m2c	undrawn
rock_46	0x800FAB00	func_800FAB00	unique	nocompile	m2c	undrawn
rock_46	0x800FAB8C	func_800FAB8C	family:d9f9e9b8c54054fee120c262bcb5757406c6a735	nocompile	m2c	undrawn
rock_46	0x800FABEC	func_800FABEC	dup:d42e261347cd2ff0e1b3e4a1d377074bdb00791a	nocompile	m2c	member-of:rock_00:0x801F3640
rock_46	0x800FAC3C	func_800FAC3C	unique	nocompile	m2c	undrawn
rock_46	0x800FACCC	func_800FACCC	unique	nocompile	m2c	undrawn
rock_47	0x800FA004	func_800FA004	family:32fcaaa675118ce27cd472f5050c669577dd390a	nocompile	m2c	undrawn
rock_47	0x800FA0D8	func_800FA0D8	dup:675b9e3caeeac0b3ee6799f81e90be3779574a5b	nocompile	m2c	member-of:rock_46:0x800FA0E8
rock_47	0x800FA180	func_800FA180	unique	nocompile	m2c	member-of:rock_46:0x800FA190
rock_47	0x800FA200	func_800FA200	unique	nocompile	m2c	undrawn
rock_47	0x800FA234	func_800FA234	family:d9f9e9b8c54054fee120c262bcb5757406c6a735	nocompile	m2c	member-of:rock_46:0x800FAB8C
rock_47	0x800FA294	func_800FA294	family:ea95d0841a8675cd26e899cc66dd475f6ef5b912	nocompile	m2c	undrawn
rock_47	0x800FA2F0	func_800FA2F0	family:8339eb380773884b0f84380dbc00848f01bd0dde	nocompile	m2c	member-of:rock_48:0x800FA370
rock_47	0x800FA338	func_800FA338	unique	nocompile	m2c	undrawn
rock_47	0x800FA394	func_800FA394	unique	nocompile	m2c	undrawn
rock_47	0x800FA404	func_800FA404	family:ea95d0841a8675cd26e899cc66dd475f6ef5b912	nocompile	m2c	member-of:rock_47:0x800FA294
rock_47	0x800FA460	func_800FA460	family:8339eb380773884b0f84380dbc00848f01bd0dde	nocompile	m2c	member-of:rock_48:0x800FA370
rock_47	0x800FA4A8	func_800FA4A8	family:c5bc99c5ef1bd4a0fc191024f4fb85bde097132d	nocompile	m2c	member-of:rock_52:0x800FA218
rock_47	0x800FA500	func_800FA500	family:35897ee0953d766c85de49ad7482dc5cb21e9226	nocompile	m2c	undrawn
rock_47	0x800FA558	func_800FA558	family:ea95d0841a8675cd26e899cc66dd475f6ef5b912	nocompile	m2c	member-of:rock_47:0x800FA294
rock_47	0x800FA5B4	func_800FA5B4	family:8339eb380773884b0f84380dbc00848f01bd0dde	nocompile	m2c	member-of:rock_48:0x800FA370
rock_47	0x800FA5FC	func_800FA5FC	unique	nocompile	m2c	member-of:rock_00:0x801F3640
rock_47	0x800FA63C	func_800FA63C	dup:0dafad2767b03853bc54d368dfe3b883aee48aea	nocompile	m2c	member-of:rock_49:0x800FA3FC
rock_48	0x800FA004	func_800FA004	unique	nocompile	m2c	undrawn
rock_48	0x800FA120	func_800FA120	dup:76a9cb359b128ba862dce0213805bba3c624bea2	nocompile	m2c	member-of:rock_47:0x800FA004
rock_48	0x800FA1F4	func_800FA1F4	unique	nocompile	m2c	member-of:rock_46:0x800FA190
rock_48	0x800FA268	func_800FA268	unique	nocompile	m2c	undrawn
rock_48	0x800FA318	func_800FA318	dup:1587638ee3c1cd1200939f78d965f19ffb40b64a	nocompile	m2c	member-of:rock_52:0x800FA218
rock_48	0x800FA370	func_800FA370	unique	nocompile	m2c	undrawn
rock_48	0x800FA3B4	func_800FA3B4	unique	nocompile	m2c	member-of:rock_57:0x800FA290
rock_48	0x800FA40C	func_800FA40C	family:35897ee0953d766c85de49ad7482dc5cb21e9226	nocompile	m2c	member-of:rock_47:0x800FA500
rock_48	0x800FA464	func_800FA464	unique	nocompile	m2c	member-of:rock_46:0x800FAB8C
rock_48	0x800FA4D0	func_800FA4D0	dup:cf938899ee3aea09abe90628f08226070f7fe8a9	nocompile	m2c	member-of:rock_00:0x801F3640
rock_48	0x800FA514	func_800FA514	unique	nocompile	m2c	undrawn
rock_49	0x800FA004	func_800FA004	dup:dbd9644222d671e49d12ef1624be9286decd82fa	nocompile	m2c	member-of:rock_47:0x800FA004
rock_49	0x800FA0E8	func_800FA0E8	unique	nocompile	m2c	member-of:rock_46:0x800FA0E8
rock_49	0x800FA1A8	func_800FA1A8	unique	nocompile	m2c	member-of:rock_46:0x800FA190
rock_49	0x800FA21C	func_800FA21C	unique	nocompile	m2c	undrawn
rock_49	0x800FA29C	func_800FA29C	unique	nocompile	m2c	undrawn
rock_49	0x800FA320	func_800FA320	family:28f70dbed1ee9d01909822280f41826a7479e9d3	nocompile	m2c	undrawn
rock_49	0x800FA3A8	func_800FA3A8	dup:dd5293437805476a69432d6507bbacc6e4114e84	nocompile	m2c	undrawn
rock_49	0x800FA3FC	func_800FA3FC	unique	nocompile	m2c	undrawn
rock_50	0x800FA004	func_800FA004	unique	nocompile	m2c	undrawn
rock_50	0x800FA14C	func_800FA14C	unique	nocompile	m2c	undrawn
rock_50	0x800FA230	func_800FA230	family:316f58498369552e28f666c5be0c50989de118ae	nocompile	m2c	member-of:rock_47:0x800FA004
rock_50	0x800FA314	func_800FA314	unique	nocompile	m2c	undrawn
rock_50	0x800FA384	func_800FA384	unique	nocompile	m2c	undrawn
rock_50	0x800FA428	func_800FA428	unique	nocompile	m2c	undrawn
rock_50	0x800FA4D0	func_800FA4D0	unique	nocompile	m2c	undrawn
rock_50	0x800FA57C	func_800FA57C	unique	nocompile	m2c	undrawn
rock_50	0x800FA600	func_800FA600	unique	nocompile	m2c	undrawn
rock_50	0x800FA688	func_800FA688	unique	nocompile	m2c	undrawn
rock_50	0x800FA6EC	func_800FA6EC	dup:d42e261347cd2ff0e1b3e4a1d377074bdb00791a	nocompile	m2c	member-of:rock_00:0x801F3640
rock_50	0x800FA73C	func_800FA73C	dup:7e2bf4ddbe182d2d10100aa0d3fb44a635af3fed	nocompile	m2c	member-of:rock_49:0x800FA3FC
rock_51	0x800FA004	func_800FA004	unique	nocompile	m2c	undrawn
rock_51	0x800FA0F4	func_800FA0F4	unique	nocompile	m2c	undrawn
rock_51	0x800FA2A0	func_800FA2A0	family:316f58498369552e28f666c5be0c50989de118ae	nocompile	m2c	member-of:rock_47:0x800FA004
rock_51	0x800FA384	func_800FA384	unique	nocompile	m2c	member-of:rock_46:0x800FA0E8
rock_51	0x800FA44C	func_800FA44C	unique	nocompile	m2c	member-of:rock_46:0x800FA190
rock_51	0x800FA4C4	func_800FA4C4	family:7aba8355cb5992d2700083fc614a494ce0636930	nocompile	m2c	member-of:rock_50:0x800FA688
rock_51	0x800FA52C	func_800FA52C	unique	nocompile	m2c	undrawn
rock_51	0x800FA64C	func_800FA64C	unique	nocompile	m2c	member-of:rock_46:0x800FA5EC
rock_51	0x800FA700	func_800FA700	unique	nocompile	m2c	undrawn
rock_51	0x800FA7A0	func_800FA7A0	unique	nocompile	m2c	undrawn
rock_51	0x800FA88C	func_800FA88C	family:7aba8355cb5992d2700083fc614a494ce0636930	nocompile	m2c	member-of:rock_50:0x800FA688
rock_51	0x800FA8F4	func_800FA8F4	dup:dd5293437805476a69432d6507bbacc6e4114e84	nocompile	m2c	member-of:rock_49:0x800FA3A8
rock_51	0x800FA948	func_800FA948	dup:7e2bf4ddbe182d2d10100aa0d3fb44a635af3fed	nocompile	m2c	member-of:rock_49:0x800FA3FC
rock_52	0x800FA004	func_800FA004	family:32fcaaa675118ce27cd472f5050c669577dd390a	nocompile	m2c	member-of:rock_47:0x800FA004
rock_52	0x800FA0D8	func_800FA0D8	unique	nocompile	m2c	undrawn
rock_52	0x800FA1CC	func_800FA1CC	unique	nocompile	m2c	undrawn
rock_52	0x800FA218	func_800FA218	family:8cd4ac7dbf68a8b40d95ec7df4ec4ff68f3f8155	nocompile	m2c	undrawn
rock_52	0x800FA26C	func_800FA26C	family:31d01ab33684dcc36b486373deafa856ef301517	nocompile	m2c	undrawn
rock_52	0x800FA2C0	func_800FA2C0	family:8cd4ac7dbf68a8b40d95ec7df4ec4ff68f3f8155	nocompile	m2c	member-of:rock_52:0x800FA218
rock_52	0x800FA314	func_800FA314	unique	nocompile	m2c	undrawn
rock_52	0x800FA36C	func_800FA36C	dup:cf938899ee3aea09abe90628f08226070f7fe8a9	nocompile	m2c	member-of:rock_00:0x801F3640
rock_52	0x800FA3B0	func_800FA3B0	dup:0dafad2767b03853bc54d368dfe3b883aee48aea	nocompile	m2c	member-of:rock_49:0x800FA3FC
rock_52	0x800FA42C	func_800FA42C	unique	nocompile	m2c	undrawn
rock_53	0x800FA004	func_800FA004	family:32fcaaa675118ce27cd472f5050c669577dd390a	nocompile	m2c	member-of:rock_47:0x800FA004
rock_53	0x800FA0D8	func_800FA0D8	unique	nocompile	m2c	member-of:rock_46:0x800FA0E8
rock_53	0x800FA1AC	func_800FA1AC	unique	nocompile	m2c	undrawn
rock_53	0x800FA214	func_800FA214	family:352ec150532a53897d130b500459035bbaa5ba8b	nocompile	m2c	member-of:rock_46:0x800FAB8C
rock_53	0x800FA274	func_800FA274	family:352ec150532a53897d130b500459035bbaa5ba8b	nocompile	m2c	member-of:rock_46:0x800FAB8C
rock_53	0x800FA2D4	func_800FA2D4	dup:cf938899ee3aea09abe90628f08226070f7fe8a9	nocompile	m2c	member-of:rock_00:0x801F3640
rock_53	0x800FA318	func_800FA318	dup:0dafad2767b03853bc54d368dfe3b883aee48aea	nocompile	m2c	member-of:rock_49:0x800FA3FC
rock_53	0x800FA394	func_800FA394	unique	nocompile	m2c	undrawn
rock_54	0x800FA004	func_800FA004	unique	nocompile	m2c	undrawn
rock_54	0x800FA13C	func_800FA13C	family:316f58498369552e28f666c5be0c50989de118ae	nocompile	m2c	member-of:rock_47:0x800FA004
rock_54	0x800FA220	func_800FA220	unique	nocompile	m2c	undrawn
rock_54	0x800FA280	func_800FA280	unique	nocompile	m2c	undrawn
rock_54	0x800FA2D0	func_800FA2D0	family:4738f82dc8081d3705f5e15c29b531e103fa029b	nocompile	m2c	undrawn
rock_54	0x800FA344	func_800FA344	unique	nocompile	m2c	undrawn
rock_54	0x800FA3B0	func_800FA3B0	unique	nocompile	m2c	undrawn
rock_54	0x800FA418	func_800FA418	unique	nocompile	m2c	undrawn
rock_54	0x800FA4AC	func_800FA4AC	unique	nocompile	m2c	undrawn
rock_54	0x800FA500	func_800FA500	family:4738f82dc8081d3705f5e15c29b531e103fa029b	nocompile	m2c	member-of:rock_54:0x800FA2D0
rock_54	0x800FA574	func_800FA574	unique	nocompile	m2c	member-of:rock_54:0x800FA344
rock_54	0x800FA5E4	func_800FA5E4	unique	nocompile	m2c	member-of:rock_54:0x800FA3B0
rock_54	0x800FA64C	func_800FA64C	dup:dd5293437805476a69432d6507bbacc6e4114e84	nocompile	m2c	member-of:rock_49:0x800FA3A8
rock_54	0x800FA6A0	func_800FA6A0	dup:7e2bf4ddbe182d2d10100aa0d3fb44a635af3fed	nocompile	m2c	member-of:rock_49:0x800FA3FC
rock_55	0x800FA004	func_800FA004	family:316f58498369552e28f666c5be0c50989de118ae	nocompile	m2c	member-of:rock_47:0x800FA004
rock_55	0x800FA0E8	func_800FA0E8	unique	nocompile	m2c	member-of:rock_46:0x800FA0E8
rock_55	0x800FA1E8	func_800FA1E8	unique	nocompile	m2c	undrawn
rock_55	0x800FA270	func_800FA270	unique	nocompile	m2c	member-of:rock_57:0x800FA290
rock_55	0x800FA2C4	func_800FA2C4	unique	nocompile	m2c	undrawn
rock_55	0x800FA330	func_800FA330	unique	nocompile	m2c	undrawn
rock_55	0x800FA3E0	func_800FA3E0	unique	nocompile	m2c	member-of:rock_46:0x800FAA70
rock_55	0x800FA478	func_800FA478	unique	nocompile	m2c	undrawn
rock_55	0x800FA4EC	func_800FA4EC	dup:68a80da57edf33cd9c56dda937502ed407900ced	nocompile	m2c	member-of:rock_46:0x800FA9E0
rock_55	0x800FA57C	func_800FA57C	unique	nocompile	m2c	undrawn
rock_55	0x800FA618	func_800FA618	unique	nocompile	m2c	undrawn
rock_55	0x800FA6C0	func_800FA6C0	unique	nocompile	m2c	undrawn
rock_55	0x800FA768	func_800FA768	unique	nocompile	m2c	undrawn
rock_55	0x800FA7DC	func_800FA7DC	family:28f70dbed1ee9d01909822280f41826a7479e9d3	nocompile	m2c	member-of:rock_49:0x800FA320
rock_55	0x800FA864	func_800FA864	dup:d42e261347cd2ff0e1b3e4a1d377074bdb00791a	nocompile	m2c	member-of:rock_00:0x801F3640
rock_55	0x800FA8B4	func_800FA8B4	family:efab0bcdc52472dc55dc33a721c228993c2a5a53	nocompile	m2c	member-of:rock_49:0x800FA3FC
rock_55	0x800FA92C	func_800FA92C	unique	nocompile	m2c	undrawn
rock_56	0x800FA004	func_800FA004	dup:76a9cb359b128ba862dce0213805bba3c624bea2	nocompile	m2c	member-of:rock_47:0x800FA004
rock_56	0x800FA0D8	func_800FA0D8	dup:f60cf236d6f537f0c406200ce7cc66c75d802f93	nocompile	m2c	member-of:rock_46:0x800FA0E8
rock_56	0x800FA1C0	func_800FA1C0	unique	nocompile	m2c	undrawn
rock_56	0x800FA228	func_800FA228	dup:1587638ee3c1cd1200939f78d965f19ffb40b64a	nocompile	m2c	member-of:rock_52:0x800FA218
rock_56	0x800FA280	func_800FA280	family:8339eb380773884b0f84380dbc00848f01bd0dde	nocompile	m2c	member-of:rock_48:0x800FA370
rock_56	0x800FA2C8	func_800FA2C8	family:cc7d79db5e694b998092c358a0e7cbc194b48109	nocompile	m2c	member-of:rock_46:0x800FA2D0
rock_56	0x800FA33C	func_800FA33C	family:7aba8355cb5992d2700083fc614a494ce0636930	nocompile	m2c	member-of:rock_50:0x800FA688
rock_56	0x800FA3A4	func_800FA3A4	unique	nocompile	m2c	undrawn
rock_56	0x800FA428	func_800FA428	unique	nocompile	m2c	undrawn
rock_56	0x800FA480	func_800FA480	dup:cf938899ee3aea09abe90628f08226070f7fe8a9	nocompile	m2c	member-of:rock_00:0x801F3640
rock_56	0x800FA4C4	func_800FA4C4	dup:c3de1e4e3f6ff47d4a3cf0f5730441cf96ec2c17	nocompile	m2c	member-of:rock_49:0x800FA3FC
rock_57	0x800FA004	func_800FA004	family:32fcaaa675118ce27cd472f5050c669577dd390a	nocompile	m2c	member-of:rock_47:0x800FA004
rock_57	0x800FA0D8	func_800FA0D8	dup:f60cf236d6f537f0c406200ce7cc66c75d802f93	nocompile	m2c	member-of:rock_46:0x800FA0E8
rock_57	0x800FA1C0	func_800FA1C0	unique	nocompile	m2c	member-of:rock_56:0x800FA1C0
rock_57	0x800FA228	func_800FA228	family:7aba8355cb5992d2700083fc614a494ce0636930	nocompile	m2c	member-of:rock_50:0x800FA688
rock_57	0x800FA290	func_800FA290	unique	nocompile	m2c	undrawn
rock_57	0x800FA2DC	func_800FA2DC	family:35897ee0953d766c85de49ad7482dc5cb21e9226	nocompile	m2c	member-of:rock_47:0x800FA500
rock_57	0x800FA334	func_800FA334	family:948f4ac63c79dc7abc07a60f6823b69f555a4275	nocompile	m2c	undrawn
rock_57	0x800FA3A8	func_800FA3A8	family:948f4ac63c79dc7abc07a60f6823b69f555a4275	nocompile	m2c	member-of:rock_57:0x800FA334
rock_57	0x800FA41C	func_800FA41C	dup:cf938899ee3aea09abe90628f08226070f7fe8a9	nocompile	m2c	member-of:rock_00:0x801F3640
rock_57	0x800FA460	func_800FA460	dup:c3de1e4e3f6ff47d4a3cf0f5730441cf96ec2c17	nocompile	m2c	member-of:rock_49:0x800FA3FC
rock_58	0x800FA004	func_800FA004	dup:dbd9644222d671e49d12ef1624be9286decd82fa	nocompile	m2c	member-of:rock_47:0x800FA004
rock_58	0x800FA0E8	func_800FA0E8	unique	nocompile	m2c	member-of:rock_46:0x800FA0E8
rock_58	0x800FA1C8	func_800FA1C8	unique	nocompile	m2c	undrawn
rock_58	0x800FA224	func_800FA224	unique	nocompile	m2c	member-of:rock_46:0x800FA9E0
rock_58	0x800FA2B8	func_800FA2B8	unique	nocompile	m2c	undrawn
rock_58	0x800FA328	func_800FA328	unique	nocompile	m2c	undrawn
rock_58	0x800FA384	func_800FA384	dup:dd5293437805476a69432d6507bbacc6e4114e84	nocompile	m2c	member-of:rock_49:0x800FA3A8
rock_58	0x800FA3D8	func_800FA3D8	family:efab0bcdc52472dc55dc33a721c228993c2a5a53	nocompile	m2c	member-of:rock_49:0x800FA3FC
rock_58	0x800FA450	func_800FA450	unique	nocompile	m2c	undrawn
